hamstring_down0.jpg,2831.0454,932.33,-705.1357,2900.151,943.3323,-822.1957,2908.218,954.409,-822.2665,2916.5757,966.08246,-822.61017,2893.9937,935.45776,-694.7743,2896.0874,937.07837,-694.1993,2897.751,938.5883,-694.16113,2944.8586,1037.5906,-1061.831,2924.3547,1009.0806,-478.3104,2811.433,994.54016,-765.7261,2799.8376,980.4836,-594.6047,2711.1423,1232.8301,-1247.204,2737.5088,1107.9321,14.449957,2278.8796,1053.0436,-1170.6589,2355.6868,990.2292,324.8407,2052.3535,794.1399,-971.8636,2121.3162,767.0762,323.73105,1989.3024,753.59937,-1070.4894,2065.2554,716.40906,379.19412,2026.7341,712.41974,-1030.8341,2083.2395,702.9034,267.5615,2052.1428,739.132,-946.3285,2094.8967,735.60284,278.89,1944.9874,1255.0587,-384.63904,2050.7886,1121.7942,383.9426,1390.0936,1281.652,23.674356,2035.3994,829.1536,711.4625,889.0309,1334.0707,463.3349,1646.7013,780.8276,1052.6635,819.1081,1397.1077,491.27158,1555.4872,847.4967,1061.9988,691.9432,1167.6365,178.53038,1545.8333,560.3051,1020.9675
hamstring_down1.jpg,2780.3315,699.20074,-965.08234,2851.5767,705.9853,-1075.078,2862.0383,718.3076,-1074.9719,2872.964,731.1151,-1075.0503,2839.2021,691.8093,-939.77844,2838.6536,689.49304,-939.16644,2837.5479,687.12036,-939.3458,2906.1716,802.36505,-1252.0406,2865.2224,753.105,-629.20105,2769.3762,769.8725,-1004.4657,2750.1914,746.5831,-821.107,2683.2058,1051.2351,-1383.6622,2684.817,852.0735,-152.26527,2194.9932,948.07056,-1296.7932,2277.9692,833.8245,145.37506,1952.9935,698.7524,-1070.3018,2027.496,677.13727,66.99808,1880.6462,655.0907,-1177.5214,1961.4016,648.1957,97.4822,1923.6831,615.1491,-1170.3812,1976.558,625.25775,-24.522839,1955.694,639.37354,-1057.4188,1996.0966,657.0889,13.85896,1959.1138,1200.195,-377.91644,2036.7056,1027.7745,377.2807,1496.046,1272.7509,2.9886339,2031.1658,756.22455,546.49866,1005.1167,1392.0433,534.79553,1627.747,777.3425,1012.5566,940.4796,1455.5273,574.5565,1546.0225,844.48755,1037.6691,801.5518,1251.31,250.40842,1512.3799,598.9685,972.96436
hamstring_down101.jpg,326.6406,307.61444,-43.25551,335.81058,314.53522,-63.728867,336.2734,316.64417,-63.678196,336.75818,318.83914,-63.67935,335.44345,313.76013,-39.03239,335.6038,314.78122,-39.015244,335.67603,315.75153,-38.86479,332.68054,334.48868,-110.522766,332.37433,330.2322,0.7596802,316.64172,316.7641,-56.693634,316.07355,314.6151,-24.742052,275.7606,362.64932,-157.39433,273.27798,340.88193,68.70479,191.80678,324.732,-151.48378,205.22127,315.39316,98.92914,153.5152,267.3961,-70.16979,167.36505,271.21317,68.635826,140.28177,255.04568,-72.81471,155.16293,257.77426,68.10786,148.01332,251.66945,-73.78181,160.43298,260.39584,61.350246,153.29951,256.81744,-68.48128,164.45079,265.581,62.55301,121.846275,359.1929,-67.684975,141.79541,334.70105,67.96339,48.239166,314.56195,-59.14566,160.65628,230.42844,95.18434,-50.407215,329.8531,59.713737,84.98244,221.04243,120.30851,-61.72074,341.41592,71.95174,71.78674,232.23611,120.276276,-86.42729,304.32416,59.230007,63.318867,184.72404,109.2787
hamstring_down102.jpg,241.07391,262.83926,-70.429924,246.43379,265.2562,-83.99444,246.55037,266.42374,-83.970024,246.70676,267.63507,-83.97843,247.44981,264.6785,-63.425034,248.20567,265.2108,-63.34778,248.87384,265.74228,-63.402954,247.43835,275.9045,-119.72456,250.47249,273.897,-26.949041,236.9006,268.63644,-82.24403,237.83617,267.4003,-55.30054,220.94771,292.89322,-151.65813,232.03859,284.90018,32.836483,181.38525,282.92334,-144.31432,200.61475,268.78732,104.90266,169.16833,251.01167,-77.06387,185.07272,244.66064,137.69153,163.1271,243.14098,-74.23292,180.18188,237.52856,154.85895,171.53934,241.24556,-71.52924,181.68703,234.32083,144.01172,174.1141,246.2288,-72.26915,182.1808,236.25908,134.07314,146.25761,293.66043,-51.018513,159.46065,280.8084,51.13452,91.57518,291.63992,-55.744324,166.28128,242.1231,41.875153,41.290417,293.17368,-8.394271,118.77173,244.69353,83.53877,37.670742,297.0092,-4.723046,111.64081,252.04132,85.365105,13.11136,279.3987,-43.237686,100.07935,225.9371,70.43545
hamstring_down103.jpg,237.54074,255.72853,-57.54583,244.01495,256.55368,-72.09369,244.66348,257.6913,-72.04828,245.35526,258.86752,-72.067955,244.37152,255.84589,-52.44272,245.0879,256.25974,-52.374397,245.71158,256.69043,-52.44107,248.57086,267.1966,-110.5475,249.2011,264.58945,-22.368906,235.47261,262.7369,-70.127686,235.36462,261.31885,-44.506973,226.63576,288.68573,-143.78893,237.46086,283.427,37.083725,187.04982,284.2296,-136.68123,220.42885,275.31003,130.82805,168.46683,255.01279,-50.537415,218.80122,253.92993,207.42924,161.8589,248.6695,-44.412743,217.93015,248.67456,228.75446,167.99777,244.19153,-36.57086,218.44745,246.04607,222.18382,170.90652,248.39261,-43.404564,217.56468,248.23503,206.53754,151.16261,305.43854,-50.951885,160.96788,292.6764,50.886227,97.67628,309.71323,-45.245003,158.7696,246.1871,40.28159,46.111427,319.2997,1.4838284,113.6307,258.19772,75.340454,43.25849,324.5723,5.726038,108.26272,267.1316,77.118866,13.6133795,309.26575,-28.15357,91.198395,243.24727,66.811806
hamstring_down104.jpg,242.1057,273.33926,-49.417244,246.815,277.09024,-64.72605,246.50992,278.15353,-64.719666,246.23471,279.27145,-64.697815,248.05006,277.02908,-43.58846,248.71841,277.7879,-43.54874,249.29573,278.54166,-43.612076,244.47331,287.44986,-103.875206,248.81015,286.9947,-8.838022,236.23082,277.28665,-62.403316,237.86931,276.67654,-34.927845,214.41457,297.2976,-134.47627,226.0827,294.3185,44.56166,177.16544,273.0105,-123.58807,199.5631,266.55048,80.131294,176.38365,239.85356,-57.727093,190.51697,237.9632,66.86112,174.94171,231.40416,-60.23775,188.19742,229.2862,69.6456,182.80156,230.69019,-58.463852,189.5341,229.26558,61.7877,182.84679,235.40271,-54.404408,189.67772,232.09204,62.86922,140.73253,277.50406,-53.294735,155.56215,271.31995,53.47094,94.30721,260.5974,-49.73749,177.81042,230.7196,17.52392,41.5867,245.94887,-1.0545937,128.10625,222.10316,40.63965,34.942356,248.70978,2.8262892,119.18274,228.1312,41.13149,22.092329,222.56435,-39.336113,115.975334,197.42393,15.232241
hamstring_down105.jpg,159.63887,261.05484,-156.8904,154.24173,264.09082,-153.63913,154.11807,264.30582,-153.59753,153.98177,264.41656,-153.63737,154.66945,265.4719,-167.20474,154.66342,266.8382,-167.20412,154.71762,268.19983,-167.24954,155.80359,271.7851,-115.9385,156.7241,276.84378,-175.61691,165.0019,264.2371,-139.33035,165.41035,266.17194,-156.71492,175.78311,279.622,-40.290817,188.02846,292.45084,-180.27325,203.50818,270.8705,39.403828,232.05566,284.59973,-169.73871,211.23508,246.5703,63.217316,239.69873,248.7132,-123.42466,214.37659,240.50801,69.02007,243.80595,238.90942,-133.06104,213.26498,237.13269,55.56764,236.93213,237.9353,-138.34096,213.6148,240.41656,56.77882,235.49843,242.15236,-123.65662,235.97452,280.04416,37.769,251.10516,292.68903,-37.760014,227.37639,229.78127,-86.19453,306.80093,285.8106,-53.389458,280.21225,241.19998,-2.3023365,358.1592,286.85956,4.9906397,287.29977,249.76022,5.9757886,365.1671,291.76935,8.93355,301.44406,222.51704,-22.076506,379.34464,269.41327,-45.18392
hamstring_down106.jpg,240.06058,261.08817,-71.750175,245.42548,263.4841,-85.64061,245.53336,264.70013,-85.59572,245.68631,265.97668,-85.59298,246.6824,262.99692,-64.74054,247.51779,263.609,-64.63951,248.27481,264.22342,-64.67661,246.42233,274.92612,-123.70194,250.07182,273.027,-30.617958,235.69286,267.50766,-83.999756,236.78555,266.45157,-56.98988,218.98985,296.39197,-159.55133,233.63788,284.22635,33.966995,182.39998,284.4862,-172.80028,211.47252,266.92825,128.13316,171.997,246.31035,-150.56586,202.56296,243.68367,181.31494,165.28813,238.44925,-159.38882,198.74232,237.20175,198.86722,172.31874,233.63626,-151.87,199.86555,236.24068,183.3377,175.05588,238.15651,-145.19745,200.2365,237.99573,176.4983,149.35132,299.23083,-48.880184,161.379,283.45352,48.921787,93.89792,294.43683,-50.41062,162.09077,238.47743,-0.044574004,42.785225,292.39618,9.650671,111.12695,243.55295,57.249187,39.042,296.407,15.091241,104.36066,252.20163,60.917053,13.215934,276.65826,-22.560091,89.837,226.27385,40.87491
hamstring_down107.jpg,190.28767,212.01897,-37.15963,195.7663,214.342,-51.457203,195.8733,215.33966,-51.442364,196.00763,216.38763,-51.430954,196.98972,214.49977,-30.599646,197.86661,215.30208,-30.536129,198.66063,216.09203,-30.548615,197.0599,224.69913,-93.270164,200.8206,224.2723,0.51241297,186.19072,217.22899,-51.070698,187.47015,216.7415,-23.998974,173.4927,243.06015,-129.11597,181.68887,234.94087,53.62305,134.02797,228.73642,-126.96937,153.9545,220.9103,136.66788,122.211716,198.01321,-46.715546,140.26749,196.11084,194.30301,116.7494,190.17361,-40.3903,135.75806,189.09218,211.85963,124.36131,188.70224,-38.18672,137.89165,187.50734,206.40874,126.376755,192.7012,-42.139637,138.80412,189.47908,192.999,96.81145,245.08376,-51.675148,106.97631,231.1067,51.846355,40.260803,240.07114,-61.500755,105.542786,183.32077,61.817,-19.099209,243.52158,-31.039776,60.828747,197.34431,80.55827,-25.89354,248.92857,-28.459368,54.56955,205.88887,80.96221,-41.10631,226.02975,-60.57213,44.804607,180.4991,69.92227
hamstring_down11.jpg,94.995575,459.61322,-228.54874,71.36012,451.25946,-184.94048,70.94069,441.992,-185.09953,70.40589,432.46518,-185.4803,72.23395,478.29572,-211.74391,72.25533,489.2297,-211.88362,72.36221,500.12946,-212.24863,85.57357,427.9965,20.570333,89.18528,519.20325,-82.83777,124.71873,443.47516,-149.45685,126.38552,480.88586,-180.14798,245.74434,392.61896,199.1227,228.10272,579.8689,-169.02112,417.3916,366.00787,231.66309,409.13193,575.81244,-263.4262,435.00598,343.15417,64.32525,444.67896,398.9543,-196.56406,453.2534,334.4383,26.949768,464.51233,355.73373,-203.59113,425.92563,340.55762,23.806736,437.40677,347.66556,-194.6723,421.06235,348.57227,49.07572,434.63837,361.89417,-185.54437,566.7849,394.02063,100.23533,599.83765,524.5464,-100.284584,536.0246,215.44917,-410.77997,916.6802,520.3774,-130.05327,855.2619,214.75525,-301.61676,1187.3533,558.371,10.711294,894.1,247.19568,-286.83228,1211.8386,574.0376,20.440533,974.48535,119.61063,-413.52335,1317.0214,516.4598,-190.99127
hamstring_down110.jpg,238.2045,296.19016,-42.442947,242.36082,299.80017,-54.40148,242.18513,300.7209,-54.396088,241.99773,301.72058,-54.481018,243.02934,300.13684,-36.686066,243.29448,300.88242,-36.665333,243.50734,301.64914,-36.672535,238.53053,310.11145,-91.16644,240.80049,310.02798,-10.505057,231.87122,300.2766,-54.545574,232.51324,299.91296,-31.291046,202.43097,319.78012,-121.78809,221.27661,319.71494,36.074543,161.58344,299.47278,-137.8985,207.53146,302.3894,70.39909,155.84756,259.0302,-132.08887,213.40726,279.97067,63.37551,152.29353,249.62607,-153.70963,216.27365,276.22964,64.109695,159.0575,247.4944,-147.7513,219.03397,273.02707,48.723576,160.2403,251.17325,-130.11931,216.17258,274.38464,55.65719,135.67845,298.59525,-51.824837,143.4015,300.37375,52.00686,155.1114,243.96884,-37.990498,101.2866,274.74316,89.74336,114.55037,251.08551,49.609257,52.56602,266.4227,156.52618,109.99948,258.63232,60.931675,45.350906,270.86124,162.77887,92.19818,231.42113,66.90448,32.661575,245.42902,138.63518
hamstring_down111.jpg,141.46075,281.94592,-142.82578,135.39934,284.31305,-137.7532,135.13919,284.2884,-137.72995,134.86978,284.15442,-137.72368,136.09761,286.04034,-150.70747,136.16449,287.48956,-150.70776,136.27573,288.9252,-150.74152,136.30127,290.61035,-98.23048,138.30426,296.70526,-154.12703,146.48016,284.29092,-125.60713,147.11337,287.07248,-141.8601,160.29347,299.23166,-27.613495,173.50491,312.35303,-170.24426,201.02614,297.3148,52.453545,224.55429,311.12784,-166.40494,213.78995,271.21255,78.048996,235.6377,275.99387,-123.72977,216.54953,263.53897,87.72922,241.18684,265.99136,-133.45001,216.37607,258.92926,70.07441,233.86967,264.74716,-132.8146,216.9289,262.76062,71.363396,232.20593,269.04858,-121.25745,229.9891,300.83905,35.883972,244.62009,312.6736,-35.797787,221.4017,252.45107,-7.002318,283.36838,293.71405,-7.1135283,264.99915,268.2849,71.633896,316.46716,307.79526,93.99358,269.60193,276.03165,80.87562,318.85376,314.33224,104.19818,286.62976,255.12805,75.738266,338.68646,294.81738,80.53346
hamstring_down112.jpg,240.59167,283.3933,-100.030304,246.76932,286.04633,-116.76084,246.84985,287.01678,-116.77463,246.94794,288.07944,-116.80817,247.59222,286.42752,-95.89143,248.18848,287.08032,-95.84098,248.70697,287.72556,-95.78682,247.0134,296.90317,-155.10538,249.52748,296.99518,-61.32018,235.52448,288.65176,-111.79805,236.45422,288.4156,-84.599106,214.5008,323.7802,-183.27216,226.0301,303.67773,0.5852282,161.13834,314.09265,-188.26984,181.89107,291.74945,30.39793,145.21489,277.62225,-161.21458,162.34642,264.76636,-0.6932361,138.33363,269.87903,-175.23473,157.62343,257.3847,6.5257607,144.84242,266.50705,-176.96149,159.71437,252.32594,-11.75437,148.12328,269.81262,-160.39867,159.93811,255.7653,-8.878073,138.79584,319.67175,-52.512894,150.57275,305.06693,52.91417,118.68904,306.02905,-39.718098,149.73637,254.80731,71.21282,71.787,308.9012,82.91902,105.066605,268.2468,127.15166,66.76675,314.71054,96.721985,99.958626,277.28314,133.22852,48.905903,288.60776,87.83124,85.27634,250.934,121.99429
hamstring_down115.jpg,246.35399,308.55133,-49.719524,241.649,313.95526,-43.212795,241.88359,314.56982,-43.232155,242.07582,315.1083,-43.291702,241.6108,314.16034,-64.58126,241.72348,315.37433,-64.60334,241.85257,316.5671,-64.62554,246.9237,320.5542,-3.210563,246.83998,322.6906,-95.896065,253.6562,308.99664,-32.51617,253.704,310.31766,-59.486153,286.23593,312.82993,67.816055,282.23898,320.61346,-150.85002,324.09747,290.82465,102.1677,327.11548,295.1406,-164.86363,351.62546,266.17786,65.20153,356.14948,262.49228,-115.92834,360.1353,259.8532,62.3722,363.72308,256.1766,-124.744156,358.655,260.62787,50.420795,359.2958,254.20937,-123.15505,356.2215,263.04013,57.078827,358.0684,256.76245,-113.09897,369.28723,290.8867,64.400955,377.30212,301.77228,-64.047615,359.32245,236.16515,115.65166,441.5376,283.49533,-45.189625,418.77875,240.69301,176.2343,505.79248,281.02805,32.698,427.1241,249.1238,181.1624,516.1127,288.22717,39.53013,435.63715,221.30376,171.66608,518.5978,252.50922,-10.239436
hamstring_down118.jpg,228.4781,296.04596,-45.027508,223.32327,300.52386,-37.927803,223.52692,301.32816,-37.930668,223.70393,302.0451,-37.96618,223.16843,300.25024,-59.295994,223.05937,301.3058,-59.316883,222.9697,302.3491,-59.34782,227.82063,308.4614,0.68998057,226.98386,308.98642,-91.983475,235.68102,298.12238,-28.573812,235.3272,298.97314,-55.542698,268.2563,308.76062,70.83549,262.85596,313.51318,-148.27408,308.4365,292.42883,102.36252,310.27554,297.00565,-164.26343,336.64294,270.74847,66.77171,343.15192,269.50723,-118.14247,344.69138,265.35706,64.45569,351.44156,264.62424,-129.0447,343.00198,265.9421,52.18876,347.568,261.4181,-126.18003,340.50308,268.25803,58.565235,345.8853,263.6144,-115.19289,353.18048,302.35992,64.408585,357.945,312.46405,-64.013626,360.97876,248.09264,112.858574,417.2682,294.38608,-46.66825,420.97552,261.55026,169.7855,479.58362,312.66452,40.12632,427.8326,270.7601,173.42598,486.70917,322.59845,48.122322,441.08865,246.83745,159.78029,500.1958,292.56744,9.062233
hamstring_down119.jpg,177.79735,247.19347,8.634808,172.88885,251.5606,17.47855,172.83273,252.48216,17.5153,172.76163,253.3341,17.546806,173.22488,251.27519,-2.9971147,173.18716,252.15236,-2.958954,173.18071,253.01079,-3.0030053,176.29805,259.1652,57.654,176.8626,258.86328,-33.2993,184.79468,248.765,25.867289,184.8688,248.83307,-0.2557263,218.32765,262.4781,138.97621,211.10622,261.16724,-96.91313,261.2495,247.04924,178.47118,257.39764,243.2858,-125.35762,292.30127,232.39517,146.49504,291.32562,217.31747,-86.715195,298.4677,229.45792,148.18,300.6288,214.30219,-95.06991,298.6999,227.4211,134.16316,298.7867,210.62563,-93.6496,296.00494,228.42653,137.5337,296.2485,212.56157,-84.10366,309.31784,258.54953,73.26888,301.50452,258.72894,-73.07042,382.35715,250.56,78.89111,291.51843,195.9235,-130.03502,451.53543,263.62424,124.40442,357.53342,221.60783,-31.875124,462.10153,272.67093,126.663216,364.78275,232.87854,-21.463528,469.84448,241.48492,93.21182,383.99414,207.84615,-24.743563
hamstring_down12.jpg,161.22575,480.96942,-236.83583,134.20909,477.28845,-199.46132,132.59033,468.37357,-199.58038,130.84496,459.21558,-199.82816,137.8094,502.33984,-223.56421,138.71472,512.93115,-223.63147,139.6459,523.5067,-223.95084,140.8549,455.20892,-8.874648,153.33626,539.8151,-104.76779,184.51822,462.61743,-162.81157,189.59572,498.91235,-191.03734,282.5065,418.2798,179.49574,280.63196,588.54004,-203.95255,464.43158,399.90817,197.75525,493.88983,537.0302,-248.75142,568.4871,349.21127,53.921814,607.3072,369.09366,-196.77516,605.7584,323.81317,31.675358,655.38074,337.72852,-225.84894,598.11096,321.86807,-10.354613,631.90845,309.2385,-228.85242,587.4339,338.0902,25.854435,618.2919,321.6558,-192.21469,588.46436,425.1241,104.78529,615.81305,539.6446,-104.39171,549.43134,212.57011,-222.30501,772.6536,456.72958,-298.36978,874.7863,267.36053,-205.20096,1049.2273,547.5882,-100.38928,908.8517,305.21872,-203.21944,1067.5471,571.4673,-83.68874,1001.2655,200.3474,-331.4631,1191.8564,521.3392,-231.60417
hamstring_down120.jpg,201.88266,196.56136,-43.428432,196.75974,200.78346,-36.617325,196.94675,201.41734,-36.61812,197.09023,201.98073,-36.691326,196.51846,200.90817,-57.879368,196.34148,202.00352,-57.88016,196.19746,203.08957,-57.88691,201.07051,207.71407,3.0705042,200.13864,209.60742,-88.96232,209.13664,198.18712,-25.868765,208.76028,199.36827,-52.488888,240.17464,207.29161,76.47688,233.9788,214.10274,-149.26064,281.2954,198.57945,138.49948,282.32645,197.93803,-161.8421,299.65036,173.06348,139.69766,312.4274,168.94331,-94.161865,306.4449,167.51865,142.21452,321.4403,163.45445,-98.99627,302.68628,167.15694,130.17299,315.5929,160.3194,-97.83198,300.62997,168.75943,132.39867,313.58563,162.95895,-90.36079,324.52155,197.495,62.365902,331.2692,209.79984,-62.082447,320.6228,142.13892,71.07231,403.27682,209.06546,-54.00725,379.51688,158.38297,136.7976,470.51813,213.33409,4.612756,385.05615,167.60783,143.16844,480.36563,220.31833,10.36984,404.19342,145.28857,134.54686,491.25092,190.48744,-34.535572
hamstring_down121.jpg,209.01279,211.52472,-36.267704,204.36273,217.10518,-29.593056,204.601,217.88454,-29.600151,204.78798,218.59532,-29.669737,204.30229,217.0763,-51.24398,204.35254,218.2985,-51.244194,204.432,219.50569,-51.233856,209.51547,224.11456,9.193363,209.14442,225.71877,-84.57835,216.13396,212.1582,-19.527386,216.04272,213.19214,-46.781334,247.13365,216.1179,75.15103,241.64236,223.69157,-145.0875,286.542,199.74661,112.23686,284.57593,199.81786,-161.13094,311.3907,172.57207,76.492195,313.39938,168.3403,-103.17935,319.6131,165.97379,73.41426,320.93655,161.56119,-108.820015,317.34045,167.22424,63.516033,315.91928,159.92097,-109.55152,315.05127,169.33568,69.83968,315.10965,162.70836,-100.589294,327.14917,192.58078,64.77674,335.4625,203.65508,-64.45368,309.70117,136.8969,112.389915,405.1865,191.32141,-63.556896,373.03183,142.61766,166.02905,470.7382,185.30287,-10.702,380.7128,150.84439,170.44821,480.6058,190.68959,-6.4972086,395.65375,124.94564,165.23425,485.85016,157.77335,-59.98785
hamstring_down122.jpg,195.55792,169.62901,-31.172655,189.59146,172.14462,-25.206148,189.69037,172.63847,-25.206926,189.77466,173.0501,-25.274738,189.09668,172.61122,-44.972298,188.58363,173.77498,-44.96563,188.09546,174.92824,-44.965347,191.99007,179.70897,12.229777,189.92212,182.60736,-74.04576,202.08836,172.97148,-14.541686,201.13368,174.41835,-39.73096,228.83327,190.43512,75.47386,220.70587,195.27927,-128.43979,271.53702,187.75525,111.974266,270.9316,189.90735,-142.3622,303.44574,176.02405,78.92448,309.30493,172.42834,-92.386475,313.54196,173.85474,76.650375,319.00397,170.34253,-97.926384,310.93765,174.13852,66.082245,315.69897,165.96933,-96.82822,307.83896,175.1804,72.05322,313.58423,167.77695,-89.138275,312.4059,202.83752,60.38352,314.4106,215.8374,-60.033825,329.4081,149.28198,105.528564,382.8919,235.2213,-58.076183,380.9916,177.57104,162.33496,445.1207,258.0374,-14.678821,384.80307,188.0548,167.02962,451.93106,267.4224,-11.424077,405.9414,167.46852,163.18535,470.90552,239.1858,-59.069378
hamstring_down123.jpg,392.97375,195.47942,-53.389267,398.09857,200.43546,-69.776535,398.1078,201.43462,-69.76957,398.1527,202.54414,-69.77722,398.70316,201.36237,-48.365154,399.079,202.69249,-48.312252,399.41006,203.98277,-48.261417,394.79382,211.26715,-110.74538,396.94144,213.38034,-14.7060795,385.72946,199.53839,-66.1393,386.19327,199.6049,-38.08245,359.1662,221.17708,-159.75793,359.12018,208.94466,62.905235,317.81808,205.94804,-161.31429,319.4821,200.22119,114.3868,287.65436,172.6996,-115.25387,309.84717,176.72575,104.77173,277.36963,169.67793,-120.702866,306.42172,171.90767,112.49508,278.72308,162.59981,-116.51458,309.4908,169.03018,99.22062,283.32086,165.45663,-110.54762,310.60004,170.625,97.92891,268.41983,213.83044,-58.385666,274.5078,197.24324,58.270382,204.847,216.22414,-61.250645,286.9262,156.9259,132.30872,131.80502,220.08798,-26.404224,217.58347,158.87749,184.92021,123.42068,225.85349,-24.470467,206.93605,166.7682,186.42691,107.671165,200.06155,-66.752365,197.46703,142.69247,182.12231
hamstring_down125.jpg,152.08908,146.22093,-29.362978,146.42589,150.598,-23.065573,146.5971,151.2316,-23.057026,146.7279,151.793,-23.15716,146.16214,150.76285,-44.126884,145.99677,152.02155,-44.127373,145.8575,153.2598,-44.117954,150.87941,157.88481,14.006853,149.8391,160.27959,-78.315475,159.44463,147.77065,-12.889324,159.06569,149.32684,-39.623917,190.6659,159.37628,78.874405,182.00919,163.6093,-134.75537,231.93935,144.32942,127.6148,229.10085,143.74962,-154.478,258.0438,123.58551,123.819695,262.9471,115.72635,-117.1183,266.67044,119.39597,128.64276,271.96344,110.91313,-126.168755,263.94635,120.5637,118.601845,267.0977,107.33587,-123.26911,261.24808,121.525536,118.50064,265.7794,109.41596,-113.98784,273.7466,148.97289,63.546688,278.48837,158.20993,-63.25836,260.6036,98.12636,112.795555,351.91333,156.95853,-55.954575,316.19128,111.9617,170.5327,422.89316,163.03465,-14.214086,321.73706,120.76482,176.31943,433.04163,170.02611,-10.515358,338.03162,98.55944,173.96196,444.81543,140.41684,-58.148834
hamstring_down13.jpg,182.26654,573.0708,-308.8181,158.3008,576.482,-269.86243,155.85185,568.82294,-269.9556,153.24422,560.9232,-270.18033,164.99174,599.31036,-302.1604,167.41551,609.5254,-302.2325,169.83914,619.69055,-302.49933,165.35413,559.62933,-71.00975,187.69275,637.0182,-203.05823,203.58003,554.2369,-231.70569,213.16171,587.155,-270.45355,303.65698,511.47366,149.23189,321.14105,657.78613,-318.98007,480.14124,469.7387,214.60686,527.0796,584.4917,-363.5716,569.40326,391.10593,98.97564,610.1027,395.17603,-267.45346,598.6956,363.4963,83.684395,646.05286,353.69617,-295.91595,587.50323,360.3239,45.272396,616.43353,332.3347,-291.97992,579.8798,376.2032,73.17103,607.29144,348.33047,-259.33514,604.41943,467.9593,127.274704,651.92255,566.1619,-126.79734,529.987,247.70232,-219.14441,875.05273,456.83594,-222.94765,849.29663,242.89594,-188.5683,1185.6721,496.61026,-85.203514,889.74805,273.4176,-185.15248,1217.1194,520.86053,-74.50305,945.9054,155.22751,-291.93564,1307.8237,432.78296,-234.62045
hamstring_down15.jpg,1290.0508,474.63223,-294.0746,1312.085,497.76312,-290.25272,1311.8181,508.7788,-290.38037,1311.7544,520.0384,-290.4255,1314.6132,473.24622,-251.50891,1316.6764,465.52243,-251.33134,1318.5184,457.61685,-251.14256,1299.1534,543.9201,-177.04367,1311.5038,462.87277,0.63233453,1263.3837,497.0275,-249.19771,1267.5168,463.4784,-196.70016,1178.221,571.2453,-305.02917,1170.9349,453.11957,307.27603,964.3186,522.8799,-335.29956,965.4139,446.6505,415.8821,841.9529,380.15228,-219.64922,920.26917,363.10098,250.06561,800.42993,362.97903,-229.8487,898.6593,342.29312,249.01988,822.8122,336.5816,-232.25229,914.8359,325.21597,180.79703,838.3479,349.17236,-211.55394,916.6176,339.0459,214.51959,814.1777,542.6281,-176.37735,845.1118,444.3973,175.86736,535.81384,562.24304,-292.82858,914.7721,276.70853,-107.11007,236.74457,587.6421,-141.7272,589.6281,277.90576,-4.3384147,206.98978,599.58624,-122.366356,533.6427,308.66916,1.04219,90.1968,545.99994,-273.25314,485.33276,196.27492,-67.513565
hamstring_down18.jpg,174.7897,492.20248,-126.723495,152.21593,495.3966,-81.07976,150.75153,487.43997,-80.97205,149.23654,479.23727,-80.715065,155.7873,521.63513,-116.32826,156.87894,532.9122,-116.06925,158.0588,544.0088,-116.31878,160.7517,480.6787,131.02985,173.74107,564.2897,-9.875797,199.0938,474.60165,-44.343323,203.70938,508.7002,-84.79236,322.93024,454.14584,302.57678,285.4159,581.66736,-99.92691,490.4338,432.65347,341.5268,463.35532,620.37805,-222.5772,592.3768,412.49878,182.85301,561.1569,622.9259,-291.96765,622.8714,402.3967,144.5067,593.35864,641.44476,-318.32465,612.62494,406.07712,99.183266,596.77716,633.1281,-346.78387,599.1096,413.906,149.74338,587.6686,624.81824,-305.47644,662.8523,502.83792,159.92833,620.7379,553.03687,-159.62134,936.6331,478.5439,105.6914,601.7091,280.90912,-185.4272,1218.4374,545.1068,163.94585,883.23926,267.71313,-116.41585,1260.7662,587.63336,160.2229,932.8773,304.60037,-108.71121,1303.323,464.5843,29.817942,964.7427,159.92169,-136.80254
hamstring_down19.jpg,204.50404,587.6351,-130.22614,180.56929,595.0274,-85.93369,176.91112,587.0995,-85.867546,173.15416,578.9519,-85.576675,190.19034,620.5961,-115.65896,193.5167,631.68976,-115.314064,196.88765,642.61414,-115.42559,181.17839,576.6527,122.54,214.27058,658.3599,3.260268,222.84715,563.9232,-49.98386,235.55089,598.10333,-84.39713,336.91473,519.8379,288.9506,325.53528,657.2835,-81.98707,515.60754,473.24915,314.8888,519.3579,668.8651,-200.24803,642.8525,435.70126,171.45154,619.60785,652.8192,-273.1872,679.57587,418.4536,131.07156,656.99786,666.7109,-306.0224,673.58887,427.01053,86.91596,655.6611,650.6759,-329.74213,660.4005,437.86206,140.81163,643.9058,643.8444,-284.98,688.65015,518.2908,152.06296,656.28705,582.847,-151.58229,914.0806,429.43176,83.94438,550.55554,316.02493,-203.27058,1226.1721,447.7921,183.68654,853.2601,249.73347,-153.64268,1277.624,483.71344,182.64697,912.8075,278.57703,-149.81311,1307.673,353.62274,44.504906,921.45715,116.27076,-194.55214
hamstring_down2.jpg,2871.4324,1287.9451,-867.9108,2930.0166,1317.704,-972.8506,2933.6963,1332.0254,-972.7917,2937.52,1346.9722,-973.047,2927.3848,1302.598,-843.382,2928.9873,1302.0679,-842.8114,2930.2102,1301.3389,-843.077,2937.527,1423.2859,-1161.0327,2928.295,1373.8447,-566.14813,2832.1396,1347.1077,-912.64514,2826.3486,1322.186,-737.0116,2641.6116,1557.3082,-1324.0243,2723.9377,1426.056,-93.08166,2260.5352,1258.6039,-1230.3348,2378.0032,1212.5465,198.61679,2116.2158,939.317,-988.8999,2199.774,935.01483,181.28493,2061.455,870.2221,-1083.7988,2151.6504,865.3254,249.40941,2115.646,852.406,-1066.462,2167.2637,850.44183,124.713394,2135.616,891.0548,-973.0777,2168.2197,890.70703,131.3034,1923.8927,1386.1146,-382.29724,2058.8013,1278.6534,381.37592,1445.242,1284.4279,29.592045,2175.4045,944.2039,454.03152,951.3489,1163.8234,573.65936,1692.1462,854.4862,885.17706,863.9563,1191.7897,618.0394,1575.1519,903.3783,909.75586,824.1488,955.7747,286.50882,1630.0114,625.61206,859.3657
hamstring_down20.jpg,164.96284,339.72995,-141.35654,141.55797,335.64014,-103.23821,142.40404,327.33707,-103.129425,143.25076,318.784,-102.81321,138.13983,361.5909,-131.6569,136.20276,372.85226,-131.47763,134.42827,383.93192,-131.69305,155.41168,322.61612,85.43657,146.0056,407.00134,-27.11603,194.19313,329.19458,-68.87676,189.47525,364.36005,-101.47935,322.15707,342.38208,225.73228,252.59778,455.52005,-95.31681,480.89578,365.37286,267.39774,402.29297,539.4162,-181.15802,560.35345,366.60193,167.70332,498.46332,563.00116,-224.11269,585.57996,362.82156,127.07659,526.0828,588.5745,-247.95712,573.39905,364.28098,96.85714,531.8733,575.3989,-281.117,561.4116,367.73715,142.22357,524.54376,565.41296,-239.09908,631.2435,488.60153,132.50684,580.26434,524.0732,-132.20953,876.625,544.0594,60.40696,633.23474,260.10156,-166.25482,1138.5143,688.54114,91.80163,919.3902,328.47986,-119.527596,1167.4728,738.67395,85.336395,954.46375,375.89197,-113.7762,1242.108,646.3622,-51.11575,1036.1865,249.8388,-140.92047
hamstring_down24.jpg,1200.2052,416.19522,-173.1934,1219.7943,433.33258,-207.10063,1221.4164,438.8888,-207.03561,1223.1925,444.6839,-207.09186,1217.4706,427.87833,-140.00104,1217.0594,428.72995,-139.85649,1216.4146,429.57025,-139.63728,1212.1882,476.912,-279.37006,1205.3545,459.6713,27.039618,1177.8566,437.29938,-193.21667,1173.9926,428.57034,-104.65365,1091.9224,528.35925,-438.5653,1056.4259,472.02792,268.32117,911.8223,474.5643,-472.49542,873.62836,439.68222,364.08682,756.2716,364.19513,-355.87903,759.75214,358.40448,316.4789,709.10046,351.5182,-390.00006,722.0318,338.6159,360.13016,712.12573,328.97443,-370.2662,728.34814,328.3403,306.95877,728.10284,338.31824,-340.9653,741.1318,336.097,293.4826,758.827,538.3074,-209.13565,780.291,474.5539,209.55396,576.6443,428.30258,-262.22714,803.5633,231.4264,135.31732,401.32358,540.6158,146.34319,592.40497,217.41544,310.52078,391.58218,578.4708,189.90729,557.8124,245.71426,321.17017,291.36606,505.4273,161.74702,522.86743,153.36263,281.5927
hamstring_down25.jpg,1187.5834,333.7879,-137.12006,1208.2405,349.0334,-172.10234,1209.9274,354.15802,-172.0503,1211.8215,359.49368,-172.2024,1207.645,344.26083,-116.96868,1208.5231,345.52167,-116.91466,1209.225,346.71008,-116.589455,1206.3932,393.6497,-235.48654,1205.7009,377.65424,10.895939,1167.9958,357.27426,-153.28079,1165.9694,349.9261,-82.64412,1093.7585,463.28558,-378.27682,1058.6963,405.50092,211.42899,908.6955,441.03772,-362.0218,882.16394,410.8898,280.05762,741.5339,352.12463,-209.60072,749.376,344.95746,252.37575,696.8451,348.82864,-221.19524,710.0751,330.94968,278.4751,695.0706,327.058,-212.93173,713.08966,325.94986,240.79402,712.80835,331.67093,-198.77733,727.4137,332.25146,234.49811,770.82764,528.3057,-171.3712,784.70306,457.36304,171.70177,568.413,433.2478,-251.00052,760.8085,204.57265,146.54744,415.88513,594.2517,14.077952,551.2921,237.42892,242.2183,420.41776,638.88043,45.494213,526.86835,272.1167,244.73325,294.99503,580.95825,35.06034,466.34775,195.39522,225.0333
hamstring_down26.jpg,1190.332,549.4528,-117.32225,1203.453,572.07623,-149.78577,1203.1947,577.9726,-149.74507,1203.0193,584.1386,-149.9007,1204.397,566.3724,-94.63139,1204.549,567.47107,-94.533424,1204.536,568.4323,-94.262886,1184.2225,613.11176,-208.52461,1188.2823,595.53253,40.023018,1163.3511,564.95886,-131.67319,1163.7401,555.53424,-60.17242,1053.602,627.45795,-353.68204,1043.7192,556.87683,241.27022,894.30554,519.4697,-341.6715,875.0849,485.06555,320.12726,780.2885,371.23712,-200.08528,784.99023,372.06723,304.1712,739.37946,348.54138,-205.76375,753.44794,343.11987,343.02237,748.2923,329.71704,-193.80553,759.6672,336.73804,302.39038,762.9589,342.0523,-186.21114,770.0016,349.70078,286.9672,729.5355,545.79205,-170.32135,770.72644,483.94705,170.47119,580.34174,377.78552,-237.9008,866.43884,257.44153,84.743065,379.4361,449.71237,84.45062,664.56714,183.98149,206.9868,364.88956,489.18494,121.47039,626.3396,202.18263,211.52847,270.78882,387.71207,108.94722,602.4136,109.923225,178.60522
hamstring_down27.jpg,230.26451,410.72745,-192.2264,214.52913,425.18713,-148.30182,215.2172,425.61154,-148.19284,215.81728,425.66318,-148.22137,214.28494,431.66058,-227.29483,213.87617,437.8712,-227.40004,213.55328,444.05603,-227.54198,231.60103,452.8262,53.67212,229.87347,476.56927,-294.75314,257.94284,417.47043,-112.146454,256.85748,429.86484,-214.13197,378.54758,462.3813,320.5733,362.69147,521.5989,-470.24884,549.83575,418.91455,448.3732,548.5467,471.0945,-513.67755,683.388,353.69696,342.9174,694.52466,375.071,-413.7555,723.75946,335.46866,353.492,739.7318,364.0463,-455.17984,722.5017,335.65173,298.9032,727.4378,339.43155,-445.69592,710.42114,344.92538,312.5259,715.444,346.5441,-402.6672,661.648,455.92072,229.95857,692.97253,516.9346,-229.0333,646.0551,228.96588,136.10468,897.12225,356.46844,-312.68915,856.2278,209.97276,339.36084,1021.9144,504.69052,85.49765,899.34814,235.42593,352.91226,1020.35254,539.4766,128.86009,918.0354,104.33986,297.50916,1141.3164,500.796,76.6758
hamstring_down28.jpg,1194.9353,415.38284,-164.86084,1215.1584,432.99323,-202.80109,1216.6306,438.5677,-202.71898,1218.2545,444.4131,-202.76678,1213.6372,427.61993,-135.44702,1213.665,428.3732,-135.32498,1213.4307,429.1108,-135.04922,1209.2185,476.85837,-277.50775,1205.0277,458.94464,26.862274,1173.2351,435.75974,-185.31888,1170.5494,427.16092,-97.29313,1091.2305,530.3115,-428.85123,1061.4788,469.59064,268.9231,908.70264,475.22156,-449.1329,876.5689,446.43942,362.4828,753.47296,368.8094,-329.2989,760.90186,371.29465,315.172,706.72107,357.37137,-362.78015,723.45685,352.773,357.1639,710.93677,333.82547,-347.06442,730.50977,342.08154,307.6794,726.37573,342.9422,-315.76956,742.3434,348.89377,293.7632,755.3966,532.11536,-203.40935,780.1434,468.68018,203.85593,594.3542,411.53384,-253.40028,811.1669,232.62361,107.476654,421.85483,518.7478,160.28099,598.3773,210.66818,269.5322,410.7444,556.5122,204.81068,561.1279,236.49129,280.66373,316.50397,477.9864,186.51204,533.8887,142.89122,243.1098
hamstring_down29.jpg,1153.5568,368.4748,-178.75539,1171.2799,386.5915,-214.54298,1172.2457,392.06717,-214.52922,1173.3625,397.79065,-214.63635,1170.035,381.22284,-148.70586,1169.8724,382.18167,-148.56516,1169.4795,383.1015,-148.23836,1160.8317,428.9095,-284.6328,1157.7054,411.75104,13.142712,1129.7625,387.09488,-197.55205,1127.5476,378.96805,-111.74574,1040.761,477.9532,-447.21075,1009.95416,420.1271,259.42465,864.45886,424.88776,-469.74393,830.77814,388.3705,332.1203,708.8451,315.03793,-349.3593,718.2175,300.50552,264.26965,662.10486,303.36765,-386.35367,682.3943,278.4295,302.5787,664.69666,278.84277,-373.90607,687.35675,269.76382,248.91454,679.28345,287.8607,-337.71402,699.1898,278.89465,240.27696,703.5819,484.9269,-206.7772,727.535,420.94238,207.34175,521.9972,368.39517,-247.5427,753.6415,175.14406,187.90193,346.54883,482.16956,139.0944,542.7439,160.45036,304.30466,336.7579,520.03986,180.62259,506.55444,188.87727,309.26242,238.98495,443.03076,159.70235,478.7189,88.9089,281.30908
hamstring_down30.jpg,1088.7914,532.7881,-8.303704,1119.2219,540.15533,-39.59527,1124.9406,546.9294,-39.547173,1130.8279,553.961,-39.606846,1110.2893,529.4668,16.297693,1109.2452,528.04126,16.244946,1108.1245,526.6725,16.260916,1143.2861,595.896,-82.438934,1116.2983,558.3147,174.47258,1083.7291,570.2212,-17.677956,1071.5951,555.64386,56.205997,1059.6016,706.0316,-201.56902,1006.34265,614.67914,330.47153,841.73865,653.7926,-193.48814,834.1716,615.0438,418.10184,680.81476,537.18036,-115.07175,716.6826,544.6071,362.756,630.4628,525.9324,-145.85098,677.3471,529.69116,359.15366,634.42896,500.46426,-133.02988,688.3376,521.83014,319.56607,653.1179,505.02063,-105.66917,701.6953,533.4454,339.8683,704.6408,732.5468,-179.01859,679.1852,675.538,179.49178,756.7529,433.78928,-230.2416,520.6951,554.70886,161.02594,467.8864,369.02133,-137.14754,255.31235,635.7995,239.05171,419.88214,401.2973,-115.093864,227.5105,680.1761,244.67603,382.30878,255.07634,-132.36179,134.8813,597.14166,128.57019
hamstring_down31.jpg,1086.0693,469.805,-69.85319,1120.899,469.39935,-104.39228,1128.4603,475.27597,-104.33586,1136.1743,481.3603,-104.37255,1109.9546,460.69714,-52.086357,1108.884,459.16507,-52.1198,1107.7017,457.72568,-52.083393,1159.277,520.44965,-142.79012,1124.4004,487.97552,101.90802,1090.6885,509.79825,-76.18812,1075.0778,496.987,-5.959969,1102.5499,638.4407,-219.67159,1033.9043,564.8311,263.38403,875.52673,637.9548,-216.75832,848.06213,595.76,325.59216,697.2893,543.50757,-127.56545,728.5622,532.8841,296.84897,647.5925,540.91614,-155.78127,692.951,519.4928,304.92853,645.4383,510.12338,-128.50061,702.8393,506.28003,273.0715,663.4233,511.5155,-112.58217,715.5876,519.1459,278.388,751.224,728.001,-166.59583,713.7226,679.35394,166.79121,809.073,421.73193,-207.66876,566.1469,571.5528,170.06982,465.37952,383.1513,-148.86436,293.35062,687.8111,241.28175,415.819,421.68558,-127.98534,268.47144,736.4559,247.44406,356.08472,280.11472,-117.80182,164.99675,673.62115,151.11952
hamstring_down32.jpg,1053.783,630.7831,-57.123028,1080.3286,645.82214,-84.465195,1083.554,653.90704,-84.473045,1086.8677,662.3064,-84.5773,1074.4696,632.32715,-29.220167,1073.4578,629.69354,-29.309208,1072.3878,627.106,-29.341188,1085.0067,704.5513,-114.57501,1068.8301,657.7403,141.0873,1038.1067,664.9437,-62.994045,1030.7218,645.88104,10.357378,964.3541,796.18195,-211.47942,954.35535,681.2124,280.89377,752.60925,687.59283,-217.71344,789.68164,640.06616,332.84082,650.3446,515.64374,-136.22603,703.6225,543.5776,221.66122,612.2964,479.1525,-177.03859,674.41113,520.3641,203.69249,628.83856,464.03397,-164.47499,687.8547,515.3743,163.34964,643.8693,475.7991,-129.03409,696.7922,529.97424,197.60811,632.6697,722.6617,-163.27037,628.5969,659.8669,163.77011,752.6656,445.93564,-202.10321,500.63153,523.1639,128.72954,504.67993,280.0436,-139.16975,218.2195,535.48047,216.18521,455.78644,289.527,-120.454956,182.28923,567.42163,223.41537,447.92535,148.97058,-163.09566,103.71257,472.4899,91.00475
hamstring_down33.jpg,357.59238,531.0027,-65.142715,330.76022,529.484,-22.994986,331.20898,527.8031,-22.688894,331.60342,525.77576,-22.654066,325.48737,541.3089,-84.672806,321.1591,548.9948,-84.651955,316.93442,556.5365,-84.7445,326.326,555.581,167.48077,308.44678,597.35803,-101.824036,375.88394,549.02405,12.33154,367.52423,565.77484,-66.45896,435.18872,614.46893,375.45587,404.69537,698.0906,-266.25,605.34344,557.63055,448.87256,620.3493,644.22003,-339.07852,729.2103,485.8657,329.52704,768.5702,525.3603,-192.14893,761.9863,460.68185,320.15454,809.524,508.71783,-211.95749,761.87805,455.8477,280.80096,799.44006,487.31607,-208.44148,752.00354,472.53104,298.8873,786.90204,495.41882,-186.50449,740.6659,678.95667,215.64867,733.4562,721.0215,-214.94354,919.24384,546.3437,180.6352,707.5675,365.63043,-257.3983,1164.4977,627.5207,327.43665,967.0118,323.05618,-64.71874,1184.5198,673.837,336.55505,1001.5348,365.6839,-39.46827,1295.2174,565.4381,243.32265,1071.4592,187.18767,-62.41703
hamstring_down34.jpg,1087.7374,528.2,-37.72038,1118.5162,534.1347,-73.89972,1124.2407,540.10223,-73.845604,1130.1376,546.33777,-73.86367,1109.3793,525.78894,-19.227468,1108.149,524.9553,-19.298656,1106.8152,524.14325,-19.309267,1143.0533,587.6861,-134.19579,1114.955,557.36316,119.3751,1082.8293,565.35156,-52.972095,1070.4805,553.26666,19.653633,1056.6567,706.76843,-239.41806,1005.4869,608.43304,253.4855,824.2524,654.6817,-226.6262,833.1233,598.9496,323.60587,659.4851,533.4567,-127.54974,709.86285,523.01013,275.763,607.3969,513.9637,-157.24503,671.23944,506.2151,266.01443,617.2737,495.9744,-147.25345,682.2126,499.56192,232.12296,635.4333,502.924,-120.569016,696.0098,512.37463,254.41145,694.2648,739.70825,-165.00647,670.3782,682.84985,165.43387,753.9623,424.30585,-188.94589,527.4261,568.0953,154.96727,453.4984,346.35938,-107.84665,256.70746,673.7023,234.24081,403.1828,375.83475,-86.801575,227.92511,719.8007,241.57155,373.11398,228.77644,-94.664986,138.68433,643.17596,138.80792
hamstring_down35.jpg,1030.3271,484.8058,-38.871956,1063.1558,491.7949,-65.41885,1069.5294,499.0472,-65.31532,1076.0522,506.5226,-65.41781,1052.248,479.37952,-15.315284,1050.4357,476.82214,-15.394866,1048.5084,474.3572,-15.3430605,1088.2595,546.99445,-79.4967,1055.1317,503.70975,153.80298,1026.6042,523.4922,-38.28263,1011.9925,505.91675,28.498636,1000.9877,644.11633,-161.01498,948.1797,565.6363,299.03824,780.16296,600.28235,-171.7337,779.41174,568.50104,375.45758,632.0062,483.22806,-95.014305,677.1039,497.30005,317.23376,589.1004,470.80197,-122.806076,644.58545,481.59738,312.0547,592.8502,447.1185,-100.95944,655.0499,473.11115,278.38818,608.2209,452.6202,-83.63374,665.71136,485.4435,295.64612,650.812,687.08484,-155.97028,625.2871,638.4729,156.1216,733.1473,383.31717,-219.67474,482.17725,525.0883,97.82524,426.67447,332.47363,-184.32437,196.05853,611.2359,133.33717,379.72415,364.99893,-167.92177,166.91777,657.3077,134.84721,328.10117,232.61458,-167.65471,61.190674,575.20807,28.564585
hamstring_down36.jpg,491.59604,810.6703,-221.60265,462.90915,812.17957,-170.46918,461.9377,805.0585,-170.3117,460.8223,797.65155,-170.21623,465.46802,837.74414,-217.27783,465.9239,849.8332,-216.99178,466.46866,861.63245,-217.14304,473.9031,809.22736,77.06741,481.15662,890.76776,-120.858475,520.49567,800.9001,-121.17598,523.3482,835.12714,-178.698,638.53705,841.3026,323.97684,630.3811,901.7155,-266.8849,855.0947,798.8373,372.477,865.4044,886.7512,-393.78058,1015.7575,729.4653,208.10863,1018.54834,740.8083,-284.7644,1054.5455,707.623,186.1162,1070.0193,712.9694,-333.63416,1047.7971,704.8846,138.50504,1057.7354,695.6886,-329.86774,1032.6631,714.7867,176.85425,1042.8081,710.94183,-278.61063,1068.0085,859.8975,207.67583,1056.4724,870.2957,-207.29977,1404.4321,843.1912,241.08795,1071.1622,558.6292,-249.56248,1704.5122,884.81604,358.75665,1331.0654,569.77344,14.058846,1756.4113,928.8222,363.91312,1372.2423,612.247,40.588688,1782.3207,757.4612,238.06349,1410.6829,473.93225,38.190258
hamstring_down38.jpg,440.0527,689.388,-223.64268,411.26175,680.4197,-177.99026,412.49048,672.1253,-177.84729,413.6792,663.5772,-177.7607,405.68445,707.3725,-219.66803,402.3028,719.545,-219.47684,399.08243,731.48175,-219.63754,422.0737,674.7129,63.42539,404.28732,761.03754,-114.6086,470.35052,685.33905,-124.672905,462.67438,721.8251,-176.77826,568.9972,759.1349,323.536,543.8221,799.02783,-265.6144,784.9251,778.0011,374.91446,786.8886,833.93286,-384.1842,939.6174,751.7995,223.4117,969.1404,750.69464,-256.07782,979.2331,741.8861,202.81888,1024.1931,741.1913,-295.95105,972.5837,734.31775,156.07056,1016.27686,725.0989,-293.7014,957.4579,738.9968,191.66542,998.44525,735.39087,-250.44469,974.0502,889.79926,196.49551,958.06964,883.48975,-196.03572,1294.1886,967.9686,208.5513,1060.5303,597.51715,-176.51233,1570.3813,1105.0387,281.26828,1309.2626,683.62024,38.92892,1604.3231,1160.0221,283.05017,1335.6617,735.68274,62.6134,1679.8611,1021.93414,164.2288,1415.894,620.0273,65.56556
hamstring_down40.jpg,494.22156,818.16974,-231.8826,466.7607,816.64557,-181.49225,466.19122,808.1007,-181.3413,465.48346,799.29724,-181.19653,467.91693,844.6918,-223.74841,467.87515,857.3703,-223.48209,467.925,869.78265,-223.60327,478.94223,806.65625,71.275665,482.22943,896.71594,-109.407524,523.3406,805.2457,-129.1563,524.79285,843.0682,-181.9272,644.0255,843.93384,323.2433,626.97217,902.11597,-252.01292,850.8432,795.26746,380.2368,859.08844,872.41943,-370.31647,1015.57855,726.1921,229.25134,1016.8659,734.44806,-260.9375,1059.4722,703.1894,205.83234,1070.3934,709.7678,-301.01953,1054.2627,705.85614,155.23592,1059.1967,693.40295,-298.73526,1038.6447,715.38983,198.41064,1044.4983,708.3821,-254.73924,1068.9341,863.5787,199.93254,1050.0662,871.2698,-199.63298,1409.7224,852.42804,219.42314,1064.6311,584.4117,-198.16649,1718.0471,889.9742,315.05893,1306.6769,570.56024,44.76183,1766.6802,930.60004,318.31586,1345.4723,607.9564,69.125534,1797.5776,778.1817,188.46361,1377.4781,465.04083,62.189137
hamstring_down41.jpg,448.07623,766.59625,-227.50893,419.41226,766.5196,-176.40202,418.36795,759.0195,-176.18575,417.20917,751.25885,-176.07231,421.52255,792.70197,-221.61177,421.72067,804.815,-221.33867,422.01617,816.6686,-221.51543,429.2172,761.9576,73.83854,435.71423,845.25854,-115.05878,476.14822,756.8282,-126.55377,478.6288,791.75604,-181.053,591.60254,797.5372,325.68512,579.20465,857.47327,-269.7403,803.0848,760.48047,385.9081,809.1003,830.7217,-401.60587,957.1768,689.2012,208.99146,961.4621,693.82874,-294.8417,995.411,665.7436,182.26999,1014.5359,667.05634,-342.75497,987.81573,660.5143,129.66899,1003.2598,652.64386,-343.9173,972.80426,671.9407,173.21037,988.76196,668.1387,-290.633,1018.87756,809.5096,199.55634,1005.6839,820.6776,-199.23402,1346.264,789.38916,220.29979,1032.8751,526.05835,-211.5443,1652.0562,834.49146,333.57748,1297.6838,535.71204,26.903976,1701.7911,878.2554,338.9293,1339.8414,576.6409,51.128986,1736.125,715.371,215.32127,1382.1085,442.49878,35.33855
hamstring_down42.jpg,319.04062,570.98645,-38.981354,277.93213,588.44116,-24.575508,276.87683,590.5452,-24.329557,275.74716,592.19244,-24.318438,278.25766,595.11896,-95.15546,276.51816,602.5685,-95.16306,274.89084,609.57513,-95.51778,284.93994,634.8711,97.33454,285.0616,662.5758,-212.40558,359.87177,591.65186,19.992968,358.30774,602.0702,-70.44609,531.9673,643.8875,332.48877,506.7006,745.0036,-383.13223,822.3672,474.46094,445.92126,816.51306,577.3637,-421.97385,1009.0266,289.7586,405.8735,1015.1997,294.97934,-227.59297,1037.5894,247.92181,393.36398,1077.7709,243.05237,-279.85312,1024.5121,236.5076,331.65527,1051.6216,204.97115,-278.54666,1015.6185,256.70297,366.9312,1034.9176,231.33961,-220.93861,1110.3281,676.1633,217.76753,1062.9958,725.28094,-216.86621,1567.2692,652.66266,223.64746,972.45703,298.77893,-221.76488,1995.5735,731.1687,268.7668,1398.5734,363.10193,20.3947,2068.6177,792.3821,262.7091,1469.4838,427.9417,41.791473,2093.6824,588.63513,123.23986,1515.3838,240.47528,94.43447
hamstring_down43.jpg,362.01447,698.10754,31.485563,325.68655,717.88544,53.814335,325.1684,719.114,53.92541,324.477,719.9487,53.82421,325.8595,725.4739,-19.487476,324.961,732.99567,-19.457981,324.1014,740.1313,-19.770477,339.36417,755.85266,197.35701,341.01395,785.18835,-122.96656,402.4152,709.3586,98.60945,401.72635,721.36414,4.949335,573.93445,736.21924,449.94662,552.07837,834.00745,-349.9065,828.82996,517.8788,538.34796,816.85,604.1594,-428.70074,984.20337,296.0394,410.35175,971.0937,314.16064,-253.33937,1012.2169,241.28877,386.03156,1032.0985,256.0047,-306.1511,999.86957,236.72256,316.69968,999.3684,223.45937,-310.6179,991.8285,263.0995,365.9058,985.3251,251.8515,-247.55286,1132.3789,681.0248,243.83063,1092.5273,727.26544,-242.60985,1583.7914,592.3805,238.88379,996.50366,307.42493,-259.13153,1990.7688,620.32697,269.42786,1407.6019,317.56476,-6.578998,2074.0854,671.8544,262.0538,1488.9972,372.17032,16.5891,2043.4948,458.8735,106.627014,1494.7795,185.45503,47.99089
hamstring_down45.jpg,1925.9338,554.32513,32.33661,1960.0789,585.1231,-26.129244,1961.8141,592.67883,-25.944452,1963.6006,600.4958,-25.917282,1960.2872,583.1865,47.63265,1961.7452,589.8775,47.237934,1963.2275,596.3142,46.9488,1947.7513,665.55695,-192.96365,1951.3922,657.0583,147.13899,1887.4819,590.6796,-12.799667,1885.5278,586.04816,85.2213,1720.5857,715.8889,-373.24347,1705.3069,680.73413,401.3374,1421.9534,539.72894,-335.8711,1452.9832,545.1707,576.4001,1260.021,284.9447,-82.18136,1247.9136,345.56314,550.68933,1206.2137,237.87953,-85.39659,1195.9619,299.90613,557.3605,1229.6174,222.0974,-71.14691,1206.1658,301.44174,507.7112,1257.4996,247.4715,-66.94894,1226.085,319.5736,519.05365,1178.2135,697.65186,-249.01096,1148.7755,679.8753,249.3403,1233.4219,354.96207,-214.04869,705.44366,682.71814,250.13127,850.2659,328.29324,50.652233,297.36453,729.84985,397.91412,780.95404,385.67365,79.500694,229.61188,779.04395,397.0862,780.9627,176.75987,173.83461,192.4701,631.4585,293.71997
hamstring_down47.jpg,268.90063,510.233,-88.58044,226.82028,527.6834,-73.96873,225.867,529.2541,-73.68175,224.83295,530.3274,-73.645935,227.381,535.12317,-144.96602,226.03731,542.8275,-144.9982,224.79686,550.0993,-145.40277,234.72197,571.089,57.65395,235.53973,602.36523,-254.19984,309.9844,528.9855,-25.588795,308.96298,540.34283,-116.320335,484.99356,575.2688,307.61844,457.9216,689.4333,-410.9887,782.778,414.7843,414.44168,776.8089,550.7929,-455.474,965.3456,221.43997,362.30167,959.9668,256.73926,-274.49118,993.8046,172.6825,356.1319,1019.9271,200.12791,-327.89755,981.38245,162.89809,286.8295,991.0777,158.74168,-323.3121,973.5667,187.75957,321.4846,976.7262,186.36671,-265.70166,1056.4949,625.50665,215.69157,1010.0212,674.4922,-214.78574,1510.3573,615.01495,236.37552,930.2737,245.20618,-209.40125,1918.7435,701.36676,257.26514,1336.5989,307.75146,57.77167,1993.0454,763.4893,249.36728,1407.01,370.2589,81.65942,2004.3875,555.53046,124.14841,1441.7511,194.40125,151.69649
hamstring_down48.jpg,286.92398,673.5226,-238.23576,241.06822,692.20013,-250.09142,239.11511,692.76605,-250.31265,237.06763,692.8307,-250.86752,243.5394,702.0731,-329.3693,242.07962,711.69244,-329.6146,240.54929,721.024,-330.12534,244.26646,733.5516,-161.22678,249.93906,775.0225,-514.7627,323.7524,688.9086,-184.97687,325.21957,705.66547,-288.7128,480.51947,754.3864,56.262337,436.8201,829.0597,-628.54266,767.565,612.8348,234.67178,728.77454,637.63544,-557.18994,946.8909,428.66425,280.56552,956.22253,386.4218,-339.6627,990.0051,390.57788,282.9454,1006.1542,333.03897,-348.94522,970.78546,380.07413,267.29465,981.4375,310.8126,-357.82056,959.34454,395.51132,269.19968,972.7536,333.30496,-330.23035,985.6072,722.2278,223.2118,1048.0483,818.5851,-221.48163,859.4003,407.2571,402.09473,1543.0603,826.56244,-296.66385,1186.2872,387.5357,516.23334,2020.6646,910.27893,-285.0439,1254.4323,441.70502,523.2568,2092.3848,973.53613,-299.41766,1235.8945,208.29669,526.81116,2129.9956,738.1263,-611.0349
hamstring_down49.jpg,338.15747,826.477,-81.49838,301.1956,835.9733,-81.181,301.15662,835.55634,-81.341644,300.91,834.7178,-81.92858,299.7364,845.10425,-159.44772,297.72568,853.4973,-159.69579,295.64017,861.6416,-160.29677,311.35345,867.72986,37.72363,306.22116,905.586,-316.47183,374.2596,838.8406,-15.746437,371.31934,854.5979,-120.30713,523.6159,896.3445,266.74155,471.02106,955.3774,-524.9404,789.1573,707.083,420.27795,738.5203,726.8433,-518.5851,927.25616,497.81842,434.84543,911.0288,425.0097,-351.8628,968.9768,448.8699,455.26437,963.8665,359.8883,-394.79358,942.26184,446.6719,418.3381,930.88446,335.3819,-378.79138,930.7476,465.11804,416.83084,922.8867,363.96274,-334.00998,1029.4778,779.3085,260.03342,1084.2269,850.9872,-258.25473,962.02075,464.76743,494.349,1563.3047,752.31836,-295.73163,1271.0184,369.6102,715.91626,2018.5673,729.5427,-257.62515,1343.5931,404.88892,733.4763,2093.5723,780.8271,-266.86288,1292.954,176.84068,730.77997,2110.256,518.1273,-534.6775
hamstring_down5.jpg,2797.2498,872.46027,-970.0063,2866.085,894.9535,-1070.4789,2873.9756,910.47797,-1070.2806,2882.246,926.5702,-1070.3967,2858.4941,874.2701,-940.39026,2859.443,870.5096,-939.93756,2859.9849,866.53784,-940.45294,2903.9478,1003.67926,-1202.9846,2879.7637,935.23755,-611.2844,2774.356,942.1752,-991.10944,2761.993,911.45264,-815.9578,2646.447,1188.2229,-1309.4052,2690.5847,1026.5978,-106.77569,2180.8835,1013.7532,-1228.3313,2282.7275,929.8131,193.47163,1969.5845,727.4459,-1012.22656,2051.8984,726.1578,181.51045,1901.8739,672.42847,-1109.7953,1994.3402,677.5012,246.97617,1952.2446,633.4275,-1098.9426,2009.4935,653.6693,130.40144,1981.6028,665.3706,-998.05316,2017.1235,691.3415,134.25214,1911.7697,1212.469,-363.93063,2018.9153,1071.6111,362.57028,1396.3778,1234.2756,64.17375,2024.6025,758.7013,379.13785,941.3587,1262.0471,583.0726,1573.2834,782.30035,799.53845,870.8465,1307.7275,624.4827,1471.9161,856.9356,821.30927,762.3397,1110.3915,319.29654,1453.1158,565.1036,792.1244
hamstring_down51.jpg,1934.3511,663.5047,-109.43013,1976.389,693.06146,-192.82834,1978.7736,699.57104,-192.74515,1981.4318,706.4377,-192.9145,1977.209,694.6125,-101.08645,1979.9717,700.89105,-101.10717,1982.41,706.9839,-100.7081,1970.9319,760.17236,-388.7879,1976.6616,762.8003,26.531973,1897.0063,692.57196,-169.4874,1897.3467,690.0648,-49.729088,1749.8807,808.6647,-600.4897,1725.8336,757.3488,314.98914,1427.2566,620.8382,-601.0208,1446.4989,628.17224,474.29977,1244.2423,384.95908,-357.06485,1299.2261,447.3968,446.33093,1192.749,343.40775,-347.432,1257.8615,403.63336,486.39655,1211.0195,327.04117,-325.8214,1273.1356,395.8744,453.9759,1236.161,351.49054,-337.10406,1287.5665,408.59274,428.55435,1167.8972,794.3264,-271.00198,1223.9689,707.67566,270.85083,705.12354,769.266,-350.5907,1288.6044,420.43622,601.19464,222.27945,874.7364,-376.26837,892.41394,365.6247,832.4088,160.09128,936.85333,-383.35815,805.2685,421.7338,831.7525,75.235985,747.0943,-566.41754,825.8606,175.49666,864.77484
hamstring_down52.jpg,270.42822,654.3635,-252.21323,228.99458,676.94135,-240.15651,229.22498,677.4697,-240.05515,229.31844,677.57916,-240.56718,228.17914,687.58997,-346.23172,226.8896,698.6917,-346.24576,225.6546,709.51483,-346.51804,247.66988,724.3644,-53.65424,243.72961,767.97736,-534.3344,313.9357,669.1726,-160.55849,312.32574,688.45,-300.9043,495.34006,771.9536,312.62555,442.2023,819.33606,-764.4508,750.1122,609.841,523.2668,728.45776,633.1038,-754.7985,927.13245,407.1745,460.6809,942.2472,386.24377,-470.44583,975.705,363.0765,475.82538,987.9732,343.52792,-499.62164,963.096,354.9328,431.26898,964.5936,310.8655,-481.9543,955.0949,372.88663,434.68274,962.5875,328.459,-447.6609,1031.7388,756.7557,352.31845,1075.1744,831.21454,-350.00833,929.1976,456.5818,793.1655,1540.5044,831.1561,-302.43585,1254.6537,415.50375,1137.6381,1983.4814,893.6018,-138.87581,1341.8135,471.74167,1163.1569,2068.3823,958.5848,-139.63707,1268.4429,189.1199,1204.923,2052.7422,694.3893,-415.39905
hamstring_down53.jpg,238.56859,632.11743,-236.14163,195.56563,648.885,-246.33533,194.21318,649.30566,-246.51447,192.7461,649.24677,-247.0492,197.0181,657.99066,-324.9744,195.22003,667.2317,-325.1098,193.38179,676.16235,-325.4506,200.94966,689.86145,-153.83376,203.00777,728.0272,-505.86905,274.3245,648.02466,-181.1104,274.2521,664.67505,-284.36966,424.28278,716.4899,71.806595,384.38495,781.86743,-638.74243,712.4454,576.5154,240.24478,683.2885,599.0392,-568.0248,895.47626,382.41168,299.0348,901.93445,347.93472,-366.07996,940.38446,340.09402,309.86618,952.45624,292.6182,-378.1743,925.31793,324.9744,292.0446,926.5042,270.21143,-388.4265,914.2158,342.6545,288.50558,918.02014,293.68726,-357.03345,929.452,678.2099,244.16217,994.22833,766.8425,-242.18733,838.748,362.24896,447.93365,1492.7771,769.1136,-296.80298,1156.0651,330.47452,584.7527,1968.4005,847.8627,-307.2488,1225.6716,383.53583,593.4486,2041.4281,915.12115,-323.66537,1207.4177,137.81061,608.70544,2083.186,660.5521,-615.1356
hamstring_down6.jpg,146.26797,502.49078,-191.76984,121.42565,498.32477,-156.8743,120.4008,489.84912,-157.06049,119.25968,481.13098,-157.49478,123.61905,523.8336,-184.79329,123.95114,534.5574,-184.84895,124.3815,545.2333,-185.19298,131.48874,478.78357,30.194826,139.15276,564.7798,-81.32696,172.8369,486.65967,-116.39782,176.16104,521.50745,-149.58739,284.77878,445.8141,242.46985,264.84476,609.6235,-178.725,449.3625,451.02063,400.73572,434.4925,607.92505,-207.06122,511.24734,404.88593,377.0483,499.1205,426.7726,-28.10185,541.1692,389.71848,369.42932,526.66876,384.64536,-20.514935,523.1067,388.83957,350.34924,503.22787,374.33972,-10.716627,513.9843,398.84723,358.29727,496.70007,389.57034,-14.713201,609.3566,441.16562,111.8446,638.51776,564.79297,-111.8056,605.25476,246.47383,-292.0186,961.3803,568.36694,-150.68607,909.98944,271.58344,-213.44951,1232.7576,610.4752,-45.05439,949.8165,309.29272,-204.06644,1261.0459,630.8713,-38.95465,1017.9526,172.79071,-309.74094,1354.2664,552.9741,-232.91734
hamstring_down60.jpg,976.62445,491.40274,-79.70534,996.0041,510.29474,-105.78283,996.7488,515.5662,-105.85336,997.53394,520.9578,-105.96883,995.08984,504.8444,-68.154915,995.18604,505.42465,-68.17883,995.2828,505.93057,-68.19157,985.84235,552.812,-147.94919,984.6683,532.6003,25.303469,954.7279,510.8992,-86.51553,953.24243,500.99603,-37.37906,849.1116,590.2165,-207.90154,852.8906,536.2764,170.46219,652.5012,611.9344,-187.57004,689.48065,529.4866,227.5969,580.21344,444.53192,-37.119774,604.3856,447.71036,123.44706,551.04895,405.34213,-42.22698,575.64215,427.85742,93.36131,580.2707,396.17603,-35.442516,590.95764,423.9778,61.162815,592.5773,416.75772,-26.113098,599.15894,435.25513,101.39836,514.6045,543.9083,-138.57938,518.4516,524.97235,139.17073,516.6271,335.8412,-137.30759,280.93826,550.72205,248.7447,320.1785,265.10556,-43.352592,96.70006,584.72754,321.76532,277.16858,285.22083,-28.93397,62.49369,606.82904,325.37283,303.09393,169.13702,-12.941857,51.630672,546.84326,265.9546
hamstring_down63.jpg,140.1118,486.6053,-79.24655,114.11874,497.64484,-71.86697,113.29418,498.01422,-71.746376,112.391495,498.14554,-71.74307,116.20158,503.08267,-112.89977,116.35673,508.30676,-112.74134,116.58708,513.38635,-112.86155,120.74601,523.26263,-4.008548,126.72343,545.8716,-178.40485,164.25908,497.146,-45.0899,166.24284,505.7405,-95.64433,251.3643,552.74506,87.4615,261.43158,589.9126,-224.07355,429.89,520.1159,126.63536,454.0473,622.31506,-283.32336,515.1235,456.89856,92.06647,519.10205,462.95172,-218.1251,526.39813,443.12024,96.203804,542.9818,419.79,-249.84258,513.85266,427.14188,64.15325,519.1006,409.2586,-233.43788,511.50235,435.04764,74.59929,513.952,428.14624,-207.08624,603.93915,544.6447,106.29765,610.29443,547.4529,-105.884315,831.6024,527.93146,206.68175,595.84863,258.79224,-145.88712,1019.85065,570.5296,329.20657,794.577,259.1393,-29.590004,1051.2274,594.4541,338.01886,830.7159,294.70557,-15.934247,1069.2179,528.49457,288.9769,837.4618,174.02782,1.0725762
hamstring_down64.jpg,973.9707,489.86496,-155.06818,993.0889,508.23016,-176.35213,993.4032,513.1087,-176.50095,993.761,518.1375,-176.6865,993.34796,502.7428,-140.50952,993.9254,502.73068,-140.50565,994.4941,502.61942,-140.57402,984.08545,547.0342,-192.70581,987.11847,527.1298,-28.046057,952.4836,507.77994,-154.09428,952.8116,498.08035,-107.26264,847.1936,593.2443,-238.83049,854.90735,524.13654,134.29529,652.48706,619.08075,-205.36229,690.40607,518.09375,195.39642,581.0527,459.76016,-52.433937,602.78345,430.17935,58.311527,553.6693,422.28436,-64.89807,575.8302,410.2048,26.171564,580.4513,410.5521,-57.938232,592.4555,404.0311,-8.619066,591.8737,428.3417,-41.272865,599.91785,416.6899,35.892246,525.9501,558.3482,-140.59773,537.1945,525.6365,141.18945,517.8503,322.5441,-157.64758,322.7533,508.14905,244.23633,320.10117,261.92596,-44.5754,157.66252,538.50195,409.41946,276.62488,287.543,-26.568747,127.846565,561.3999,421.86484,304.05014,161.48322,-32.40273,108.13354,492.7385,363.8063
hamstring_down7.jpg,177.25331,603.52094,-205.52966,151.42467,599.8468,-171.0274,149.50388,590.81006,-171.17654,147.43712,581.5038,-171.53046,156.55759,625.9583,-193.3288,158.24872,636.8351,-193.53882,159.98618,647.64685,-193.89546,160.62695,576.0803,3.7142777,178.40381,664.1745,-82.51955,203.51646,583.6414,-136.6928,211.02904,619.8953,-162.56389,316.61884,523.561,156.267,316.99258,706.41895,-143.7507,487.36575,481.53595,227.38225,480.19882,696.6011,-211.49663,527.0956,440.92175,120.447,507.65366,488.94672,-146.21474,549.1075,425.6377,101.66651,527.417,435.69482,-152.88155,526.8428,424.82867,83.30154,501.85107,427.62512,-138.93454,522.1717,435.40787,103.061806,500.37906,446.18854,-134.5584,639.21814,483.19568,80.88096,684.2473,605.5598,-80.75567,580.6629,311.68393,-378.21655,973.96466,560.05066,-118.75725,900.5371,247.22458,-271.41345,1262.2212,532.71643,-14.835098,945.9432,270.60052,-258.07574,1291.4883,542.19635,-10.341593,998.9056,129.92395,-376.25406,1379.8715,456.95892,-216.37616
hamstring_down71.jpg,932.04626,395.8243,-39.013256,955.2432,411.02057,-65.684135,956.82996,415.8911,-65.761024,958.4501,420.87222,-65.97333,953.7111,406.98746,-31.835318,953.95734,407.6865,-31.944296,954.13763,408.3217,-31.846392,949.0685,451.20535,-128.66019,945.14014,433.7584,33.187035,910.87036,416.47897,-56.088715,908.1145,407.42432,-10.219461,815.2797,486.18262,-182.00693,807.89935,443.5885,159.24443,628.1441,526.0878,-208.49696,637.7466,430.2013,219.8103,551.30176,357.09732,-37.933647,554.0795,343.32327,146.42632,528.4378,315.98752,-28.983643,532.4504,323.3259,128.19073,557.5947,310.9062,1.2399387,546.9415,317.55936,105.67942,566.32996,331.2462,-18.717514,552.62933,330.4267,129.2873,470.0387,443.0736,-122.550064,475.53778,427.53586,123.1763,478.18344,179.72752,-91.717964,302.29514,409.02887,255.72926,270.44897,176.56163,15.559537,121.236755,449.7313,341.3041,233.08931,209.0401,34.31035,88.944,475.89355,347.78262,228.28831,98.585556,95.97625,63.629055,414.19067,320.31512
hamstring_down72.jpg,974.26416,410.4156,-60.71398,996.67847,426.84784,-87.44342,998.13525,432.10275,-87.48519,999.6337,437.4562,-87.649445,995.04474,422.23465,-51.472767,995.20514,423.12668,-51.612682,995.33606,423.9074,-51.561905,990.133,471.82916,-147.63753,986.2754,452.62482,22.6215,952.94305,432.81638,-75.55467,950.2196,423.7511,-27.258186,853.957,516.1935,-198.88187,852.8684,466.80798,147.52422,654.1808,555.5217,-211.17001,677.4956,450.9837,210.45715,586.1105,371.75116,-53.56932,585.9476,359.54703,141.83557,560.57245,325.44296,-47.804474,559.7224,337.20697,121.705826,591.13556,317.5815,-27.89949,573.6395,331.5961,96.28374,600.7857,340.15286,-38.5042,580.97485,345.10535,123.57827,503.4556,474.93045,-123.80107,507.16956,456.8766,124.39759,519.2286,223.71652,-81.153755,281.30936,458.87756,255.45816,320.67676,206.30922,32.037136,94.27454,488.64984,339.06778,283.08487,234.34402,50.049664,63.02592,508.99356,345.19485,283.9926,122.02871,96.9696,33.26362,452.7854,299.40866
hamstring_down75.jpg,158.08173,413.1431,-59.77597,131.02527,423.62814,-56.61131,129.88803,423.37244,-56.47384,128.6791,422.8654,-56.421246,133.5094,429.9748,-92.02444,133.70879,435.43286,-91.970985,134.0087,440.74432,-92.11803,137.23746,443.67252,-0.690297,145.12024,470.7023,-150.02937,182.4461,420.3908,-30.63916,184.98917,430.78528,-74.20043,276.92316,447.1527,92.45762,279.6992,523.4435,-197.43994,447.94995,427.00107,145.93546,472.09338,544.2905,-249.80392,526.34125,376.75714,106.55416,535.8422,378.13614,-179.27081,541.2148,365.9848,103.32621,560.2672,334.92038,-202.4054,526.3104,353.23694,78.5216,537.0278,324.28928,-190.82767,521.4861,362.64532,90.29314,530.2125,341.7234,-169.9083,626.8845,458.6638,97.05726,625.7146,489.86957,-96.6321,855.99304,436.7501,182.18803,645.35986,215.27692,-176.84358,1058.155,503.20847,315.9082,847.8138,219.45615,-69.00432,1090.1776,537.81604,325.7602,878.36566,256.49326,-56.970505,1124.1932,445.87448,268.93375,916.4822,126.88285,-59.438335
hamstring_down77.jpg,924.6593,364.11398,-81.727356,949.1942,381.9539,-109.58354,950.7449,387.7559,-109.655685,952.3293,393.65244,-109.838974,947.4918,375.86176,-76.04712,947.68365,376.01218,-76.18797,947.8351,376.04663,-76.1741,942.4452,426.96814,-163.17686,938.3537,402.0912,-3.5184855,902.28723,386.05655,-94.18205,899.4497,374.8932,-48.931274,803.4024,463.02856,-198.58086,802.0409,408.626,122.491745,611.65924,510.5603,-219.65364,625.3063,398.60028,179.58186,534.9208,329.76425,-58.246307,537.0311,310.2717,111.04289,507.79346,285.15576,-53.29163,511.61908,287.51733,89.6293,537.4108,275.99997,-30.48226,526.71606,283.3151,68.41029,547.6228,297.76254,-43.042877,533.3183,298.61655,94.361465,448.64975,418.64813,-111.787575,454.31244,397.2571,112.510445,467.22165,166.5722,-78.55195,251.51454,391.97205,248.25095,274.76175,170.4535,50.569767,81.67639,435.33215,320.69635,241.65671,199.80531,70.59897,56.174767,456.37796,326.10052,229.02032,102.49323,135.95258,15.111671,416.42233,291.93423
hamstring_down8.jpg,137.9738,344.53946,-182.23863,117.395584,331.17618,-151.29347,119.616066,322.86395,-151.47322,121.7694,314.2594,-151.85803,110.18931,355.24454,-173.43399,106.83914,365.20816,-173.50226,103.55438,375.17255,-173.82956,134.08296,317.22244,19.90497,110.92488,398.0214,-72.71393,168.18187,339.94647,-114.46497,158.76616,373.3089,-141.8712,286.7364,337.52014,189.59746,214.51372,492.24255,-145.58115,449.1824,369.40567,286.1658,384.248,534.3993,-148.7428,512.3848,330.7532,201.1843,461.82672,387.04367,-21.363993,540.83624,317.30927,193.7472,491.11584,352.85962,-19.7491,525.89343,310.27875,171.45528,469.57205,338.48938,-14.385082,515.8602,321.70657,181.98428,463.73404,351.3385,-11.190914,586.85443,427.29742,102.80994,575.58826,549.15796,-102.649826,659.194,251.53323,-185.90483,852.4406,605.06506,-150.14853,949.96735,331.56006,-140.33261,1102.804,734.3227,-59.51679,983.0615,378.8964,-136.54811,1124.5792,767.39777,-54.929947,1069.9855,247.55981,-234.57173,1227.3773,709.86914,-226.03171
hamstring_down81.jpg,2548.364,998.6809,-277.86917,2603.9248,1054.9495,-387.6376,2608.6663,1069.1396,-387.447,2613.4707,1083.869,-387.77557,2593.5806,1046.3695,-254.47441,2590.6423,1051.9733,-254.6424,2587.614,1057.1167,-254.21185,2578.4915,1181.3811,-613.4405,2549.3557,1148.2826,1.4868962,2486.1694,1052.3445,-331.65448,2472.4917,1035.8815,-158.44846,2190.9731,1274.0104,-873.7177,2151.4146,1120.4454,461.21448,1655.9634,1040.0754,-817.4732,1679.4086,955.79297,644.68097,1257.3317,703.0115,-546.0361,1318.9443,672.0397,593.68823,1140.0614,646.1654,-631.16754,1218.6012,606.7013,576.76526,1166.5032,610.55865,-628.3591,1238.2152,597.4476,507.46707,1210.4236,638.34534,-540.4638,1272.0153,635.34973,544.44226,1260.1963,1118.9756,-426.08517,1270.5175,1055.4769,428.26462,1190.4963,491.42566,-419.82623,671.1846,1006.06494,806.0644,685.08527,320.46878,95.142914,140.94798,1117.8279,1253.9917,573.9248,378.32782,160.85301,48.351433,1193.7023,1292.0635,606.39655,47.9094,179.50067,-35.666344,963.8382,1155.4515
hamstring_down82.jpg,361.2855,1013.74457,-901.01904,295.93616,1051.9097,-822.29816,296.2667,1052.3538,-822.35455,296.27277,1051.8586,-822.70953,295.9588,1069.6941,-1022.94934,294.6794,1087.2866,-1023.0532,293.6321,1104.6226,-1023.4337,326.5819,1122.8501,-339.57062,325.93698,1194.6609,-1188.1543,433.71295,1035.679,-699.58105,434.09042,1065.7861,-947.7874,711.7358,1118.8313,351.60034,727.6718,1304.4904,-1613.1968,1197.9419,917.1292,712.0515,1276.4739,1016.77997,-1672.8789,1598.4714,649.5979,404.5257,1686.5787,654.4806,-1249.8077,1714.4935,573.8977,383.7003,1808.8862,584.96747,-1396.3396,1712.2529,549.7439,228.78763,1758.5355,537.311,-1404.8124,1688.193,595.6461,312.85294,1727.6635,569.99005,-1239.9119,1633.0994,964.4777,479.68936,1746.2249,1149.6199,-476.23438,1572.1719,423.436,47.179424,2315.7595,929.28125,218.8295,2205.7844,397.35257,552.49194,2807.8726,1088.3491,1634.1995,2303.6057,461.91882,599.0079,2872.002,1171.9559,1769.3774,2414.301,191.4784,327.43872,3025.5222,915.1991,1316.9021
hamstring_down83.jpg,270.79987,945.27496,-413.84018,206.72682,981.87775,-348.39658,207.43132,981.8076,-348.2144,207.74323,980.86194,-348.82,206.6767,1001.14886,-525.0282,204.99854,1019.4702,-525.5315,203.56018,1037.5345,-525.4704,243.90515,1047.7462,12.858896,242.54483,1124.678,-729.0711,347.27646,962.46155,-253.95769,346.60284,997.3661,-473.1874,673.89044,1040.7645,560.0994,632.3996,1213.2662,-1120.4159,1164.7985,852.72076,937.7982,1209.0265,959.7802,-1061.2426,1539.4368,586.7222,822.78595,1644.7928,626.30273,-561.46375,1650.4869,526.02484,848.80597,1762.6663,572.7266,-615.53577,1645.3848,498.2662,746.7511,1724.3842,515.655,-596.4942,1616.5857,532.84717,758.7705,1692.9775,537.0032,-537.732,1587.533,920.4871,423.4878,1672.7504,1103.007,-419.54276,1516.3842,329.21295,80.908134,2304.1345,975.2734,138.70818,2140.7534,266.14563,479.90454,2769.3801,1047.2401,1301.9326,2259.886,345.609,508.6292,2832.8323,1110.0999,1408.9415,2308.4043,-15.7706375,323.39307,2972.592,886.3275,958.32996
hamstring_down84.jpg,779.87085,322.1883,264.62643,797.71155,321.15305,252.71735,801.3409,323.04776,252.71594,805.1886,324.97015,252.53735,790.0334,317.91583,283.03214,788.88367,317.36133,283.02713,787.4244,316.8297,283.01065,814.7472,338.164,258.32425,792.93677,325.22925,401.48566,779.05676,336.12378,265.3667,770.9825,332.45242,306.3738,810.71924,400.12857,178.81297,726.3232,354.46353,423.24265,776.4293,387.4638,35.37341,633.9974,346.90424,350.59686,737.3363,322.11887,64.1032,655.3867,313.94177,178.11255,724.602,308.46442,66.363266,658.2415,303.57675,137.95656,729.20514,306.62607,56.126034,670.0313,301.23068,153.65874,729.1787,315.5479,63.13259,669.45886,307.54065,174.79805,586.4026,473.23923,-86.87364,566.5151,418.2292,86.79566,481.89285,495.54602,-339.50488,612.5695,253.83752,-86.323586,274.91354,627.79675,-511.82172,448.32626,270.88742,-134.70703,250.06763,655.1781,-526.5447,422.83228,301.05838,-144.74121,176.29214,636.8718,-653.63556,382.1918,217.89325,-210.2263
hamstring_down85.jpg,791.25,279.53732,286.16238,806.4924,279.54645,285.4947,809.67474,281.9809,285.57422,813.1148,284.38266,285.56717,799.70636,274.86267,313.4702,798.478,273.39374,313.5001,797.0834,271.96973,313.56503,818.6117,296.8194,309.53708,798.5165,278.866,440.48737,788.64856,293.8231,291.41785,781.04346,286.79565,329.3824,821.4535,352.28415,196.60782,728.3062,303.59015,435.80435,784.2405,373.34564,-3.0445118,637.0215,326.7761,242.33977,743.39453,310.3741,-58.56547,647.83923,294.54837,-25.712044,731.15106,300.24515,-72.45234,644.4939,284.40878,-65.238014,735.6332,291.06223,-63.600536,657.05786,278.32297,-57.339035,735.5744,298.90717,-53.557823,659.80975,285.22318,-31.977106,636.6633,441.53375,-81.27025,596.74994,387.53683,80.77444,561.401,487.96848,-360.59103,602.0781,253.8663,-235.60582,402.69553,622.37115,-510.91696,442.90198,295.55698,-312.63403,381.22067,646.7235,-524.3479,421.08405,327.0179,-325.617,320.16556,649.1807,-664.0915,370.20468,264.08456,-431.23425
hamstring_down86.jpg,786.5678,381.28305,278.3872,802.66675,385.07898,265.04465,804.9534,388.1802,265.09003,807.37616,391.4014,264.72305,797.90576,379.76825,297.89838,797.36285,379.02463,297.85843,796.5701,378.22223,297.67773,812.13446,405.89807,251.59856,800.04224,387.82666,405.35886,780.7502,393.77954,272.70673,775.87164,388.04108,316.84583,782.76013,454.48026,172.97475,731.35895,398.3602,402.02356,728.8717,410.90863,95.58627,637.8898,348.86874,262.3319,730.78577,365.53043,146.7309,687.09485,353.53076,-1.4366846,732.9083,357.8244,154.05072,698.76556,354.02783,-36.924313,735.9843,355.34454,148.78249,708.9776,359.4837,-15.498324,730.8837,359.7352,149.43146,702.29047,363.4768,-2.0910618,567.7868,459.27905,-103.15251,573.8453,408.522,102.978004,414.95514,482.94974,-248.63744,650.15295,259.97742,-39.726463,186.76138,526.9828,-412.29773,487.58743,230.60747,-81.11611,157.7607,541.82874,-426.7974,457.7778,250.01163,-90.913734,92.52524,503.93945,-543.97156,433.31686,163.19531,-134.18665
hamstring_down87.jpg,384.18628,323.4819,402.57404,378.38913,317.5749,431.32117,381.2565,315.3627,431.2762,383.9346,312.9889,431.01605,369.83252,325.3926,415.32587,366.25452,328.77017,415.28458,362.83737,332.32852,415.19144,389.76718,321.23816,548.2094,362.62653,346.8969,474.5091,401.7652,329.93494,441.01105,391.2471,340.62253,419.85022,454.84256,333.63785,485.34262,385.02075,403.11667,362.28854,539.52435,308.07178,235.5672,420.44608,359.28745,208.83118,507.18292,304.81415,-27.242313,424.16043,324.17215,169.44283,508.89774,298.6051,-77.53024,432.66486,320.7495,158.74506,492.61566,302.68036,-63.803272,427.02496,316.78195,160.60352,494.2066,308.82837,-32.450287,427.7989,320.1293,173.18207,599.5478,378.82907,62.628513,583.8721,448.64334,-62.28963,566.599,227.18324,-156.49612,663.6166,483.70862,-483.51746,730.2618,286.64865,-168.16957,916.50073,640.154,-698.8464,761.30853,325.91275,-174.63222,954.71344,670.83716,-723.9635,775.47864,218.58485,-264.55118,1003.97534,634.3315,-902.5797
hamstring_down89.jpg,737.1503,274.7045,217.94469,753.6449,275.27774,208.45758,756.7973,277.63025,208.5166,760.1158,280.0104,208.3967,747.1387,271.43735,234.29018,746.12244,270.74628,234.2949,744.86896,270.0748,234.35487,765.70026,294.08844,213.42026,747.1846,279.27603,333.96066,733.33136,288.58624,220.00212,726.3707,283.6197,255.15283,752.0407,341.6938,135.82062,678.469,312.74564,347.65793,719.892,331.42316,2.1490104,581.24475,310.97614,316.60342,682.3585,276.6839,-22.683743,541.5829,284.84552,190.93486,670.04083,268.75882,-33.977993,524.5927,278.09286,170.99756,672.3249,262.1772,-40.482574,534.14557,277.09042,164.2341,672.7008,270.78485,-24.62578,539.5665,280.22864,182.27621,541.35443,419.25812,-77.701675,522.81116,371.59235,77.246666,434.3167,460.81882,-273.1457,559.2761,208.37418,-145.53503,235.71712,573.02966,-386.34744,407.71542,219.18529,-216.04779,212.83522,595.3817,-394.26086,386.15845,243.71681,-226.90497,140.6595,581.18866,-505.88824,349.93774,178.40292,-293.30463
hamstring_down9.jpg,1289.4497,505.37164,-217.36867,1312.1635,529.87115,-200.03864,1311.4009,541.98816,-200.14522,1310.8911,554.25305,-200.05104,1315.0502,500.85306,-170.47461,1316.8751,490.88855,-170.26007,1318.4532,480.732,-170.32007,1292.5665,577.86774,-49.754593,1305.8351,481.55316,87.31535,1257.6046,529.8023,-160.44453,1262.2068,489.52542,-120.19825,1169.4218,609.42957,-130.30876,1161.4783,454.55484,334.0858,981.044,568.26514,-159.19518,985.5624,425.71445,404.1676,928.9133,420.3468,-22.037815,981.0596,389.07596,194.13754,905.0428,391.9727,-22.148445,966.8071,374.57758,150.84755,936.20166,380.8443,-19.19597,987.88196,368.99902,118.86108,941.20056,397.07288,-11.391916,987.74396,377.65253,170.28378,812.46375,575.7459,-140.17847,843.2214,458.16248,139.60115,570.0161,600.86536,-245.42943,894.5314,284.9549,-480.4707,247.87418,622.91797,-74.33628,521.5785,262.16718,-301.9184,210.2314,632.46405,-60.52153,453.2132,293.632,-287.34494,106.26946,573.37134,-236.88103,413.8933,156.6085,-412.93295
hamstring_down90.jpg,838.68207,305.87656,40.386395,853.169,299.55707,48.307713,858.65765,302.615,48.442947,864.3399,305.71408,48.283115,838.2959,291.9308,65.02846,833.2251,289.0032,64.99698,827.91565,286.14542,64.86825,867.2378,318.29156,117.715,819.56396,291.50977,203.35037,838.9017,325.8983,63.85478,820.1828,314.71375,88.573586,856.4677,401.98196,76.192795,751.8643,327.39032,224.61382,847.2939,422.45923,-109.35419,654.9489,330.94516,110.84343,719.73065,333.28607,-215.53535,640.0607,314.17862,-101.60035,681.4474,324.94894,-247.62021,627.31036,313.9442,-134.72112,681.3775,304.85648,-243.74252,638.6362,311.72552,-148.57835,690.82135,315.93076,-214.9833,642.71344,316.6641,-111.69318,616.48456,501.99597,-68.19064,593.34607,421.53183,67.99944,491.55292,544.9914,-161.62825,603.583,273.6695,-91.85398,271.5127,649.3757,-193.36249,416.8348,310.37845,-108.153175,247.19635,670.2674,-198.02773,389.4841,345.18835,-113.88547,165.04602,655.4513,-302.2393,333.03772,250.92851,-158.09616
hamstring_down91.jpg,829.3117,254.25807,34.89213,841.6705,247.72987,49.294407,846.8891,250.39066,49.505707,852.30774,253.02881,49.433537,827.27356,241.02258,62.779327,822.2977,238.25345,62.76812,817.0917,235.56114,62.592876,855.2682,265.09775,135.71861,808.87683,239.91187,204.20482,830.3988,273.94217,64.53836,812.15643,264.01678,84.654434,857.9687,341.23526,85.0507,741.4601,280.41464,238.28096,852.5408,367.5594,-113.79538,630.3067,293.16058,121.9472,716.3631,295.49918,-191.82137,637.64526,292.3684,-76.24481,679.0814,292.31793,-210.80559,631.0518,295.87488,-104.62618,675.5613,272.2215,-201.65749,645.9313,293.85498,-109.85656,686.2048,282.77884,-186.76764,648.20233,297.7974,-79.96342,639.17413,481.6716,-55.412697,605.0839,401.82175,55.28874,514.44434,567.7838,-125.605484,582.12427,256.5137,-183.02304,336.7859,683.7234,-95.66301,417.51392,344.25467,-125.26504,314.00473,701.1348,-96.64463,400.7023,388.58652,-123.77413,249.7905,716.46545,-221.35458,314.00546,298.35825,-178.18123
hamstring_down92.jpg,841.7282,398.34335,44.800446,858.48615,398.84113,53.083122,862.9319,403.7218,53.09193,867.5485,408.67957,52.936485,847.0441,386.79868,73.65579,843.63837,382.79477,73.74683,840.00494,378.77463,73.71201,868.8737,426.11874,114.936455,833.972,384.32327,219.33011,836.5611,419.8246,65.83809,822.8288,404.0005,95.96907,835.00494,504.8925,66.89687,757.6736,399.07117,253.37825,797.95984,510.3286,-87.92133,660.26587,367.5068,172.25487,719.45953,392.69113,-125.893005,665.53973,362.1013,-14.352622,695.9099,373.43295,-138.36255,657.07733,362.29492,-41.912834,702.87354,356.95834,-131.39984,672.7573,366.0217,-46.884754,706.6908,369.21732,-120.46209,673.72736,371.6484,-19.805464,572.13257,530.4839,-78.62948,575.59235,444.74072,78.587296,426.31754,547.35077,-134.3507,627.55774,307.9467,-93.75775,196.464,586.8084,-87.21113,436.4517,314.94986,-44.314743,167.7901,598.5787,-84.102844,402.15457,351.08255,-42.845005,95.19007,572.5558,-187.7423,356.39874,220.20792,-77.32088
hamstring_down93.jpg,171.67503,307.95334,73.752716,174.34012,288.7062,97.098915,178.66597,287.3434,97.11567,182.8973,285.74545,96.91895,160.55457,292.12646,74.34153,154.03172,293.2036,74.09954,147.71959,294.3765,73.92372,182.85664,289.33328,200.86307,135.1173,303.2445,95.608574,182.04956,323.6147,112.52426,163.86325,327.87558,81.8834,234.5219,334.9376,263.669,121.3336,395.9572,-27.565008,342.14764,346.65237,250.81496,185.88759,414.19547,-149.24173,375.65683,330.92072,116.65839,267.438,332.96304,-188.56352,393.8136,327.0439,101.359085,292.75034,321.69635,-212.34337,376.05478,324.22913,87.39702,288.9102,306.70172,-200.58102,369.55783,327.64764,104.17591,284.8912,315.6401,-180.6636,409.27505,422.73062,102.19607,383.31967,496.99286,-101.587875,408.1738,220.1284,-28.21032,506.49484,545.60004,-389.35104,572.1555,339.94202,-12.407437,763.6284,670.0168,-475.67722,579.6044,379.52716,-6.166899,786.07513,688.42194,-482.71796,670.9831,311.69165,-34.28309,886.8009,676.8504,-631.1176
hamstring_down95.jpg,793.6357,263.0792,24.86348,806.9343,258.62503,34.786816,811.7086,262.3772,34.91804,816.67224,266.16232,34.828663,793.4067,248.85303,48.24034,788.72675,245.08255,48.283375,783.81165,241.3824,48.215218,816.85876,278.69876,107.60467,773.31396,243.98494,180.72565,790.98486,282.93723,50.34145,774.1681,269.14395,71.36417,801.53644,355.45908,79.93462,702.0077,272.3731,202.56137,789.6128,372.12436,-85.64717,600.55194,272.8695,107.51006,672.12006,284.42273,-174.37312,599.3048,265.2457,-78.5546,637.66724,276.20886,-199.20665,590.1825,265.73944,-105.59675,637.414,256.28738,-196.94983,603.7168,265.47946,-115.84849,645.3231,267.32455,-174.15381,606.0262,270.33893,-85.25199,564.37726,450.71237,-56.628796,543.735,366.31995,56.58668,442.38953,508.21036,-141.86818,567.3127,218.79036,-133.88986,221.76103,609.98956,-140.8188,384.35785,278.77075,-116.10122,194.63733,625.23596,-143.70181,359.24823,316.59235,-117.60158,120.276054,626.69324,-253.72333,292.9013,223.2601,-156.60042
hamstring_down96.jpg,373.34818,359.78833,-58.580956,383.40384,366.53928,-83.28974,383.75894,368.4892,-83.270485,384.13226,370.5512,-83.294495,383.87228,366.3634,-52.654263,384.44223,367.669,-52.65939,384.91965,368.9664,-52.54693,380.8307,385.80002,-142.68172,383.1634,383.505,-4.4602532,363.20657,368.16904,-76.5866,363.52594,366.83542,-36.516033,324.05594,408.5249,-201.82751,320.6342,393.08252,82.49361,245.87971,367.8153,-200.74388,251.52509,364.4512,123.38017,202.08789,316.4653,-102.47765,214.9233,321.97467,82.85319,189.37672,306.21002,-109.193275,204.74011,310.70422,85.63518,194.80743,301.1841,-100.21162,209.95876,312.39847,72.093185,199.45598,305.84854,-96.639175,213.497,316.42676,74.212296,164.79662,404.55505,-83.681496,182.8153,381.1018,83.95351,51.523342,394.0548,-68.200966,190.7466,289.73907,152.73535,-47.617813,411.91202,23.505688,134.78946,269.67538,228.95897,-59.192444,424.6735,32.49786,123.43015,277.32507,233.14648,-81.041954,386.45078,-4.372291,125.369576,237.26157,225.23184
hamstring_down97.jpg,389.84705,331.01898,-52.273354,400.3153,335.83887,-71.79142,401.22763,337.9093,-71.8333,402.1667,340.09543,-71.86697,400.2262,334.5807,-48.043106,400.83127,335.2969,-48.058247,401.35742,335.9956,-47.93038,400.8637,355.6784,-116.96624,401.2502,349.71555,-8.933495,381.65884,342.41544,-65.98018,380.92133,339.5912,-34.68063,348.30905,390.47406,-164.7675,339.96762,366.83328,51.51144,266.83163,359.73038,-169.78677,271.48642,355.33487,97.64432,220.79291,319.49988,-118.02859,232.93999,327.09592,91.11742,206.95169,313.16043,-123.80217,221.82317,319.9809,94.38072,212.71394,306.60944,-115.519905,226.23093,320.9778,84.8443,218.85413,309.47418,-113.12076,230.54756,324.85278,84.96185,195.36499,411.46164,-65.024,207.07304,379.65176,65.32557,77.119286,420.71512,-54.936745,190.50204,284.24274,113.26569,-15.015463,457.71164,12.616034,134.57916,285.45776,165.42632,-24.287304,472.20877,20.10918,125.87188,299.3425,168.04855,-53.56077,444.24576,-12.447857,114.78365,255.42749,154.3309
hamstring_down98.jpg,347.48178,400.38574,-68.07782,354.04218,409.71848,-91.27696,354.0731,411.84015,-91.31706,354.1095,414.05756,-91.34185,352.57117,408.41455,-64.96677,351.57288,409.29974,-64.9711,350.56857,410.1141,-64.87503,344.97452,427.33136,-139.26797,341.3371,421.25552,-20.650097,336.14835,405.36182,-81.26935,334.2567,402.89633,-46.97493,279.9899,434.57242,-179.56573,283.66473,415.6378,62.308475,204.20378,390.3676,-156.55243,220.46002,380.65704,96.42819,191.41524,320.7806,-85.87235,204.09265,326.30807,44.532925,186.065,306.9827,-98.91242,199.49391,313.16464,39.648525,193.7113,305.92413,-97.642075,203.08427,315.275,22.90102,197.00308,311.73132,-84.980576,205.21051,320.8055,34.345608,134.87012,385.71,-76.54421,158.76382,370.70514,76.57752,52.70172,335.07175,-87.85095,219.24629,299.67233,168.78079,-41.715622,343.37045,22.252459,142.37247,259.1292,204.78908,-51.023827,353.18878,35.56234,124.588554,263.34174,205.35567,-72.70473,316.96747,23.705355,135.12195,221.84612,201.4855
hamstring_down99.jpg,57.673943,362.53143,-86.261826,46.377647,367.94974,-77.13323,46.057205,368.39795,-77.09978,45.680744,368.73376,-77.16171,47.10517,369.8665,-103.94106,46.80362,372.42007,-103.98613,46.5417,374.92654,-104.04075,49.09508,380.45673,-26.419449,51.08529,389.2445,-137.90878,68.24372,367.2341,-62.395138,68.79604,371.6402,-95.65923,113.84886,385.0246,65.27429,109.646706,407.49417,-183.64174,181.42188,356.9459,142.13826,193.31682,366.501,-154.45984,213.41348,312.94528,135.75725,231.7909,313.5772,-46.469925,222.38066,303.5763,138.0655,239.1405,302.16928,-47.233727,219.066,296.93704,125.55899,231.90727,298.54,-48.8609,218.3828,302.44263,127.51063,230.79745,302.42343,-43.76448,249.8102,372.78687,64.68527,266.32315,400.85913,-64.334465,217.4911,280.76334,26.565617,377.83728,394.74603,-7.295594,318.896,271.7036,103.196175,470.19565,409.0554,126.20729,335.9396,283.4767,110.58823,483.48688,420.0585,137.00685,346.49146,236.29582,96.40423,496.82425,376.79547,58.546825
