hamstring_up0.jpg,471.4915,422.4424,-72.81512,480.86807,429.59833,-96.839066,481.14438,431.39447,-96.84096,481.4466,433.28778,-96.921585,480.31927,429.26154,-66.98542,480.2538,430.84753,-67.04113,480.11255,432.43994,-66.963425,475.85754,448.30875,-147.74338,474.9016,446.26474,-14.735935,459.6236,429.81458,-87.75963,458.85355,429.26804,-49.46765,410.29916,459.77838,-198.64073,407.24512,458.69666,81.010994,328.98138,423.04535,-166.37181,333.36697,433.68518,100.19989,290.48715,379.65045,-33.51803,298.7075,388.71564,30.019966,280.59583,373.6032,-40.18474,290.1964,379.1178,21.365948,285.31546,367.5152,-35.98018,293.99002,379.1796,5.913224,288.74063,371.82297,-29.498098,296.26038,380.80923,18.57488,259.75745,449.84644,-82.77941,282.42526,433.8249,82.726654,148.46707,450.94272,-62.995518,326.54434,342.78455,106.39752,33.50297,470.23447,8.169281,289.8857,262.74698,168.25227,20.531422,481.27866,14.247413,274.86612,259.0668,169.17226,-7.718195,448.80466,-43.57331,301.49722,216.84836,146.95438
hamstring_up1.jpg,479.75406,385.91623,-59.71,489.99637,391.52887,-81.035446,490.49957,393.27744,-81.05912,491.0376,395.11734,-81.17423,489.42783,390.97266,-54.484356,489.53397,392.3705,-54.540882,489.56766,393.7742,-54.4491,487.59732,410.07254,-130.1,486.53223,407.4348,-12.229963,468.9826,394.41165,-73.33879,468.01285,393.86157,-39.513268,424.9047,431.02658,-178.09383,419.6391,430.08737,72.07817,340.92133,409.09534,-155.20041,345.88095,416.40033,96.2144,291.15094,374.3651,-45.245808,301.99466,377.505,42.901745,278.1322,369.78363,-51.057083,291.5103,368.84802,34.557278,282.14435,363.43115,-47.22827,294.9746,370.2397,20.733875,286.99915,366.1391,-41.07514,297.78653,371.74484,32.711166,268.6609,449.6048,-74.42599,287.80243,429.95456,74.461105,153.04213,474.40695,-50.20289,302.09116,335.62033,97.49863,52.6646,508.75723,20.616377,267.34933,254.36418,155.98288,41.084423,521.28253,25.664568,251.5569,251.13753,156.2208,19.804537,497.39117,-34.070805,284.49316,208.12042,128.94633
hamstring_up100.jpg,322.71536,1004.5271,-133.41992,277.6052,1012.87964,-138.77916,276.13858,1013.08044,-138.91847,274.4618,1012.8926,-139.32234,280.5338,1024.3329,-207.1905,278.99014,1033.5284,-207.4518,277.34387,1042.4622,-208.00584,283.544,1044.1731,-49.39972,285.33203,1088.7627,-343.5891,359.03452,1016.6977,-72.05341,359.60638,1032.7653,-160.75946,509.44595,1068.1947,210.04855,479.71252,1123.6644,-436.9733,751.1056,896.2638,506.51843,754.38513,915.0953,-391.7115,931.7035,745.0003,682.56116,985.28,652.62305,-84.32444,961.9627,727.6264,697.3316,1029.4303,600.6828,-53.964306,946.0863,715.2707,702.4541,1010.0902,571.6943,-36.40494,941.12787,717.0993,688.3014,1004.34326,587.66266,-60.958225,1045.6926,1028.6274,210.5333,1098.009,1135.284,-209.35915,928.4573,631.361,352.00104,1575.7743,1136.1316,-275.95245,1013.5196,291.57846,444.01663,2009.3135,1203.5087,-113.509834,1076.081,257.3257,441.19772,2069.7695,1271.556,-109.75741,860.0894,132.3911,403.2376,2104.6326,998.88776,-385.00586
hamstring_up101.jpg,258.3346,938.194,-151.15698,217.32224,956.55835,-148.67133,216.95488,958.1253,-148.8298,216.35295,959.2245,-149.30899,218.80211,965.9286,-232.08699,217.54033,975.27704,-232.53119,216.1826,984.3169,-233.06143,233.51282,1000.24475,-27.908304,232.25789,1036.1617,-388.5876,298.27646,952.4809,-80.33,297.89252,967.0773,-188.36816,479.60266,1012.6116,233.70772,431.20633,1071.6528,-494.88547,729.71063,848.70795,467.9249,706.188,880.4033,-467.9293,897.3027,685.7425,592.429,919.19855,619.7701,-185.55733,926.5953,660.987,604.6956,964.56757,562.1512,-167.38266,911.809,640.941,602.1947,945.02014,535.8243,-155.96336,908.557,647.1663,589.8487,939.60913,555.7834,-167.91837,974.51843,986.4155,217.8507,1030.0499,1091.0829,-217.12122,864.92395,617.50525,371.5576,1551.281,1113.6404,-367.96564,937.20795,251.03108,400.49182,2014.655,1172.2593,-271.1699,995.66895,210.96666,391.7032,2070.4678,1227.4093,-271.43427,788.81525,88.67084,335.09888,2144.5461,1010.11896,-568.83966
hamstring_up104.jpg,523.33026,966.8338,-425.49722,471.54782,952.9145,-376.46973,472.31158,938.2643,-376.13577,472.95804,923.1243,-375.99857,467.56903,997.06,-424.47467,464.0576,1017.3407,-424.44135,460.61624,1037.4796,-424.6788,488.8499,937.197,-35.594883,473.16434,1083.3406,-235.46161,571.9732,955.8681,-284.32587,565.5038,1017.5789,-343.17886,723.2877,1033.2626,322.02844,714.5716,1127.149,-405.38733,1046.4331,1052.0616,357.674,1111.8135,1136.0858,-520.4237,1257.9403,1048.2594,152.06061,1364.5946,1020.1505,-443.813,1317.8262,1035.9509,123.93683,1434.4071,1012.64374,-528.50574,1307.2936,1035.0703,56.116344,1426.668,974.3257,-507.2989,1290.735,1046.4026,111.02092,1406.066,982.2233,-436.43192,1335.448,1239.0646,255.09737,1332.7396,1247.3104,-254.6819,1708.094,1207.4363,393.85977,1435.7467,760.251,-251.22166,1958.9948,1422.3572,518.26776,1636.7789,251.06859,-255.43082,1972.8573,1475.6526,525.0274,1707.6633,198.0211,-255.26273,2064.5398,1430.9971,384.50174,1569.024,32.299606,-503.18732
hamstring_up108.jpg,994.4123,536.2492,-107.885,1013.9462,555.2987,-131.40367,1014.8241,561.3866,-131.43935,1015.76196,567.6832,-131.4194,1012.79004,547.36835,-91.38082,1012.86597,546.5077,-91.79714,1012.9294,545.5998,-92.14405,1003.4552,599.23157,-168.01033,1001.86053,571.172,20.615358,973.34485,558.7067,-115.218895,972.0601,544.6459,-61.592834,868.0344,634.49506,-216.59854,863.8284,585.8739,156.24773,675.86755,630.8776,-218.45145,700.39594,567.04407,198.03078,611.10016,496.49435,-111.29579,633.3803,493.56592,112.79394,589.4306,459.49603,-123.89161,614.64777,480.12296,114.71816,613.2164,451.9341,-96.959885,628.0558,471.03452,83.57134,619.65186,467.28204,-92.98383,632.5265,480.91498,96.46618,557.41797,580.15717,-126.32829,544.7906,573.0254,127.467186,610.20557,349.20874,-9.552216,321.7311,597.1343,224.4267,547.4794,132.00264,46.929214,128.99377,623.4261,284.58395,500.90448,119.86399,54.78805,88.38158,641.3059,287.29956,630.7174,32.220215,29.62228,95.00412,581.292,221.84984
hamstring_up113.jpg,946.4283,483.13855,-91.88318,966.6516,503.32285,-121.7172,967.61865,509.03503,-121.78653,968.6495,514.9417,-121.75894,965.1846,498.0652,-79.30367,965.11646,498.44778,-79.81158,965.0191,498.72446,-80.148705,955.0604,549.37317,-190.37178,952.14246,527.8473,11.643625,923.4089,505.51627,-111.208084,921.75336,494.1,-53.82182,815.6869,589.43036,-236.80563,809.502,539.9955,138.8477,623.4336,608.35284,-245.0025,647.06616,520.20154,204.01978,567.13025,465.22388,-126.36156,580.7783,438.7307,144.73079,547.9232,425.1894,-129.26291,564.02606,422.72302,149.85172,574.4353,419.74585,-98.75462,576.06055,412.99863,116.63611,580.4964,437.1395,-107.04741,580.6957,424.25046,126.685074,499.81577,535.1538,-120.794266,489.70987,527.76587,121.94417,559.4056,323.81738,11.047259,281.9519,547.8338,243.84909,504.84625,106.83331,101.92605,96.94665,570.8065,310.65012,461.38123,91.698975,113.10544,55.156425,587.95264,316.01593,585.3038,12.297549,111.19776,67.388565,523.0933,273.56406
hamstring_up114.jpg,996.5671,540.9459,-107.656296,1017.75037,560.847,-132.20923,1018.951,567.5054,-132.17119,1020.2333,574.3636,-131.96477,1016.14056,551.86035,-90.77714,1016.19434,550.6041,-91.39533,1016.2455,549.28204,-92.08701,1009.4293,607.8344,-166.6196,1006.3655,575.6692,28.915485,976.1697,565.5195,-113.50076,974.17896,549.9554,-57.705795,875.77985,647.33264,-218.19238,872.0843,586.0735,168.39424,680.76196,652.0583,-222.95174,703.58014,570.01166,205.70528,626.8344,494.8084,-106.49362,640.44293,490.25763,117.81184,605.23883,451.63376,-117.09823,621.36633,474.19553,121.922226,633.2611,443.6194,-85.66427,635.95795,464.4167,89.51787,640.05316,462.02017,-85.35463,641.0138,476.5558,101.43539,562.24347,583.0132,-129.7365,550.95825,569.76306,130.91951,613.6644,349.08054,-4.3573265,332.59375,593.6654,233.81392,562.25964,117.73332,58.517597,137.34897,638.63184,290.96667,520.6485,104.0875,69.07077,100.78259,658.30994,293.41803,638.768,15.760866,42.50644,90.11557,613.00555,217.70453
hamstring_up118.jpg,1002.17163,545.4094,-150.49548,1020.3998,564.3938,-171.15166,1020.4579,570.0194,-171.27855,1020.5341,575.8617,-171.39523,1020.70166,556.6515,-135.82497,1021.124,555.45337,-135.95131,1021.5496,554.2303,-136.00758,1008.00244,601.9534,-195.3131,1010.9074,574.7968,-29.593647,979.6662,562.50024,-152.25089,980.4616,549.3554,-104.738304,874.37225,622.6987,-238.67702,877.7209,584.9702,117.52953,681.5196,629.282,-243.68939,706.04865,573.5743,169.85216,630.1253,487.06802,-103.33238,637.06946,491.27847,47.060516,609.8243,446.94492,-111.40342,615.9967,474.9544,33.37954,640.4984,444.80142,-91.25396,632.23114,466.45737,-2.950436,646.44037,463.3469,-84.90071,637.3164,477.10217,27.182499,562.98535,564.615,-121.341064,559.4264,559.3768,122.45758,606.07697,340.82077,-1.642827,366.70264,547.01184,254.11462,538.0755,144.22372,81.92393,207.31146,591.6965,307.1052,495.75015,134.95856,91.709114,174.22415,610.39166,308.43582,614.0001,48.788994,61.621452,187.79695,570.8221,246.76064
hamstring_up12.jpg,943.08344,427.8843,281.7554,954.4129,423.77924,305.12573,958.15704,426.70587,305.16742,962.146,429.72403,304.909,942.1112,413.9881,313.21732,938.0283,410.68088,313.04922,933.7299,407.56018,312.72998,961.1858,439.1335,413.07654,922.24097,407.79034,453.58096,939.023,444.98093,316.64966,923.8177,432.57092,327.39517,941.81104,515.8253,338.52704,837.8026,424.37158,411.17737,935.20056,509.22955,122.38253,750.1309,436.67114,267.78775,832.4614,421.32422,12.324939,734.5577,390.56763,122.88649,797.6705,413.57336,-21.473413,726.05695,384.57193,105.87061,795.1819,404.96985,8.526616,727.6349,374.4246,92.949646,809.6737,411.4643,20.91225,731.6297,374.50037,112.69256,731.4863,605.21765,-49.990276,709.7357,511.67563,49.865486,527.2772,670.79156,-240.04338,687.8732,327.7698,61.862476,309.14023,742.3689,-369.44708,641.0778,195.55768,85.91601,288.93774,747.6288,-389.34082,628.94055,180.34734,84.41372,226.10826,777.6536,-519.7276,643.5839,139.30873,36.55617
hamstring_up120.jpg,983.1959,514.4383,-73.67264,1003.8097,531.77637,-100.735245,1004.88995,536.7229,-100.835106,1006.0001,541.89453,-100.90237,1002.43396,527.1342,-62.709583,1002.5366,527.41187,-62.9545,1002.60895,527.6705,-63.016056,995.17334,572.6627,-157.32368,992.48303,553.3883,24.423609,962.84595,534.7246,-87.76717,961.3332,524.4742,-36.299633,860.3537,611.7543,-216.59242,856.26447,570.04724,160.46988,661.7196,613.7411,-215.6805,686.652,553.9498,207.52429,598.73206,465.4101,-99.32921,611.3416,469.1354,126.32043,577.55133,423.3205,-114.2113,591.8466,452.89532,133.01546,604.8289,418.63843,-81.75262,604.77325,441.57147,95.64533,611.7256,436.75955,-78.47039,610.4005,451.89267,107.6609,539.0133,565.4302,-128.44022,531.9461,559.6703,129.72453,577.14764,313.18607,-12.395532,319.1333,563.9394,275.90012,502.42783,77.819115,45.024128,130.79721,592.55804,347.4914,454.77277,65.57317,53.547607,94.090576,611.2272,351.82315,583.1129,-35.903503,19.80264,89.49617,554.9616,287.038
hamstring_up123.jpg,152.3314,504.06454,-123.69267,123.49981,515.6474,-116.54384,122.39279,515.7414,-116.51411,121.21166,515.48615,-116.58338,125.1919,522.62994,-157.27908,124.75353,528.7653,-157.42336,124.29002,534.924,-157.43915,126.93691,542.4823,-33.137043,131.78554,569.1541,-202.50188,175.08124,514.6399,-83.510605,176.53734,525.7595,-133.85481,270.59915,558.59393,94.0833,270.98322,623.9025,-238.80917,459.01297,539.44183,123.044876,481.4141,644.7251,-269.24158,535.3794,482.69272,24.782337,542.109,484.73358,-202.09358,548.07025,468.77353,8.95572,560.8473,446.44757,-238.1688,534.5965,456.29596,-18.09978,540.607,434.46753,-204.41225,528.27026,467.90485,3.4027588,533.68384,450.11392,-187.54538,621.3551,570.8863,102.75008,615.934,586.5675,-102.5248,830.1894,554.50146,146.63573,590.36395,337.42264,-0.5120807,975.08044,576.2005,214.21977,664.99963,60.5713,34.49219,987.525,588.8324,215.10878,698.2181,29.862478,35.088306,1034.2667,566.7242,110.01323,625.1077,-38.8216,-74.62364
hamstring_up124.jpg,983.0409,508.50397,-93.68389,999.47675,526.5966,-115.03269,999.1362,530.9659,-115.20222,998.8208,535.61017,-115.33611,1001.0997,522.4796,-79.553246,1001.93787,522.76843,-79.79307,1002.7687,523.0331,-79.96161,985.39075,562.4599,-156.78653,991.9933,546.5089,8.80799,959.5564,524.74304,-104.11683,962.0101,515.3861,-56.93892,839.7939,602.2613,-218.74924,852.40283,550.44556,148.64034,646.94434,617.812,-205.247,681.79285,541.50244,215.86362,585.1869,464.58936,-92.296715,602.3565,454.65018,97.96392,562.3273,424.1389,-113.148994,580.329,436.19653,89.7935,591.9946,416.92368,-92.33507,594.9435,427.341,41.37338,601.13544,435.94656,-75.011375,601.2189,438.73578,73.38879,536.0358,550.7973,-130.2992,539.741,538.6321,131.37488,582.6204,315.0401,-45.747723,325.15472,535.79504,243.21355,508.7562,85.606186,20.89823,166.30602,585.2312,331.36194,462.88013,75.5393,29.332531,134.85243,606.10724,337.4522,594.3948,-32.737965,-24.45765,139.16216,554.4335,264.0174
hamstring_up125.jpg,928.05676,459.9003,-84.07447,946.68274,478.99875,-109.52798,947.15466,484.39188,-109.60212,947.65356,490.00806,-109.7259,946.9119,473.22043,-71.99844,947.47815,473.07617,-72.23481,948.013,472.8751,-72.27487,935.6425,520.3908,-163.16396,937.60645,498.41068,13.214932,906.846,480.43335,-96.88338,907.06854,468.32996,-46.86282,799.66534,557.7415,-219.78075,806.90393,499.5765,141.91537,608.27234,569.24457,-214.21056,642.86053,489.95523,203.78258,547.7192,412.90997,-67.78331,567.4712,412.63297,112.605225,523.25806,371.78204,-72.984474,543.84094,397.12418,110.99935,552.85345,365.46225,-40.686096,557.55695,388.08618,73.48534,562.782,384.64175,-46.08858,565.106,399.4792,92.7873,485.39227,500.78845,-121.77735,485.97723,486.19824,122.81967,518.0073,274.96948,-21.53016,281.4262,508.4051,252.9577,451.11658,64.952545,66.59139,104.09022,562.86035,301.9155,411.52075,56.069176,79.42332,72.18706,583.7796,304.85187,515.05176,-32.739086,66.14509,57.050747,544.5582,249.11894
hamstring_up126.jpg,975.9012,529.8279,-95.08366,996.59845,550.65106,-121.2075,997.35126,556.9131,-121.203636,998.1676,563.35895,-121.04023,995.782,542.25806,-84.00165,996.09814,541.2488,-84.40006,996.41986,540.1359,-84.80236,986.6869,594.4228,-160.42265,986.11316,564.103,14.81471,954.3582,551.29535,-101.5831,953.68414,536.67346,-51.604565,851.3063,628.241,-206.35,848.9092,565.0658,145.79477,653.4265,640.635,-204.44643,674.08795,559.9643,188.36168,594.49615,488.20428,-63.177906,599.70233,487.82864,79.23293,570.5234,446.66653,-66.72532,574.76996,471.77567,71.16429,601.26776,441.85736,-43.05387,589.25256,465.39703,41.05084,609.9716,460.5318,-44.60542,597.52496,477.5098,62.11338,529.79974,565.2446,-116.24541,523.843,548.85236,117.26617,531.07947,334.4637,8.221433,315.58182,580.3393,196.45882,472.22717,118.30867,93.514404,116.48057,647.7508,165.48677,433.06207,106.914406,104.145515,79.917015,670.66437,157.81712,542.2786,18.824118,68.86636,72.30738,636.6467,77.69727
hamstring_up130.jpg,978.957,532.84894,-190.37306,995.04047,555.0982,-210.85983,994.5115,561.547,-210.96254,994.00665,568.2045,-210.98384,996.7007,545.906,-171.58371,997.5817,544.4263,-171.70097,998.4726,542.86194,-171.77785,979.5019,596.56213,-225.27997,986.72943,565.7241,-43.723984,955.6972,552.3,-186.7729,958.41724,536.0307,-134.74431,844.2652,621.1344,-266.60287,849.429,561.765,127.81808,650.3683,640.0213,-258.7459,677.318,553.4716,199.46478,595.9021,491.0661,-94.26609,597.5002,478.73065,54.96913,571.7251,454.1575,-99.21134,569.3643,463.76816,42.32141,601.6265,447.4253,-76.63655,585.4208,456.62036,1.8590155,611.5396,466.84378,-72.60377,594.6164,468.1682,33.47135,529.7051,554.03253,-141.85297,525.04517,540.26544,142.7044,532.8606,351.8681,-16.687462,303.07312,557.8293,291.9319,466.73502,123.71432,90.500694,93.00603,633.71124,280.8149,424.8886,114.9935,102.89629,55.40157,660.56775,275.7362,544.3056,16.377663,74.45437,52.845207,606.73535,220.09686
hamstring_up131.jpg,931.91315,482.9237,-77.81876,954.774,502.5535,-108.771484,956.02234,508.55374,-108.6751,957.34375,514.73206,-108.39547,953.029,496.05927,-68.003784,953.00977,495.62384,-68.6393,952.9636,495.12735,-69.29901,944.7663,549.1244,-171.79103,941.20233,523.0444,21.331928,909.14545,506.78757,-93.79392,907.0033,493.57056,-38.676144,806.124,586.6508,-223.06273,803.8346,540.0134,138.60126,604.22144,600.3539,-227.27129,629.2714,529.5295,165.14131,542.66,442.50705,-112.31348,557.9708,433.92346,90.87475,517.09753,400.7507,-123.918915,536.6559,411.37906,88.9798,544.5402,391.3035,-97.0221,549.63873,403.16458,58.19221,552.8833,409.0674,-94.88889,555.422,417.72314,74.250595,471.7148,527.5545,-120.177704,473.1725,518.7323,121.57841,500.03317,299.57648,4.3282385,278.69525,500.72076,275.23364,429.42856,84.92994,101.55656,126.72259,578.21356,366.0464,389.56042,74.98656,116.96642,100.80279,601.7503,375.1947,497.15848,-20.496168,106.563385,87.442604,568.5561,334.36362
hamstring_up14.jpg,923.6406,539.1958,282.8955,935.84155,539.8281,308.41318,938.2737,544.09796,308.5011,940.9909,548.42224,308.34366,927.3505,526.2877,321.11032,924.6499,521.3829,321.0047,921.64966,516.6245,320.8207,936.1428,557.27594,418.36176,910.19574,512.38293,477.14798,912.4186,554.4978,317.1045,902.50635,537.3015,332.4513,898.02246,625.0278,316.69388,819.2714,504.82516,436.32758,868.7409,624.63965,89.57943,725.0096,490.8742,259.0052,802.6157,509.20065,-11.4189205,750.41644,447.2292,104.140755,778.8168,494.04443,-43.81979,756.0775,440.52448,71.140045,779.94556,480.9848,-18.149553,763.04395,426.69495,71.11671,787.8482,489.22723,-5.0251327,762.13324,428.4063,97.11141,671.9755,659.3705,-57.47502,669.21576,559.3247,58.00847,463.3272,662.6296,-179.77531,695.9024,384.6735,42.160816,239.51573,669.4149,-368.0028,689.2446,252.20815,-33.49609,214.21437,673.43317,-393.78268,678.9807,238.07521,-47.653664,157.05045,673.38525,-524.5772,706.4444,197.25734,-123.821396
hamstring_up17.jpg,889.00165,363.0932,237.33453,901.64276,361.60217,252.24324,905.60815,365.04413,252.30588,909.7939,368.55283,252.07614,890.14795,352.1225,267.37885,886.4341,349.15866,267.1272,882.5014,346.3481,266.78024,910.1541,382.49957,334.5405,874.10895,352.15356,407.5765,885.60944,382.88425,264.19214,870.9788,370.4985,284.5236,893.5499,461.7943,280.71155,789.4933,373.23914,388.64285,885.68835,470.54855,92.20022,689.5378,379.41272,243.85658,776.2792,371.32294,-7.719696,664.27716,303.22067,56.89458,740.10406,362.4895,-35.92165,651.95044,286.16907,38.54531,738.192,346.0312,-12.003849,658.4254,277.50473,24.454653,751.48126,355.39462,0.48753816,662.9085,284.80875,45.56445,680.069,559.8354,-47.454716,655.0479,464.07013,47.339348,490.46777,628.5774,-193.29115,636.2648,284.73355,23.409197,275.88776,697.2142,-301.78186,567.7175,165.94997,-5.604605,254.53963,705.8723,-316.89246,551.91534,156.86304,-12.329805,195.00316,718.54425,-430.44733,570.96906,111.427,-52.774246
hamstring_up19.jpg,1068.3855,282.92142,80.872635,1094.5759,290.81433,54.543423,1099.4735,295.5754,54.588234,1104.5714,300.52237,54.502533,1088.3514,286.49683,104.47448,1088.5825,288.13647,104.354195,1088.757,289.67963,104.37909,1116.1168,340.55524,-9.085219,1097.9017,324.58612,225.98256,1062.7241,314.52365,62.18857,1054.1267,308.70978,129.68655,1035.1968,434.64954,-113.28239,981.89215,378.0221,346.06464,859.1075,427.41217,-142.06624,827.87604,357.42508,450.04666,756.02405,311.83932,-65.895,741.41833,281.3861,428.34442,725.6269,287.82266,-70.41386,719.89246,269.51044,441.52112,737.7809,277.95596,-54.59084,728.2631,256.67657,417.58652,749.6875,288.2134,-54.56021,738.12146,264.24313,410.65063,731.77295,479.66217,-145.6744,681.9206,459.43387,145.91539,790.7668,242.75279,-131.02675,417.80222,542.2077,104.20867,636.7263,116.76202,-142.30354,178.32327,634.1266,118.68011,594.834,128.86739,-140.16512,145.8712,678.8473,115.70674,636.44586,15.402355,-150.0408,74.37663,582.22943,21.81396
hamstring_up2.jpg,452.40118,483.77057,-61.995354,457.3724,493.65628,-80.30089,456.73276,495.62967,-80.354546,456.10602,497.71918,-80.46878,457.7148,492.55908,-50.491543,457.3795,493.70163,-50.563457,456.97394,494.80542,-50.468334,445.90427,509.44424,-123.451775,448.0716,505.23358,10.497266,439.20465,486.35828,-74.27958,439.43323,484.76752,-35.80037,383.39026,503.29358,-185.72089,380.8571,492.3312,104.326775,318.54074,450.77875,-158.33304,317.98093,452.49213,118.586,291.31052,391.69446,-38.61616,294.63507,393.92825,45.589794,280.6273,380.69687,-44.258442,287.13968,380.38046,38.712185,287.26776,376.17517,-41.569664,291.56717,382.2212,23.482227,291.3239,381.42197,-34.841877,294.79456,385.19458,34.403355,242.10025,451.5301,-86.46537,264.0053,436.51535,86.46102,131.57072,424.8379,-53.61924,306.41406,354.16125,124.13433,26.500072,414.71954,38.305965,314.0884,267.62964,196.57375,10.318769,421.19528,46.418163,301.5904,259.1642,198.9403,0.12900728,387.05652,-4.6721764,348.86115,227.72488,176.00426
hamstring_up20.jpg,1053.8584,460.2008,95.03282,1072.0406,475.75632,77.05533,1073.5753,482.12796,77.00958,1075.2206,488.73724,76.777176,1070.662,468.26202,122.754196,1070.9377,468.95447,122.639175,1071.2035,469.6019,122.664154,1065.8745,523.3761,19.34189,1063.4271,497.88846,235.31363,1033.0753,483.50272,75.925385,1030.5966,472.4041,137.97636,952.0297,560.16595,-114.39019,934.7495,503.43213,348.60168,805.02386,479.94623,-154.44003,804.88074,416.7429,442.6725,769.7748,334.4644,-83.24366,769.62885,312.34628,404.04593,753.7452,301.56268,-91.981834,759.9229,293.76968,422.6337,769.8054,294.91278,-67.56843,772.02795,284.51123,392.45007,775.69006,308.4472,-68.18275,775.3513,294.3341,385.11487,668.06415,481.09668,-148.39493,632.32916,451.41208,148.73506,815.17786,293.44287,-116.52211,376.86008,406.7573,112.897896,739.20966,110.64666,-119.84296,137.85884,385.81995,144.60379,699.269,102.45834,-117.214745,92.89689,411.21622,142.08958,783.36523,27.062065,-120.94958,69.16775,300.05466,53.431828
hamstring_up21.jpg,329.30585,355.829,135.58798,305.31577,359.3303,150.83295,305.0438,360.8094,150.93611,304.66998,362.03836,151.03035,301.1463,363.02286,96.644035,297.07904,367.5044,96.60813,293.1387,371.78513,96.48239,298.1448,392.2869,247.41096,284.85986,405.91895,11.474583,344.94424,377.36453,180.06445,338.28845,383.46207,111.32823,410.46686,425.8072,380.57587,364.31635,487.11346,-112.16333,545.94794,374.54218,515.679,504.95355,475.07254,-201.01091,607.8377,286.28305,533.9486,604.7594,324.76373,-195.16963,626.4887,262.76077,536.4722,644.9837,301.74008,-205.43304,614.7648,259.91946,507.5772,634.99554,282.77463,-187.65736,606.9097,268.2411,515.2379,619.2703,294.6932,-181.9166,733.10077,455.5504,160.41704,693.9891,484.75525,-160.03471,982.5231,455.80292,96.04651,604.5628,262.94223,-118.56544,1244.1356,532.35596,144.25052,723.49725,102.693924,18.06642,1272.8523,571.908,141.83916,757.616,98.79677,32.56229,1344.1615,486.73065,61.213825,716.4486,22.850695,48.942734
hamstring_up22.jpg,1046.0425,354.04544,126.19542,1071.2396,360.88864,91.07905,1075.4236,365.2546,91.12491,1079.7563,369.83502,90.963844,1067.2898,358.84952,144.69977,1068.1619,361.87415,144.54001,1069.0062,364.81927,144.5941,1090.1222,409.5216,-14.919754,1078.5759,401.7914,234.4214,1039.2332,383.4871,93.79499,1032.486,380.53445,165.9768,1008.57904,488.0775,-143.50485,975.16254,451.14783,365.75177,847.99365,447.59158,-155.55286,824.08563,399.19977,499.61954,767.01013,325.41885,-45.9552,755.23157,291.14035,507.53052,739.9651,306.00775,-46.060993,736.3608,271.8663,531.9656,749.60547,293.33377,-19.837406,744.9197,260.87375,501.92328,761.8288,302.9961,-28.52055,752.6722,269.7834,488.74893,706.91003,477.5734,-158.89447,667.92896,462.59402,158.97949,792.7317,269.6367,-113.17524,421.42172,476.30994,152.87883,697.15216,102.50942,-85.18175,176.91399,518.46436,202.80696,657.6835,104.15371,-80.25976,138.55238,557.0777,201.33633,730.8341,6.8016496,-81.54702,84.30293,454.23325,130.96538
hamstring_up23.jpg,1020.3373,302.00064,79.731926,1047.1439,311.09842,55.484207,1051.589,316.7488,55.370083,1056.1749,322.62042,55.09214,1041.2902,304.66006,101.17748,1041.1494,305.3196,101.07324,1040.972,305.88644,101.099,1062.1288,362.17722,-3.9171052,1045.3281,338.9307,213.57141,1011.16797,333.74615,61.950493,1002.61835,323.97693,124.28515,966.01764,448.77036,-108.35031,930.96014,371.93347,325.01602,794.22925,412.95663,-156.1697,790.7819,320.84186,401.15903,718.74524,270.92523,-101.979965,714.6036,231.01219,358.12698,690.2982,238.5783,-107.96934,693.6949,213.86662,367.20667,705.0873,228.63312,-86.7106,702.7766,205.48743,346.9095,715.9625,241.91083,-88.780914,711.2294,215.45409,340.67316,651.83575,436.7357,-131.6374,611.7505,401.1772,131.87013,767.999,210.89384,-120.207115,345.23453,436.1115,97.40023,630.55774,57.158737,-153.4184,105.81997,488.29047,140.79279,586.6967,58.325935,-152.66907,70.525986,525.5126,140.86528,641.69196,-34.242134,-183.39648,7.116997,422.10757,28.482561
hamstring_up24.jpg,290.2969,318.84335,-41.504463,297.3165,322.8805,-56.19747,297.8539,324.50693,-56.240257,298.4433,326.2208,-56.33015,297.03955,321.80984,-31.956846,297.2747,322.37943,-31.968967,297.4272,322.9662,-31.916466,297.8931,337.83487,-96.15419,297.0988,333.6122,16.309486,284.47885,326.04446,-54.880894,283.87204,324.46143,-22.570923,264.96292,359.0149,-152.12653,266.01352,344.05386,92.1203,212.67355,337.68533,-164.81586,230.5929,319.73038,141.93756,201.22563,293.35968,-112.77385,209.50096,285.11597,120.1486,195.14691,284.07684,-116.76158,201.43353,276.18903,133.07317,203.0609,281.4693,-112.212166,203.87924,273.57407,116.5832,204.9264,286.55637,-107.58398,205.02528,277.06207,113.20882,171.12479,361.17984,-76.90393,184.93105,342.67783,77.08979,119.37814,317.74265,-140.09462,205.18407,261.53128,121.43718,76.73164,357.80435,-62.52286,192.50177,199.13179,173.59256,74.94444,371.5778,-51.832985,182.23438,196.16383,177.59186,45.355087,347.097,-70.19507,203.02385,158.43417,159.63585
hamstring_up25.jpg,289.08942,311.30002,-61.022835,296.62463,314.01312,-77.6078,297.29922,315.3987,-77.6585,298.0277,316.85718,-77.75085,296.26373,313.4367,-53.782764,296.4876,314.098,-53.810177,296.6349,314.7805,-53.754517,299.0027,328.5881,-122.7563,297.46353,326.0816,-12.422845,284.3201,319.21027,-75.690346,283.43335,318.36356,-43.9456,265.90784,355.83203,-162.7933,271.38504,342.7238,58.132393,212.0587,341.5012,-165.41998,236.06924,323.94055,109.19438,197.41827,299.3715,-96.72118,206.40332,294.98795,92.732635,192.21696,290.54825,-100.487686,197.052,287.0893,102.390915,198.56294,287.7218,-94.84471,198.46642,286.4159,87.10123,200.623,292.5798,-91.695816,199.96852,289.66077,86.18054,176.01668,372.01328,-70.71347,189.8199,354.40857,70.81782,124.37218,333.91714,-119.38396,189.10316,276.68918,107.269936,94.27212,380.8642,-31.582956,168.00209,221.64055,158.59845,95.54924,393.98682,-19.958523,158.81935,219.65514,162.5281,64.737885,377.07785,-28.561827,170.56079,186.55872,149.01036
hamstring_up26.jpg,287.10886,332.416,-24.362669,292.61252,338.20056,-38.184715,292.76892,339.88602,-38.238415,292.96347,341.66968,-38.30214,292.4648,336.884,-14.634576,292.5282,337.38153,-14.644915,292.48828,337.86594,-14.597379,289.93515,352.23593,-73.46454,289.92355,347.14246,35.702923,280.30777,337.61414,-35.67221,279.98553,335.69183,-4.4103456,257.8556,363.82895,-127.9411,258.63577,345.58557,109.03604,215.75388,335.14548,-143.16109,234.20073,314.36438,179.61328,209.71104,282.17786,-90.31386,224.73613,276.20724,175.94849,204.223,271.27222,-90.79307,218.2787,265.08527,189.48236,212.67679,268.13348,-84.60799,221.44786,264.21506,170.18211,213.6651,273.78864,-83.98014,222.01697,268.15634,168.6957,167.57979,341.49554,-75.13561,183.62694,324.58054,75.29018,122.26533,284.61942,-154.32332,223.36864,251.0811,114.06453,84.01342,313.33264,-76.88579,229.08049,189.08884,154.83406,82.16494,325.68692,-65.02212,220.40932,184.34471,158.02417,54.90204,297.56198,-72.16552,248.34087,152.73064,141.55313
hamstring_up28.jpg,288.6505,318.86072,-31.01741,295.6515,322.58057,-46.295357,296.38147,324.20657,-46.324543,297.16275,325.91815,-46.385,295.05634,321.53036,-21.585207,295.1896,322.12344,-21.612286,295.23785,322.72797,-21.557446,297.38992,337.52563,-88.94828,295.35693,333.54324,25.148642,283.64264,326.37897,-45.144054,282.44852,324.73724,-12.218711,267.4531,357.43143,-145.08728,265.94266,343.52087,98.10121,221.89919,337.8194,-162.37189,233.73862,320.17725,160.88231,203.52937,294.0806,-112.99726,213.2652,287.1437,163.4548,196.37874,287.08005,-115.6967,205.0513,278.77322,181.51439,202.5403,282.55563,-107.510796,207.23297,276.09683,165.1442,205.06252,287.3123,-106.835526,208.72643,278.69897,157.13557,173.0426,359.46753,-76.00288,186.8032,341.97318,76.12325,113.7613,318.62573,-147.33981,208.11337,266.15002,136.47487,80.91088,360.61954,-74.77259,196.5325,203.6648,192.3898,81.8914,373.93448,-64.13148,186.89003,200.51805,197.0993,50.14639,353.3615,-72.92577,206.15005,165.40901,188.69676
hamstring_up29.jpg,239.18411,268.1464,-20.304165,245.99118,271.67773,-34.086014,246.40334,273.13074,-34.11847,246.86783,274.66443,-34.208,246.1559,271.15466,-11.731915,246.54794,271.79172,-11.75633,246.85306,272.45483,-11.712002,245.91943,285.53915,-75.74328,246.39485,282.5416,26.54889,233.20815,274.83337,-34.235504,233.07513,273.46143,-4.9470735,214.51566,304.15674,-130.65588,215.44794,293.4521,91.07593,166.90436,289.54956,-159.01599,181.40941,267.59192,134.63074,150.33545,242.22426,-117.04963,158.34866,231.31,120.93719,143.3595,232.93773,-121.70733,150.49448,221.8374,130.79076,150.89856,229.049,-113.89649,153.48282,219.54364,116.236145,153.07855,234.31044,-111.514206,154.78111,222.40834,114.431755,120.149796,304.40744,-69.353,132.17879,290.85864,69.52201,86.04868,256.20514,-102.88541,152.36165,212.85811,99.20169,39.49325,297.9131,-42.0553,137.2057,156.89742,146.35835,35.971066,312.2397,-33.915886,127.885956,155.17586,149.73271,12.0240755,286.29346,-52.276848,144.96373,117.86819,132.91347
hamstring_up3.jpg,37.964283,420.9788,-121.272316,26.178778,429.8981,-112.258194,25.652246,431.30664,-112.3106,25.093035,432.5917,-112.39782,27.187944,430.45587,-147.30658,27.08881,432.85477,-147.34167,26.99939,435.20462,-147.3747,27.980543,447.83197,-46.6741,30.77833,450.98215,-194.16846,47.297035,426.80212,-91.71723,48.336494,429.11505,-135.09306,94.519226,451.6767,69.568886,91.54508,467.3735,-242.86783,171.11678,431.21082,130.5524,184.0627,435.17447,-231.44402,206.73347,388.3603,80.38266,222.2411,379.8795,-115.16818,215.70595,380.29492,76.262215,232.36331,367.3793,-116.117226,209.76859,374.70142,61.483814,222.94037,363.21408,-113.25357,207.96991,377.89523,70.128784,220.37425,368.7349,-108.48473,234.01271,430.312,83.7356,253.69437,456.59717,-83.671684,176.54247,341.72433,168.88635,375.84793,446.69473,-21.197048,221.30797,258.75894,263.52795,479.02267,461.36453,116.18404,240.73508,251.25998,270.29282,494.90576,476.273,128.69814,193.53317,214.85428,261.28763,504.98346,418.79315,46.012135
hamstring_up30.jpg,300.9875,336.9032,-52.48579,307.93832,341.60828,-68.58942,308.27292,343.15225,-68.613976,308.65823,344.77936,-68.673195,308.4336,341.1562,-42.279873,309.0367,342.04846,-42.263077,309.5253,342.9491,-42.199207,309.05035,356.31012,-111.04328,310.79416,354.3818,10.314516,295.64294,343.5952,-66.693665,295.97247,342.72522,-31.698965,279.31088,376.27664,-163.4518,280.52188,358.54327,85.41924,231.59952,362.69513,-182.15352,244.44597,336.8882,129.36752,208.64458,318.47656,-117.214745,217.7715,306.06458,104.0906,200.38506,310.24963,-117.49252,209.36583,298.55457,116.05883,206.63956,306.58295,-112.838684,211.12425,294.79053,99.530464,209.36993,311.6432,-111.72368,212.30176,297.60675,95.95231,185.52063,375.55353,-72.601265,195.57608,354.6614,72.68208,137.56544,367.63498,-114.62104,218.94621,286.94333,118.09415,67.63181,374.66183,-67.355644,200.3863,224.62546,160.46465,57.405403,381.5612,-63.051407,188.2933,220.26361,162.96562,44.130646,357.64798,-100.60635,215.85248,187.4581,143.94914
hamstring_up31.jpg,307.2849,327.55304,-53.38019,314.22064,330.14148,-71.0644,314.42914,331.19266,-71.0942,314.70334,332.3293,-71.15114,315.4863,330.91312,-46.243202,316.43903,332.0618,-46.221638,317.2821,333.2351,-46.1712,316.00055,343.28406,-121.55152,319.80743,344.69394,-6.59306,301.86353,334.05283,-70.77012,303.10135,334.73605,-37.720497,285.10666,369.8466,-168.96829,293.23404,358.2807,60.803085,234.05576,357.4904,-186.57945,254.31523,344.70212,113.40583,212.508,320.195,-132.33888,225.52324,321.66754,120.74754,206.33263,314.04172,-137.98506,218.29042,315.54816,133.07007,211.19023,309.41846,-133.54727,218.95895,312.68695,118.0575,213.10289,313.0448,-128.53029,219.66551,315.05518,114.05886,199.14313,388.34158,-66.63396,207.88937,369.55807,66.72959,159.09529,386.03598,-142.62997,207.96066,299.6057,123.09104,89.74766,397.1121,-117.764,179.5202,241.1796,189.9225,80.316,403.94247,-115.25645,167.69258,239.30275,195.3007,63.836796,383.93256,-161.08391,184.0952,201.21017,171.83485
hamstring_up32.jpg,290.77563,347.31595,-51.656586,295.65936,353.09515,-67.14728,295.31033,354.35535,-67.20346,294.99255,355.71674,-67.26845,296.58722,353.54837,-42.21583,296.97333,354.7009,-42.20004,297.252,355.83817,-42.14463,290.89676,365.76602,-113.320114,294.22284,366.37466,2.8151963,282.82062,351.01392,-67.97804,283.91052,350.9817,-34.551723,251.9579,373.34537,-165.94867,264.0504,363.94058,70.519295,208.21657,343.49728,-175.43213,234.39705,332.9016,98.106384,206.02844,299.3404,-105.27415,216.93555,296.32693,64.791504,203.21613,289.69348,-106.93579,212.11263,286.97714,73.52003,210.43938,289.04892,-103.42312,214.00035,284.9713,58.09827,210.56906,294.00275,-100.73691,213.5877,288.3717,56.990307,165.95668,350.10214,-70.18094,182.1892,336.65707,70.29353,130.79898,328.16727,-131.30743,220.81468,279.50702,142.01178,62.127,309.5488,-105.94918,220.4009,214.43971,205.7904,50.59573,311.55945,-103.79485,211.067,206.42722,210.62057,45.277073,286.8552,-148.23569,243.23322,181.98961,191.04044
hamstring_up33.jpg,205.31413,336.84897,-103.87014,198.37447,343.07663,-99.09519,197.93875,344.61496,-99.047195,197.44067,346.0251,-99.08203,199.7486,342.39206,-123.74992,199.88637,343.56427,-123.751045,200.10898,344.69577,-123.696846,199.58192,357.52866,-64.73904,202.63057,355.5569,-172.01434,211.07901,342.5636,-86.75788,212.34608,342.25418,-117.885445,228.04755,368.92184,19.74591,239.80153,361.81396,-203.85368,261.64505,355.8476,135.44054,285.98303,343.63293,-172.93517,279.73196,312.57837,208.72194,303.63153,314.1294,-32.069614,284.39346,302.20837,223.16113,312.1161,306.3197,-26.901281,285.47147,298.06137,210.054,305.80075,303.80637,-30.945082,286.76443,301.27466,203.55847,303.42432,307.91132,-29.176804,311.02243,361.64716,60.98475,328.7641,371.50812,-61.013554,296.55927,288.44696,40.58603,391.31406,368.51205,-8.466411,301.51797,210.4818,49.067974,446.70523,376.11542,97.971954,312.88278,201.32283,47.136913,453.986,385.88306,108.21127,273.59332,174.00536,24.827719,469.99255,345.1711,61.224823
hamstring_up34.jpg,304.61154,334.2188,-107.61933,310.5633,339.47485,-126.16739,310.39038,340.834,-126.19932,310.2607,342.2781,-126.26329,311.99835,339.49136,-100.47528,312.79446,340.47217,-100.45128,313.47195,341.4655,-100.419266,308.96402,353.8051,-171.1299,313.65564,352.99136,-54.25079,297.75684,340.17047,-121.48152,299.38037,339.93942,-87.866066,274.0745,375.49335,-207.50226,284.8477,357.33102,22.128586,224.64398,361.00894,-209.92761,248.45534,338.18454,64.93402,206.73277,317.72635,-155.34836,220.5317,310.54495,32.7505,199.3375,308.36725,-163.17505,212.23067,303.13208,41.252274,206.78912,304.80325,-160.3625,212.59937,300.1473,20.048897,209.56941,310.10422,-151.01453,213.70683,303.48254,23.128716,188.03575,372.55844,-63.679634,203.12701,352.37152,63.895714,129.09612,370.24005,-54.027706,213.55003,286.92868,86.01784,70.73159,372.74274,38.16641,201.59344,223.90807,139.28734,63.39626,378.6602,47.088078,191.01173,219.29195,142.68066,46.35044,355.42017,11.982175,216.78676,187.62062,118.70505
hamstring_up35.jpg,250.9329,287.08844,-59.870365,257.31592,291.18787,-73.86864,257.4655,292.50864,-73.904495,257.67096,293.9268,-73.91782,257.92932,291.1522,-49.500534,258.51425,291.9423,-49.47779,258.98654,292.76254,-49.43099,257.5009,305.01706,-113.58316,259.7012,303.84305,0.11334329,245.32953,293.3517,-74.190636,246.09192,292.6623,-41.348263,225.31894,327.60516,-155.4838,231.4177,311.16193,58.189754,174.25667,310.0498,-165.7548,193.48015,289.56152,74.77162,155.1361,268.60187,-113.77158,167.79056,258.39517,35.93002,149.08676,259.39792,-120.313,161.40498,250.27322,42.173336,155.16325,256.31104,-118.70496,162.7297,247.80841,25.792519,156.74496,260.71854,-110.93769,163.22758,251.75336,27.447624,139.32423,325.40945,-66.121574,150.64685,307.83502,66.276146,96.035225,310.8046,-120.22978,173.79175,242.85156,125.4071,15.890102,311.4578,-92.36641,145.18802,181.19937,178.21732,4.7438145,317.1901,-89.64965,132.78868,177.28574,182.70735,-9.356521,289.95532,-132.19807,155.21397,140.05162,163.8999
hamstring_up36.jpg,324.09927,388.89246,-123.38775,328.48605,395.64676,-142.25851,327.83517,397.11206,-142.21883,327.2125,398.7025,-142.22258,329.93472,395.38406,-118.29465,330.3866,396.02762,-118.269516,330.78516,396.64874,-118.186424,321.72516,408.4094,-182.42459,326.59723,405.89944,-70.979416,315.6268,392.7114,-134.5838,317.43378,391.28314,-102.41109,273.1885,418.90134,-208.5177,289.38495,400.3145,6.128443,222.00972,394.99667,-214.8338,248.54965,384.0656,83.44907,192.53174,363.04767,-219.5779,209.78864,361.5752,59.887085,182.84685,358.27432,-243.54823,198.50252,356.01318,66.45867,185.20314,356.47754,-243.33676,197.10321,356.07465,38.26478,189.38002,357.58978,-218.51694,200.6451,360.0169,48.143997,188.61798,406.14386,-67.55873,190.65906,400.8395,68.01986,201.5855,336.91455,-90.88756,133.36841,391.52563,233.12129,175.7854,259.0703,-79.918106,82.88426,404.02966,349.10037,160.87706,250.9329,-79.490425,73.10552,407.81894,361.1969,197.63904,219.4886,-134.84769,72.27343,391.11017,333.6489
hamstring_up37.jpg,347.8844,375.90076,-96.61461,353.25317,381.7971,-114.05738,352.90906,383.32156,-114.05416,352.6102,384.95267,-114.090256,354.53906,381.2265,-92.5218,355.0835,381.69864,-92.49034,355.5795,382.16748,-92.408676,348.88904,394.8726,-151.23503,353.02756,391.39362,-50.464237,340.61642,381.01904,-106.5509,342.046,378.9936,-77.49128,303.65997,412.427,-177.81245,315.78836,390.81918,21.458874,246.50473,402.1596,-171.63765,271.05978,382.36743,84.43486,212.21898,375.42282,-159.41048,229.89482,366.7439,47.0775,201.65742,371.79498,-176.9299,217.55846,363.355,52.4373,204.43198,369.47324,-174.83687,216.49239,362.67996,25.736904,209.0621,370.20474,-157.0135,220.48367,366.37418,35.76859,216.12242,413.0779,-65.927605,216.19392,406.81598,66.41561,217.97234,346.11356,-73.33577,158.3975,399.74152,226.47171,180.13118,271.62616,-58.043037,111.32937,420.4033,333.4503,164.5423,266.2406,-56.43837,102.94387,426.13187,345.012,195.53453,231.15965,-98.18079,98.45508,410.62378,323.8392
hamstring_up38.jpg,279.1989,401.35834,-122.990974,282.44162,409.5091,-139.8908,281.35065,411.03244,-139.87549,280.26697,412.65988,-139.87216,284.46774,408.93445,-120.1281,285.1252,409.32587,-120.0946,285.7525,409.67966,-120.05452,273.09647,421.07925,-169.63815,280.36716,417.32294,-77.71959,269.77597,403.68057,-129.8924,272.72064,401.73892,-103.33179,222.6085,420.2249,-184.09901,248.8692,403.60596,-5.6855392,176.79141,383.82092,-165.39201,213.13225,375.60864,66.23466,162.73907,344.76114,-151.05905,183.59766,342.10403,41.930775,155.62311,336.71033,-166.32751,174.78378,332.75705,48.434196,159.94139,335.495,-167.72618,173.55832,331.84164,21.674736,163.60536,338.2593,-149.96718,174.58876,337.75836,31.13019,147.33412,383.61377,-62.398487,153.94655,376.39508,62.81665,179.45299,322.46008,-67.26316,108.46123,340.10403,196.20987,179.41377,238.38986,-50.725716,63.72602,337.55106,295.43237,167.9574,227.42303,-48.019646,54.505608,339.32056,306.15958,208.10274,206.67316,-81.231,55.711628,321.8001,289.39142
hamstring_up39.jpg,176.36482,391.8195,-113.56567,170.66798,397.13834,-106.50304,170.49792,397.5554,-106.426094,170.30182,397.8585,-106.41126,172.33305,398.07822,-123.2193,173.12816,399.45792,-123.23718,173.97289,400.7645,-123.18473,176.9145,404.0445,-68.35915,181.26315,408.19168,-141.33165,184.83313,392.4674,-96.639305,186.63168,394.3736,-117.87276,216.82048,407.57117,3.3285167,232.94287,401.7415,-160.41415,266.43018,390.98203,66.16333,291.2777,385.69922,-139.96231,285.89908,361.63486,77.829956,309.73236,351.1175,-94.037674,289.19202,353.75378,79.94905,316.18164,342.87875,-105.99511,288.81458,349.05713,65.0422,309.74335,340.47122,-108.0967,289.55127,353.1323,69.69716,307.44907,343.7361,-93.87949,316.21884,399.641,56.572113,323.63614,391.14322,-56.23425,361.6414,390.14825,142.99445,307.9779,324.47986,-52.402718,406.02246,402.33844,230.03291,336.4448,253.33717,12.334003,409.9929,407.41046,238.42453,346.8,249.09569,19.727707,426.97717,395.29355,239.69931,326.60196,215.06197,6.1891284
hamstring_up4.jpg,473.7432,424.33145,-107.75029,480.79257,432.35712,-128.53954,480.3796,434.5513,-128.64024,479.99387,436.85684,-128.78659,481.3332,430.57382,-96.38113,481.2803,431.71957,-96.478775,481.1719,432.85922,-96.432365,473.1114,450.39246,-169.29927,475.23126,444.74158,-23.929033,461.18274,429.52588,-118.78148,461.17938,428.33267,-77.09056,409.08096,457.26736,-226.32169,408.36227,460.08038,92.37936,331.4296,426.86084,-198.0144,331.00757,448.66168,99.874565,285.33698,380.9381,-94.199814,295.9306,406.71335,3.4421074,272.97852,375.77142,-115.09479,288.12347,399.21362,-6.2457585,278.70242,366.98868,-114.05038,291.38422,399.08957,-27.518894,282.95905,369.79047,-92.554955,293.8112,400.89093,-10.277515,258.2286,447.45816,-96.71821,279.02972,435.32806,96.59031,138.40361,448.75452,-49.206352,321.08316,347.8945,160.85954,35.72039,466.665,55.32539,297.9679,264.13922,224.55109,21.778418,474.20837,64.511,279.14404,259.00967,226.09656,4.479777,451.37125,3.6024275,326.83044,212.44151,203.63954
hamstring_up40.jpg,321.87448,393.07068,-70.85192,327.25003,399.1156,-84.388336,327.0751,400.6849,-84.418564,326.91528,402.37238,-84.44074,327.79633,398.08362,-62.838203,328.0542,398.3458,-62.839752,328.26962,398.6222,-62.785347,322.1521,411.17526,-116.228355,324.21805,406.99542,-14.664977,313.9194,397.47546,-80.15112,314.72943,394.9536,-50.82494,278.2193,417.13263,-156.22282,284.95938,407.3608,56.796722,225.81303,394.9336,-168.36969,242.81223,388.23486,97.71042,193.84212,360.68546,-144.89174,207.62755,363.28436,44.58162,184.09886,353.79575,-163.74382,197.37402,358.37637,44.556683,186.9227,351.99878,-159.85461,198.369,357.5582,21.989117,190.5321,354.87595,-142.13855,201.82494,360.5312,33.60159,189.7689,402.4537,-69.945755,188.1436,402.57715,70.38217,201.29881,333.71942,-61.567986,133.17212,388.01483,208.21237,175.72762,258.25342,-34.95693,91.037636,401.16345,313.51788,160.58977,253.00406,-32.17795,82.682205,406.56104,324.8054,196.1535,222.387,-66.46052,79.83095,388.24567,308.27448
hamstring_up41.jpg,274.67883,343.40253,-105.92234,279.00507,349.51373,-120.711136,278.45007,350.99506,-120.72634,277.9069,352.581,-120.75777,280.21478,348.6361,-99.43894,280.63712,348.8957,-99.40727,281.0186,349.1559,-99.34919,272.5967,360.76016,-150.24818,276.94656,357.34253,-51.32035,266.3065,347.1632,-113.54475,268.018,345.20264,-85.179825,228.09225,365.39676,-178.91792,240.70448,360.86856,21.302288,174.98268,343.35373,-186.39136,201.17026,346.98636,65.03955,145.50934,311.0676,-183.23643,171.77013,324.09628,22.641964,136.0482,304.18997,-207.746,162.36078,319.3484,20.372065,139.4346,302.27515,-206.083,163.70413,319.09644,-2.6310031,142.90909,304.73697,-181.73972,166.60507,321.83044,11.857207,141.69878,352.31726,-64.38329,142.1872,354.51242,64.86237,152.91776,275.21243,-55.75191,86.34421,345.03882,173.91457,123.835075,213.7787,-30.89743,38.373672,354.19272,256.3771,108.70883,210.11096,-27.57824,28.408806,358.85336,264.62225,140.3948,179.98386,-56.14437,28.458717,339.8322,243.45775
hamstring_up48.jpg,319.78937,408.99442,-109.737144,310.87805,419.04468,-100.57588,311.2846,420.7104,-100.56956,311.62067,422.18103,-100.63913,311.58588,418.73352,-143.08215,311.9101,420.91602,-143.05783,312.27402,423.05563,-143.02698,320.97858,433.45993,-24.464798,321.0273,435.4297,-213.64424,332.72565,410.80826,-74.92508,333.11682,412.3451,-130.26823,396.91953,430.15683,109.87517,387.23767,433.68094,-290.6415,476.5258,399.56253,184.05344,473.65472,400.07117,-319.7187,545.9276,363.60202,127.1578,551.91156,361.7272,-228.71082,562.9612,355.77383,132.13435,570.8223,357.65854,-242.45514,562.3814,354.59137,106.0939,567.31464,347.228,-236.56993,558.44965,357.63245,115.60503,564.4752,348.9514,-220.36797,553.2966,408.77423,118.262276,566.13,430.607,-117.58355,557.44104,287.93756,285.53326,690.2455,434.94345,-74.97958,608.3834,183.875,474.16467,815.99023,448.9387,45.441055,627.8327,173.17061,488.76712,835.0707,463.44302,52.634907,585.5579,132.53822,466.7514,845.57153,399.504,-43.134655
hamstring_up49.jpg,347.0892,445.00815,-152.7925,339.9164,453.36725,-139.72362,340.17023,453.87216,-139.70505,340.32074,454.17725,-139.7446,341.03546,455.18326,-173.7733,341.71948,457.73947,-173.78758,342.4631,460.27026,-173.7831,349.90112,460.9901,-57.830517,352.57275,470.03476,-207.70615,359.73337,443.21893,-118.871,361.1883,447.3535,-162.84651,420.12506,439.30997,72.24244,419.07513,462.72562,-273.84995,495.63535,399.72925,148.95549,495.40564,416.62637,-286.30246,563.5806,345.64984,83.654175,562.6728,360.37576,-207.58084,582.28076,331.35767,81.93888,582.363,350.70523,-224.13303,583.2131,329.044,52.14407,576.6412,340.2115,-222.67296,579.39886,335.97525,69.53548,572.7959,344.74893,-202.40932,569.16455,391.30566,89.37665,587.3424,418.73056,-88.83915,561.83405,284.60498,232.86594,681.4292,407.01987,-2.8006296,606.1528,184.37968,403.1163,768.1583,402.0799,172.25415,623.13293,175.57701,415.7854,782.66296,407.9857,185.69225,594.2067,135.14418,370.5284,790.5137,366.41776,102.08887
hamstring_up5.jpg,423.56,374.4579,-47.980995,431.00943,382.11914,-67.39133,430.8402,383.6993,-67.42583,430.6949,385.38202,-67.51404,431.13568,382.18793,-38.191666,431.14017,383.72714,-38.235176,431.0591,385.27377,-38.1085,423.66776,398.64548,-119.91199,425.0073,397.7589,11.593043,411.14774,379.66846,-64.11871,411.22202,379.34717,-26.396393,360.98758,406.5478,-182.13896,355.98697,406.48618,91.53759,285.81207,374.6404,-158.50049,286.09232,384.65878,99.74357,241.1356,332.31876,-38.30589,251.0384,338.24808,25.29905,228.73268,325.74527,-44.623142,242.1837,329.18073,15.322221,232.6222,320.30783,-41.50282,245.94305,329.05917,-0.031003457,237.28104,323.65375,-34.23449,249.00185,330.26346,13.766162,211.7257,399.60712,-80.415855,230.80414,384.14288,80.55444,96.47543,402.52798,-53.453884,252.27399,294.42172,115.12657,-5.4397464,423.94888,46.01226,239.91357,208.11073,194.28094,-18.264124,435.36673,54.056965,227.14258,201.74712,197.42943,-33.956352,403.8168,2.4657683,267.18073,165.57112,171.5885
hamstring_up50.jpg,291.34283,354.73898,-98.937126,280.89032,361.61734,-89.97454,280.95984,362.8286,-89.98524,281.0208,363.8494,-90.067276,281.46902,362.4518,-129.96204,281.2478,364.87848,-129.9292,281.07224,367.2668,-129.94542,287.3755,376.26086,-14.243393,286.43442,381.57022,-193.64043,303.5463,358.861,-64.233116,303.36917,361.64554,-116.916466,362.05713,395.20972,117.6076,349.08777,397.57043,-270.3072,447.3743,389.9933,192.61841,440.82648,387.1192,-304.20737,525.2517,372.56644,147.4888,525.86993,366.81274,-219.93855,544.56836,369.49707,159.04459,546.2767,368.7679,-233.07529,543.40796,368.93765,132.9485,546.7583,355.70337,-223.33022,538.30536,370.77264,137.04816,543.04956,356.46854,-209.04588,521.49133,420.5674,115.91944,522.72705,445.06702,-115.28713,566.2153,305.2656,308.34625,639.91724,483.73474,-100.29413,639.82355,220.36809,516.9469,762.2119,534.56946,-13.21442,661.2739,215.1427,533.80914,776.36285,554.9875,-9.470748,629.32007,159.21162,523.70355,810.2071,494.32422,-100.200516
hamstring_up51.jpg,676.72534,403.94852,-67.07458,688.6871,414.33527,-101.115395,689.0162,416.4649,-101.18167,689.3786,418.85767,-101.29232,689.76483,415.38797,-57.237606,690.5717,417.37146,-57.344944,691.23615,419.389,-57.318928,685.5131,436.63947,-185.81711,688.98987,438.43637,13.329677,664.2872,412.2934,-94.56928,664.98236,411.4097,-36.793182,613.8592,453.6856,-276.3373,606.86694,429.11887,139.32684,534.08405,413.10742,-311.84677,529.2596,407.1917,220.191,462.45496,363.92062,-261.59933,457.44168,369.34012,191.41069,440.9431,361.18994,-275.16687,434.0538,359.822,215.83815,440.89584,351.90137,-256.1527,437.87726,360.30963,193.94601,449.6888,354.71954,-251.29092,446.65527,363.1198,179.28717,440.59055,438.48465,-117.31929,443.00137,408.3464,117.22328,308.09732,429.46808,-163.82216,454.36557,298.28094,271.26755,187.62392,460.99512,-130.69724,403.2676,182.95168,434.24277,175.71132,477.9264,-130.9807,383.31656,170.77269,446.01093,144.96315,435.13422,-217.30867,421.7925,135.2609,426.33392
hamstring_up52.jpg,328.49762,412.76813,-117.50125,318.44955,419.5896,-110.31849,318.43042,420.85767,-110.327545,318.35052,421.97318,-110.391396,319.08655,419.4976,-147.10388,319.05905,421.40125,-147.09343,319.074,423.26556,-147.08714,324.14606,431.8146,-44.2421,324.5582,434.17023,-209.03757,339.37018,415.51913,-86.70587,339.7916,417.41565,-135.08754,393.65656,434.2901,89.003,385.6549,439.85504,-281.71094,475.92926,408.4736,163.35437,469.21756,406.5436,-298.01746,544.2197,369.3657,100.29719,550.2993,365.7604,-209.56366,562.44104,359.16876,99.34673,571.61835,361.25916,-223.43701,561.6459,356.01462,72.39905,567.725,348.7221,-219.65535,557.484,360.53336,86.98814,563.3604,351.27722,-202.2862,548.581,408.55957,112.44423,560.0612,429.05017,-111.8339,557.05646,300.28366,264.6075,665.16583,428.1855,-60.11128,606.10614,205.39626,426.90094,777.6143,433.83365,78.849434,624.67053,196.89236,439.3857,797.4257,445.78137,88.34001,588.4113,154.48305,415.96588,798.454,390.5244,2.7654474
hamstring_up57.jpg,187.31155,402.64185,379.0488,179.31001,394.95792,405.2567,181.67635,393.16776,405.31534,183.86873,391.17697,405.03848,171.55878,403.0972,380.3974,168.15384,406.8917,380.3185,164.81708,410.7808,380.34265,187.17055,401.61023,500.50092,162.62706,428.3058,393.27942,203.6233,411.8254,412.57675,193.7584,421.85242,380.2463,267.803,429.4669,451.5824,180.9145,493.43958,252.354,357.77158,405.24066,327.6245,224.34344,452.1131,69.336105,370.2801,356.3471,145.53476,251.98788,378.61505,-12.358929,373.87604,338.54248,113.78048,264.60297,360.36478,-39.43914,361.3592,332.4495,111.94091,260.74747,357.28998,-27.687925,361.21335,339.28793,134.38103,261.63293,366.8447,-9.518533,417.6597,463.62662,60.54266,396.13565,528.6097,-60.132843,365.16187,318.31223,25.341175,545.47833,564.9396,-237.67198,422.6639,153.9033,7.815024,723.9669,725.04224,-394.3025,450.8047,144.05916,0.37386596,740.1523,759.2684,-409.6793,392.53506,78.82621,-62.8181,828.931,715.79095,-526.58295
hamstring_up6.jpg,2793.7756,928.8147,-362.4844,2853.9119,957.65344,-500.4351,2860.7964,967.50775,-500.44644,2867.832,977.8647,-500.40634,2849.271,959.9924,-354.88733,2851.0854,969.9623,-354.9255,2852.4375,979.71967,-354.64877,2875.4253,1069.7976,-799.88763,2858.073,1069.4788,-153.40735,2759.6038,985.52454,-443.9713,2748.9258,986.0531,-257.6451,2628.3696,1194.0743,-1042.0697,2581.2383,1129.0817,284.20215,2241.8281,1028.3221,-948.3427,2213.2996,1076.9366,569.8728,1978.724,744.0636,-665.56995,1978.1285,937.8272,667.822,1897.464,717.86975,-688.9271,1904.8134,919.0547,740.2373,1917.6621,677.63055,-632.0388,1927.2483,909.4516,689.54553,1953.8896,692.85675,-627.5786,1955.7639,910.1702,641.05975,1865.196,1205.4264,-351.58313,1931.3171,1084.165,351.56387,1344.2906,1250.6779,-296.20847,2096.9495,727.7706,469.71576,808.82794,1275.124,96.67398,2039.443,289.94366,963.06036,755.86084,1322.1503,136.48187,1991.8008,251.60786,990.25964,609.7897,1213.8835,20.997131,2129.6814,163.89531,942.4291
hamstring_up62.jpg,155.3546,358.77737,-177.07454,134.31381,354.7296,-139.90173,135.75847,350.11896,-140.13716,137.07043,345.1329,-140.38968,128.26122,371.93195,-185.03703,124.85927,380.24002,-185.24014,121.490906,388.4216,-185.64197,143.50792,359.39795,41.818905,124.12416,417.49683,-152.65369,182.04443,362.11783,-103.21784,173.59949,386.6042,-160.50842,283.008,392.50507,267.19232,236.2691,485.8537,-292.9754,454.035,405.58582,422.23102,449.16873,489.03653,-341.15186,555.008,358.90778,381.3139,614.28284,387.84454,-219.45863,589.841,345.88315,397.91672,666.16925,376.2432,-245.34262,573.6977,343.54932,361.07748,650.6311,346.11423,-223.32297,563.18866,348.2527,362.22714,635.7358,356.22214,-200.8061,574.6443,443.10364,155.11095,580.50336,543.99774,-154.41081,602.20496,237.64447,70.89436,824.5382,636.4697,-242.81967,850.7914,129.65056,86.276184,1110.6995,789.8078,-150.19164,908.0472,143.7648,80.69645,1149.3617,833.20087,-147.76678,879.27454,11.666557,37.454334,1214.5951,733.6645,-289.14374
hamstring_up66.jpg,185.15248,535.3563,-282.8277,158.27258,530.041,-231.94829,155.90698,519.2496,-231.85333,153.43462,508.20782,-231.62495,163.85794,559.327,-255.91978,165.55,571.2768,-255.75305,167.33455,583.14417,-255.95401,164.61392,497.856,24.978342,183.76096,595.6116,-70.27868,207.34389,509.53757,-185.22858,214.84743,550.91266,-213.26265,315.3911,470.72385,259.87338,306.86707,605.7325,-164.05846,489.3066,463.25827,309.15964,501.12906,615.7691,-228.66533,578.4374,454.97833,102.70835,601.3237,513.5024,-200.31418,612.07983,445.44894,49.739006,642.5771,498.9828,-243.19792,595.89734,445.8188,-0.5025931,630.80884,480.79034,-252.35133,583.606,453.3267,66.45639,616.0509,488.8417,-203.02104,652.0071,506.72525,162.24118,630.4456,565.12244,-161.93906,899.5333,500.072,78.147156,570.6913,357.69193,-372.20844,1178.5015,581.14307,123.50006,730.01556,93.23774,-421.98486,1217.2495,621.1531,121.91499,772.66187,80.20915,-425.0559,1275.2578,517.46484,-33.767548,737.60254,-54.391182,-593.0293
hamstring_up67.jpg,217.38472,625.6346,-250.65913,190.19821,628.423,-206.8886,185.96758,619.2296,-206.75934,181.56715,609.8008,-206.54192,201.12918,653.92596,-230.83298,205.12872,664.8738,-230.66878,209.18454,675.7398,-230.88078,190.50749,601.04175,26.641605,227.633,686.62305,-68.156364,234.55728,598.47864,-159.57402,249.51102,634.9281,-187.57626,336.5168,541.2144,260.60388,348.4575,681.7324,-174.25955,507.19122,499.57693,330.4949,550.9176,659.87103,-221.85399,579.9944,452.9751,132.42163,608.06976,504.7782,-139.41045,609.0794,432.49973,80.780655,641.3567,473.21655,-168.62418,590.34766,432.59033,29.860508,621.45807,453.63632,-171.26703,580.6505,444.3368,96.64109,610.7359,466.75488,-135.67776,686.93335,520.99207,152.40373,675.8062,588.9438,-151.85988,928.7157,457.6581,50.036366,607.5158,369.88965,-317.13535,1216.1764,506.108,108.89875,714.6076,98.42255,-304.3799,1254.5408,541.22217,109.90041,751.7623,76.90323,-303.26892,1312.5275,441.16467,-42.97402,698.84406,-39.584385,-472.2956
hamstring_up7.jpg,2727.4639,730.65216,-375.07605,2792.4297,745.04285,-501.24673,2799.822,754.24634,-501.4662,2807.5444,763.88403,-501.8473,2792.0547,743.3186,-366.4601,2797.062,749.14465,-366.56845,2801.5452,754.8707,-366.12756,2836.9507,844.13495,-779.5338,2834.176,830.8484,-172.75328,2706.0254,790.3733,-451.54697,2701.4788,787.4763,-277.4778,2616.0144,1045.7563,-1000.28827,2599.4236,927.35,237.36073,2187.392,896.9476,-968.49677,2235.9812,944.3695,508.31015,1900.611,687.89655,-770.62317,1960.7297,892.54553,616.7317,1819.7804,664.47974,-829.4567,1886.3192,881.07935,679.94226,1836.895,623.5512,-780.3834,1902.8105,877.93854,621.23663,1868.2831,636.9638,-738.5842,1927.0657,886.04956,591.2482,1849.6879,1162.4551,-362.43253,1921.453,989.3205,362.34128,1305.9338,1297.3793,-228.21486,1836.0096,589.26605,482.74582,803.02264,1456.6232,40.197094,1542.2396,269.1896,808.7212,755.4315,1520.5602,62.176224,1459.514,272.27997,822.9157,579.5261,1385.9053,-167.28723,1527.3541,52.570824,742.0196
hamstring_up73.jpg,1000.31433,512.99316,-138.53816,1023.0163,526.7818,-170.33339,1025.0084,532.8554,-170.25163,1027.2124,539.04346,-170.42166,1022.2208,517.6094,-116.132324,1023.3223,516.2393,-116.15058,1024.2809,514.89905,-115.932755,1029.912,568.47327,-222.27122,1028.3884,536.92194,19.867033,987.9599,535.1535,-150.14572,986.05756,522.4193,-80.83687,944.1046,622.17993,-341.24033,923.42456,556.2782,189.1025,779.22205,604.3462,-340.7292,787.15137,571.047,248.1181,648.5082,544.93585,-218.76308,679.9966,545.0196,196.70184,606.544,542.41315,-233.12671,643.56555,540.79517,214.98216,607.3279,527.8108,-222.17366,647.004,534.5852,186.47902,623.8562,531.3705,-207.04413,658.7106,538.6531,182.60245,669.63654,670.38043,-152.65002,685.6704,604.77704,153.05524,481.10928,584.38715,-244.20448,684.1734,400.44354,211.3348,389.1112,739.6236,-41.424923,600.1535,262.92487,338.09106,398.30194,774.7193,-15.047953,575.03046,253.94702,344.27182,298.4234,748.1767,-53.91535,604.35846,194.40291,316.42844
hamstring_up74.jpg,949.36365,629.03094,-57.227318,963.01013,649.7568,-90.44962,962.7799,655.0689,-90.44721,962.6679,660.56274,-90.693146,964.52545,645.06525,-39.15544,965.24194,646.4958,-39.29588,965.8605,647.8284,-38.961422,950.819,689.77386,-163.27817,957.20264,672.8449,63.051517,928.0557,642.9243,-76.963036,929.2631,635.97485,-12.48728,856.23,701.48456,-293.54654,843.95325,649.608,208.71725,729.7705,615.6775,-286.3813,717.2447,606.9836,243.49368,634.11414,495.76126,-147.06639,624.8783,526.88574,215.49055,595.35974,477.72888,-149.54141,589.7151,503.97968,223.50186,599.0789,460.63635,-137.56682,595.5205,506.98947,212.5076,614.0159,470.67865,-136.99762,610.4019,514.3806,205.83672,580.2548,637.0016,-150.28165,619.0361,590.9272,150.34378,430.26483,490.6446,-233.5723,704.6361,398.19244,189.0307,299.8566,574.6605,-38.729538,705.5095,209.42801,284.95868,297.60715,608.9027,-11.808811,685.29285,192.48074,287.1951,210.77237,536.86084,-20.457666,744.763,119.18433,258.19876
hamstring_up75.jpg,453.46353,557.28723,-151.05896,430.68423,562.4959,-107.195244,429.11343,560.9771,-107.30954,427.41013,559.1392,-107.37492,433.3706,573.7276,-167.6271,433.08252,580.5428,-167.53854,432.7709,587.3087,-167.25812,431.42654,577.29285,66.83613,438.86746,612.9199,-196.60838,471.1806,560.6453,-82.698616,473.6073,576.628,-159.69089,549.5845,596.4512,300.13815,537.3694,647.63434,-378.22958,692.4115,577.93164,425.44415,683.39056,609.75006,-465.33737,810.9808,537.67957,319.68613,809.05457,536.2092,-326.94043,838.82355,523.22656,316.5135,846.4298,525.6327,-343.08276,841.38055,514.30597,273.27924,837.8106,510.9729,-339.08005,835.981,521.6594,293.3592,827.3351,518.90753,-317.90704,786.52185,590.5288,193.7308,815.5852,649.9449,-194.66327,755.11224,383.09302,274.65714,1028.334,523.49146,-292.6316,774.89685,184.28415,462.03677,1092.5342,666.08093,57.079205,803.5525,155.27866,473.93744,1084.537,699.4873,97.48752,723.08997,112.85555,443.53107,1178.7896,669.1754,77.72106
hamstring_up76.jpg,986.75226,561.4113,-162.029,1005.4856,580.2141,-188.97894,1006.1341,586.9094,-188.93251,1006.97986,593.7977,-189.12915,1006.42957,569.35034,-129.6933,1007.6789,567.53503,-129.7151,1008.78613,565.78033,-129.4258,1003.3928,621.53845,-224.24875,1007.7345,586.4889,38.04587,969.9797,579.78,-168.20923,970.7606,564.77386,-93.08172,916.89954,646.904,-374.20224,898.0026,593.9622,242.41074,767.7768,608.5606,-389.35345,756.4233,582.3585,287.78354,640.40857,522.2134,-261.89197,656.9776,528.3374,205.20496,598.1756,516.9642,-281.50525,620.5855,516.9044,218.59921,598.42633,495.73294,-263.8844,627.25793,511.3714,187.85701,613.8267,502.46448,-247.73392,640.08044,515.3379,187.67227,628.01697,648.85547,-183.22755,651.75836,600.26117,183.6803,441.80154,532.0923,-323.61282,688.1751,387.41245,289.15945,337.98026,690.0812,-70.202774,629.8257,222.45885,428.02838,347.0883,727.66925,-36.970226,608.10156,208.05841,436.1749,240.0154,690.4706,-66.452034,644.9218,151.99628,404.292
hamstring_up77.jpg,936.90344,506.86633,-128.09454,955.17645,525.2362,-154.33386,956.06793,531.39136,-154.29993,957.12885,537.7313,-154.49675,955.54156,516.34705,-95.06737,956.62415,515.759,-95.07075,957.5569,515.2032,-94.78152,953.4525,568.14716,-201.7401,956.00134,539.31665,59.98591,919.9307,526.194,-139.23926,919.79,514.46515,-64.29598,859.66815,603.7011,-343.56116,839.31744,547.57904,250.53789,703.65497,562.5112,-332.32547,698.6364,538.0787,302.6483,587.34216,477.87482,-196.51266,601.58997,476.80734,222.38525,547.24207,471.59756,-212.03532,567.473,463.5153,228.98825,547.8864,452.052,-198.50642,575.7457,461.00113,206.12149,563.5368,458.04584,-182.92432,587.89514,464.24158,207.01343,580.83575,609.33496,-177.21577,602.5459,556.6176,177.70985,423.05975,483.84348,-263.1297,628.69745,337.61783,244.68968,295.20587,615.78143,4.713254,584.5951,175.72104,359.36127,293.3165,652.3074,39.32853,563.9944,163.70415,365.62994,211.32979,610.5075,29.807816,607.105,105.60034,335.12088
hamstring_up78.jpg,1179.316,615.809,-94.699234,1202.3561,641.1212,-112.759445,1203.392,650.1381,-112.53349,1204.6038,659.4094,-112.63322,1202.5836,625.8931,-61.83692,1203.6929,623.11646,-62.19297,1204.8055,620.1685,-62.162926,1193.266,696.2523,-105.27694,1196.9656,647.8582,123.87982,1155.803,643.5215,-86.25361,1155.581,621.5909,-21.21334,1060.3009,721.836,-234.9264,1037.6451,649.486,293.82303,867.167,638.9869,-260.68073,848.839,621.77014,356.61438,716.6751,522.137,-148.99104,712.6695,546.30975,267.00458,669.5864,511.25027,-170.91718,669.4477,530.8437,243.35086,670.9773,492.31808,-157.99268,675.4826,530.93445,210.36134,692.5789,498.99628,-142.77248,696.17993,540.8233,241.08388,735.2079,697.2235,-164.46217,703.5836,666.7751,164.92389,806.01215,417.79025,-97.23181,452.38284,583.251,110.54101,778.905,217.52693,-18.142498,260.1572,675.0786,190.54425,752.7467,212.40091,-4.2493954,241.45645,713.56433,195.51051,821.4015,117.451515,-40.78881,153.48004,639.92914,120.41501
hamstring_up8.jpg,2835.4456,1287.1571,-496.28278,2889.684,1335.8564,-623.59534,2892.0378,1348.8815,-624.03345,2894.5308,1362.2853,-624.5427,2888.2058,1331.1042,-493.26553,2888.6816,1337.5708,-493.42755,2888.7695,1343.5731,-493.11105,2874.3574,1447.8947,-878.74005,2870.2456,1423.3748,-292.4006,2783.055,1332.1564,-559.7046,2778.2358,1320.5511,-391.79056,2539.962,1510.3328,-1073.4069,2608.1755,1394.7173,172.46567,2172.7036,1213.9635,-938.5036,2240.63,1298.8324,471.51968,2066.4312,895.1365,-592.8574,2021.3099,1145.5355,492.5679,2010.5358,844.6248,-627.79865,1941.6656,1112.9503,543.59753,2049.9155,816.27075,-582.6291,1964.6217,1113.168,480.61478,2078.1863,845.6574,-562.82294,1992.116,1128.6896,465.09845,1803.072,1308.6656,-365.63428,1954.5944,1189.1287,365.16583,1259.2959,1150.2506,-184.30745,2092.3386,804.2619,468.38675,748.13995,1087.2837,194.44724,1987.9243,385.31287,800.40454,687.81024,1137.1865,229.32642,1929.9583,355.45444,815.41614,558.6505,910.5647,29.964949,2036.5082,197.79091,745.0734
hamstring_up80.jpg,1117.5487,738.907,-268.6074,1133.0834,771.885,-275.45486,1129.4468,782.40125,-275.42337,1125.9244,793.075,-275.70712,1142.5977,752.08905,-240.7517,1146.3779,746.62476,-240.95801,1150.0282,741.01324,-240.51761,1102.9266,818.0213,-214.1986,1137.0608,754.42847,-59.37878,1083.4852,755.18713,-237.03569,1096.4602,726.2169,-194.13629,967.0136,792.37054,-304.84692,987.08716,714.55316,160.61873,796.28595,657.8006,-281.10544,824.5362,643.3544,227.65166,687.1755,505.1915,-169.64851,718.3834,548.11316,220.24307,643.65424,477.85754,-188.4906,682.8198,520.7507,221.50577,654.38696,457.97415,-173.36319,689.1213,520.7057,203.81563,671.06165,470.44308,-162.56537,699.48413,532.329,207.6546,630.82855,679.79474,-153.64032,688.3301,628.44446,153.371,501.13605,499.6333,-159.87508,782.08484,402.16153,172.18018,267.0531,511.6318,15.826708,776.44714,159.64813,298.59616,232.26762,543.14996,39.152077,752.1213,135.20044,308.42532,195.74594,430.26184,-13.361228,824.81146,50.97388,263.494
hamstring_up81.jpg,254.68077,616.84827,-184.49976,230.52939,625.3459,-149.05893,230.43639,620.65765,-148.81717,230.18744,615.6912,-148.83026,231.65073,644.9078,-201.33813,232.08301,655.66034,-201.41855,232.45856,666.2317,-201.43802,245.45624,635.6141,62.83472,248.44975,697.3828,-161.38672,283.51392,613.961,-94.77886,284.6847,640.67737,-161.21387,406.16113,661.341,332.95135,386.17093,682.95465,-310.4189,581.9823,633.31256,393.52658,596.4457,621.20514,-363.76917,716.8153,559.9667,248.11397,753.14575,515.5362,-227.56268,756.5726,541.57983,232.61787,799.1218,504.4473,-264.33582,753.121,534.0541,181.43404,791.36523,480.46414,-245.41508,739.96515,542.64056,212.88011,776.1463,490.05096,-217.07277,743.3626,662.0647,184.46135,725.69867,653.35474,-183.85358,978.82245,584.8951,134.5307,689.01404,390.01678,-98.766106,1224.4545,674.301,207.7315,694.68256,111.59626,21.442814,1245.6754,710.5288,208.58199,726.1381,70.48845,34.50315,1313.9948,657.2537,98.50097,605.5185,42.249084,-76.45724
hamstring_up83.jpg,1140.4536,564.5801,-67.64682,1165.9878,589.039,-92.805504,1168.0084,597.4332,-92.5431,1170.1348,606.07654,-92.61437,1163.5829,577.1105,-38.42409,1163.669,575.99493,-38.861286,1163.801,574.6874,-38.93029,1157.8192,646.3344,-125.02705,1152.4197,607.75574,123.718864,1116.567,593.8612,-72.964,1112.8711,575.4102,-2.1831279,1009.7857,673.46765,-255.75635,985.36334,607.1458,287.65115,804.3665,587.5425,-265.7754,794.54016,568.9033,372.3501,654.4721,469.01215,-138.52374,669.5899,482.70267,296.06024,606.3939,457.18536,-152.4383,629.3717,466.48798,283.2666,609.33203,437.76257,-137.4927,635.5059,465.12878,254.0508,632.92645,445.34772,-129.25797,654.80145,475.83804,273.2461,673.3417,636.8805,-163.10275,647.43604,611.38544,163.59518,750.11646,360.34637,-87.321945,391.36545,563.7394,153.80754,684.0738,121.2006,-20.057514,166.5802,640.3023,218.10878,649.3263,114.66835,-5.8688445,141.00613,676.31116,219.29243,721.19543,11.17301,-42.334545,52.815186,605.77216,119.20216
hamstring_up84.jpg,550.42206,914.02405,-312.56665,521.0944,912.98486,-252.12741,521.2916,905.60016,-251.85551,521.3262,897.9336,-251.94125,520.2974,939.134,-309.82486,519.4963,951.77325,-309.8123,518.7302,964.231,-309.83533,536.23785,914.3033,42.82117,532.5415,995.9743,-204.88344,584.72,908.9402,-192.36215,583.5492,943.3597,-265.05685,711.4119,980.0769,384.55896,697.7216,980.95105,-397.43878,918.6485,930.79755,449.60336,929.6417,908.19965,-494.40576,1085.4786,861.48975,291.20682,1109.0078,806.51764,-332.40723,1126.2362,843.5843,289.2487,1157.3181,794.32806,-386.79486,1125.0122,833.9194,220.00862,1153.1445,777.9015,-367.4663,1114.3481,842.1021,250.37354,1141.1178,788.07104,-321.48892,1153.2098,963.1567,235.257,1144.1573,940.95734,-234.41118,1459.0747,913.7874,197.58392,1151.8644,673.7668,-45.52588,1731.7091,962.3475,269.39697,1269.3082,382.85272,286.26227,1766.6959,988.7715,270.88754,1321.4828,351.10452,317.31967,1806.0295,928.3261,141.42519,1207.97,292.39777,228.31703
hamstring_up85.jpg,615.5301,975.3314,-386.9937,585.3336,981.1048,-315.1706,583.6397,973.4749,-314.95563,581.74945,965.5722,-314.88922,590.574,1008.3142,-382.21353,592.6509,1021.4875,-382.1576,594.7157,1034.4099,-382.1795,597.85913,979.8295,24.554144,613.4204,1064.7158,-264.44504,646.1132,963.03656,-250.87569,652.9654,998.4793,-335.4344,774.0477,1025.3834,384.64124,765.4737,1013.10034,-457.42432,967.2695,940.13025,454.82812,983.9171,913.9961,-589.1171,1124.0668,848.4748,297.05502,1142.5934,781.23834,-444.99307,1164.0707,823.5091,296.63547,1190.1007,759.3589,-513.7619,1161.99,817.195,224.09695,1181.8557,745.2408,-495.02197,1151.0121,826.1017,255.0055,1170.4364,759.2771,-434.84927,1188.9757,930.0246,249.89095,1178.474,896.0905,-249.10223,1485.4785,839.0188,208.4078,1141.496,633.2328,-59.34641,1767.599,835.59576,268.37476,1211.6179,324.96594,274.1985,1809.738,852.79236,269.8566,1260.1671,286.40195,308.00305,1826.967,788.0485,147.82689,1131.739,237.84398,218.83023
hamstring_up86.jpg,487.32648,783.64404,-327.41565,458.63135,776.93036,-271.8133,460.90277,770.20264,-271.65457,463.13458,763.1579,-271.76694,450.32474,801.3557,-332.52542,445.81808,813.5476,-332.42944,441.3601,825.5506,-332.41403,471.63077,785.6066,23.071375,444.04025,861.7702,-239.3115,520.7805,788.7459,-205.16087,509.67932,820.9397,-282.26172,608.2403,907.43036,374.36606,603.92633,874.9205,-411.9494,818.15466,915.9143,439.0603,844.13947,877.8622,-495.33035,1008.0685,896.76843,307.87585,1053.4944,838.0039,-330.00858,1053.5974,890.53564,315.68494,1104.4646,842.1039,-387.8137,1057.6013,883.1896,254.95805,1105.5681,824.66034,-360.0728,1044.4891,887.10095,272.7128,1091.0364,831.4096,-316.55725,1038.5115,1010.86523,234.87424,1035.7373,967.4705,-234.03145,1357.843,1076.5673,197.95224,1116.8727,716.7483,-62.709362,1618.832,1187.4233,285.93765,1305.704,467.83273,208.90901,1650.7893,1219.0394,289.14532,1367.4487,451.81223,235.00742,1692.8411,1170.3182,172.51656,1262.5269,358.36447,152.7477
hamstring_up87.jpg,1363.732,912.5585,-341.49094,1388.1222,945.9104,-349.37424,1388.5135,958.3785,-349.2713,1388.945,971.1811,-349.2786,1388.192,923.66693,-283.06317,1388.6111,918.227,-283.31683,1388.9692,912.65424,-283.0753,1370.9955,1014.9027,-287.8544,1374.7915,944.87335,17.250975,1334.6075,946.4319,-310.00806,1335.6586,913.14856,-222.63583,1205.5579,1023.0861,-392.8417,1187.5848,988.3764,329.24005,991.25055,922.47345,-500.41333,981.2998,945.70435,428.64804,811.55896,808.56415,-480.32977,817.35785,879.7354,294.11627,763.31885,796.45294,-549.3493,774.1341,871.67096,308.5599,759.1877,773.5311,-527.29767,777.4675,862.8394,240.03075,776.82556,781.25,-468.58386,794.8172,868.6297,261.7748,795.2994,974.4446,-233.41882,779.1033,982.0799,234.33221,783.64825,670.2131,-64.17218,458.343,959.073,334.25647,661.2242,391.13702,77.74597,166.49901,979.6658,431.706,600.00726,386.7365,92.20983,113.52994,1017.8447,436.54373,738.56854,234.75616,39.702236,85.42537,860.4528,361.8057
hamstring_up88.jpg,550.8679,915.2048,-311.86685,522.74664,916.0026,-260.25284,523.16986,908.5943,-259.9462,523.43787,900.9037,-260.04138,521.7944,942.0663,-313.53885,521.1185,954.7632,-313.51205,520.4754,967.30676,-313.49124,540.00714,917.98553,10.888392,536.05457,1000.40753,-218.00824,585.21313,909.8418,-199.37517,583.9147,944.61285,-266.7671,710.6367,978.9581,318.60464,698.2309,984.72644,-383.05487,912.5977,924.06433,374.87854,921.6348,917.565,-478.08917,1099.8588,848.6801,246.60329,1101.924,811.9423,-316.46588,1146.8079,826.3954,242.94632,1152.8135,798.45386,-368.897,1149.6378,822.6143,179.79156,1149.2561,781.3924,-347.36887,1137.0107,832.5075,208.63596,1136.7168,793.14557,-305.0802,1151.8271,971.9415,209.81764,1142.0468,952.74646,-209.19936,1454.081,935.76154,193.60718,1148.1353,680.37714,-80.14541,1718.9193,963.4477,338.84113,1241.0582,385.7375,180.42761,1755.319,986.0469,346.19296,1288.9805,352.27106,202.6893,1784.4662,927.90845,213.66034,1171.2161,295.6869,101.360435
hamstring_up89.jpg,504.71545,863.087,-321.4791,474.05957,862.7814,-267.02945,474.0451,855.24585,-266.78082,473.89963,847.4241,-266.83173,473.90836,889.3451,-321.71783,473.37494,902.22064,-321.64954,472.85538,914.9142,-321.54562,488.46634,864.6409,18.278809,486.56558,948.0863,-215.31476,537.8298,857.6973,-202.99094,537.347,893.0253,-271.61087,652.6985,943.75397,329.77145,647.06366,921.39685,-370.74542,861.1849,894.2005,378.5337,882.4452,851.4361,-453.5794,1031.8899,826.8688,244.29782,1059.681,750.94965,-293.31467,1075.5651,809.1379,241.00742,1110.3717,737.5759,-349.02475,1073.7261,804.47327,183.48013,1103.9554,724.0284,-330.75748,1061.3242,811.7356,209.40306,1091.187,735.8013,-283.52194,1092.6396,926.5377,218.05907,1083.3173,888.63,-217.20181,1408.8844,884.4624,178.51016,1083.856,617.307,-21.398024,1689.8971,924.9358,259.0713,1197.7375,323.69064,286.01166,1728.604,951.0237,262.54935,1250.8689,293.28775,316.25742,1760.8301,881.9785,155.1094,1130.5629,229.68782,250.82674
hamstring_up9.jpg,300.2504,923.28345,-267.57806,238.40251,934.14764,-227.2125,233.92104,936.28467,-227.3977,229.13661,937.6134,-228.03522,242.01477,945.8648,-366.246,237.89027,958.3601,-366.7805,233.78604,970.7282,-367.09473,214.10486,1001.8774,8.716572,221.25455,1049.757,-585.77057,329.96893,962.6304,-153.94083,330.93884,981.6738,-330.20673,470.32816,1086.1775,352.6209,438.7191,1219.461,-795.05994,843.7545,1052.5886,706.8663,883.4709,1038.6683,-846.59283,1073.6204,1000.4447,625.16284,1129.3419,744.75964,-524.50183,1134.7384,989.13684,602.8354,1203.3635,684.73145,-544.974,1112.3615,984.2157,555.4081,1161.2094,652.1696,-524.78516,1088.9349,989.63477,596.08575,1138.442,675.48773,-495.46466,1150.4279,1094.4971,319.56625,1209.5149,1257.6729,-318.3483,1143.3807,661.849,330.04318,1769.1366,1295.4839,-249.74498,1347.1282,242.29555,601.35876,2259.9644,1339.3553,160.70401,1427.5553,223.95705,604.87085,2322.1296,1377.1893,181.91121,1282.9598,0.38179874,421.82892,2438.2776,1206.3312,-185.34007
hamstring_up90.jpg,322.90094,956.96387,-40.138176,276.40854,975.3054,-39.37521,274.74805,980.1733,-38.972046,272.91284,984.59515,-38.976692,278.2258,978.39703,-120.23505,276.2655,986.3903,-120.41493,274.27386,994.1728,-120.49762,277.8422,1040.5258,62.357483,279.48663,1053.6198,-288.82703,360.734,988.2309,18.728949,359.69586,993.55914,-85.81058,508.8727,1096.6113,273.78287,486.773,1105.7506,-433.935,790.2886,920.03876,343.31558,770.1479,901.89606,-419.04166,976.369,733.51544,379.61194,991.34875,635.8981,-287.46066,1008.4815,690.156,400.43765,1052.8243,585.04193,-366.1235,1000.3322,670.436,343.12402,1037.3644,548.6623,-335.80615,989.83984,689.4932,351.3388,1020.46,573.8328,-276.48492,1091.5492,1094.7053,195.91869,1055.5499,1084.1685,-195.18794,1538.0748,1092.4509,224.8669,1014.4811,668.6699,-2.2471826,1930.0225,1142.4127,425.57748,1078.2468,221.09491,221.78523,1992.3107,1179.1633,431.21298,1145.9471,154.52728,232.0883,2012.976,1092.6038,248.57204,927.9811,117.59312,91.46358
hamstring_up91.jpg,408.12292,1092.8512,-7.2334213,370.35104,1110.5183,-0.14714895,371.35703,1116.1686,0.33747494,372.188,1121.4589,0.21193473,368.51163,1109.1272,-84.10539,366.65118,1114.4883,-84.000244,364.71628,1119.6827,-84.1373,388.5464,1172.416,128.3065,377.3208,1167.6464,-241.44127,447.94757,1118.8835,64.29076,442.75452,1118.9634,-44.70757,608.0842,1243.5989,364.0596,568.36975,1175.8804,-439.61252,871.8039,1044.3632,418.86093,822.68384,936.484,-469.24304,1016.3241,815.5824,386.90543,989.19183,635.07526,-295.57953,1045.3773,766.4517,404.44043,1039.3994,566.22974,-363.4726,1033.5208,739.9007,330.97028,1019.79443,540.4678,-333.8185,1026.4985,759.1534,353.78415,1008.3503,571.0174,-281.24066,1166.1019,1131.3429,233.45647,1128.4562,1080.7426,-232.6897,1600.2848,1033.6918,251.61699,1025.9465,669.5459,-38.894783,2008.7845,1023.3678,419.04483,996.9674,234.67943,208.23619,2079.2393,1048.4509,424.47742,1051.6431,163.1253,221.7064,2070.5413,963.9415,251.88289,803.0551,135.50085,84.83953
hamstring_up95.jpg,277.36823,906.6376,-53.84132,234.7528,926.5765,-56.12082,234.82243,931.495,-55.653084,234.7181,935.94055,-55.650593,234.1144,928.01953,-135.79146,232.29068,935.31195,-135.9902,230.40445,942.4222,-136.15312,247.15865,989.2194,47.922295,240.73943,997.8435,-299.0505,318.84912,934.0565,7.882012,314.99802,937.78076,-95.72415,483.06943,1054.2833,266.28674,449.0494,1030.8519,-432.19998,756.7329,882.8406,358.64813,729.4613,829.46967,-425.5631,924.2706,720.64154,418.66385,934.12885,576.20087,-300.8915,953.7915,689.7263,448.87192,988.70996,528.7541,-378.59808,941.8228,670.71594,392.41055,973.9542,498.00818,-349.09082,931.8122,683.5283,393.71738,960.11346,521.8762,-288.36945,1054.7208,1043.8405,202.80942,1012.76196,1009.23987,-201.95116,1500.4061,1024.3767,235.17177,979.78107,590.88586,1.4230102,1886.9833,1078.0841,439.93832,1030.9104,155.091,226.1674,1945.751,1113.6362,449.4636,1094.3702,88.56093,238.4733,1961.801,1035.9147,283.61823,872.619,48.42299,100.238075
hamstring_up96.jpg,315.31186,995.2872,-184.7643,269.70203,1014.0352,-192.07349,268.3604,1016.08405,-192.20097,266.8259,1017.66693,-192.67647,273.0686,1022.2067,-270.788,272.15802,1031.2822,-271.26852,271.1336,1040.0271,-271.76282,279.79623,1059.9341,-92.59931,284.18582,1091.9872,-430.9566,352.61447,1010.7559,-120.4498,354.15643,1024.0259,-221.67891,522.2612,1083.9073,160.64655,481.233,1119.355,-500.2095,787.1852,931.83655,404.0674,766.7285,926.3916,-441.1763,957.5132,796.73334,578.5375,982.5706,659.8874,-163.27731,988.79956,782.4777,583.52966,1027.5535,601.195,-148.14853,971.5019,764.8613,600.4931,1007.3325,578.00555,-140.75452,964.3007,765.3303,584.59766,1000.09265,598.71606,-147.69856,1020.41296,1051.2195,206.82397,1079.1329,1142.3186,-206.03946,899.9147,681.71765,390.4587,1607.9824,1152.0483,-327.01614,978.4118,323.53894,428.26785,2080.92,1214.1602,-245.39227,1038.2417,291.25317,420.9399,2141.8867,1273.0825,-246.92694,838.9987,158.19572,374.34082,2203.711,1037.2758,-536.5892
hamstring_up97.jpg,387.85483,1136.3833,-108.692566,348.2479,1160.4275,-108.220116,348.32138,1162.2545,-108.39513,348.10675,1163.6802,-109.005394,348.91934,1168.9143,-201.15088,348.0015,1178.6216,-201.62593,346.95804,1188.0767,-202.19121,365.43515,1207.8173,28.06506,363.9177,1242.7279,-385.91248,426.58438,1149.9686,-29.601925,425.8228,1163.4312,-152.46213,583.0332,1188.4209,292.52103,554.74567,1269.707,-511.0942,807.6198,955.07043,510.5439,801.31256,1007.7969,-513.7556,952.4023,728.1654,582.3159,959.8376,706.4378,-272.18732,980.8128,682.42035,596.80304,1001.47845,635.1575,-272.53653,962.54626,670.0651,573.7059,970.2736,614.6572,-259.21622,959.828,684.90686,570.08075,965.9621,637.69464,-252.46129,1082.3578,1043.4722,245.49615,1158.5161,1144.1327,-244.44403,916.0386,686.5465,490.40536,1658.7806,1059.7045,-374.79355,915.66644,317.59958,648.509,2115.8096,1033.6868,-291.50906,970.98785,272.8436,652.46515,2182.916,1079.7965,-293.5173,739.6017,161.43285,605.5829,2222.089,830.19604,-585.8162
hamstring_up98.jpg,264.2719,755.7069,-93.734955,218.04875,756.2983,-74.19053,215.28075,756.93506,-74.24869,212.38269,757.05835,-74.79131,219.33025,767.4284,-162.49042,215.1916,776.64124,-162.9503,211.08588,785.55676,-163.24965,206.72885,797.32825,44.82327,203.86632,838.74225,-330.40958,291.70328,781.8874,-30.326376,289.50046,798.2841,-142.3699,423.9515,871.56213,274.1122,363.14072,943.46094,-481.7619,721.0554,756.73944,521.65906,681.3241,841.02783,-473.60944,948.5913,628.89325,632.13104,961.75696,636.0194,-186.03467,988.1985,602.4659,655.60126,1022.3176,593.0005,-162.29546,981.6188,582.9684,642.7229,1010.5872,560.1381,-138.35992,972.8476,592.2022,625.537,997.51697,575.7476,-161.10481,910.2684,957.84375,220.64862,920.089,1084.1903,-219.77022,934.52637,592.69434,298.0548,1334.6602,1236.8188,-263.96704,1132.3804,286.49164,403.9336,1700.7288,1392.4728,-18.728464,1192.3113,272.228,402.97745,1738.6913,1445.6738,-4.124939,1085.3981,112.39666,303.90955,1846.2131,1313.9722,-265.85684
