bridge_down0.jpg,124.87066,402.09366,45.250675,113.961494,407.83102,55.10541,113.33648,409.03903,55.04488,112.665146,410.14456,54.972755,114.78602,408.35034,24.701838,114.30645,410.1981,24.701504,113.84598,412.0966,24.652475,114.30397,422.22025,99.82222,116.203316,424.9596,-36.41569,133.63087,408.0241,64.79484,133.588,409.85593,25.192114,174.17052,426.37106,176.07246,162.90387,447.29056,-126.025604,247.56857,434.3492,214.072,234.87253,458.3467,-177.31245,309.5082,438.26776,212.4324,307.1954,461.97574,-236.26213,326.4399,439.02356,237.97124,327.78036,469.61096,-278.42224,329.05682,438.90637,209.60912,331.78458,461.28778,-256.14487,321.52167,440.25027,201.51144,324.13425,458.6093,-229.89444,309.2218,417.5538,95.18944,310.37067,435.9182,-94.51563,390.99768,342.96222,88.84061,396.5384,343.78613,-128.34445,416.73462,431.05408,193.55772,427.63226,437.84497,-27.098808,406.68582,446.13666,204.40143,417.24902,457.5055,-15.625059,463.43155,455.2164,217.3661,481.26852,458.2299,-19.622252
bridge_down1.jpg,140.5719,424.15512,46.84358,130.1889,431.17993,55.461514,129.7679,432.25604,55.42894,129.28328,433.24442,55.349743,130.84526,431.99533,26.950052,130.50897,434.01865,26.943697,130.2017,436.08942,26.89388,132.189,444.8497,97.91612,133.90189,448.66425,-30.151875,150.09036,428.57755,66.29434,150.05223,430.87112,28.982819,190.33167,440.51233,170.48239,182.90541,461.95377,-114.193245,263.96976,435.25552,208.08403,256.13516,457.99835,-159.58308,328.2435,430.71948,202.21239,328.06882,447.98978,-200.88101,346.88693,428.88788,224.12512,349.93246,450.91998,-238.61308,349.25256,429.38757,198.56616,352.55585,443.40543,-217.5158,341.4968,431.94534,192.09683,344.53198,442.87646,-194.42963,322.25232,406.5189,88.911354,326.799,423.80832,-88.23564,388.6467,322.78696,82.734825,396.37524,318.93152,-123.22824,433.7569,400.2385,181.35834,442.7827,408.66852,-25.368525,428.92023,416.7966,191.1051,436.1572,430.86255,-14.485767,480.0883,412.99353,194.90912,497.7862,418.2025,-21.039783
bridge_down10.jpg,776.27655,258.93256,98.09568,796.4695,272.05725,75.31226,798.68,276.9209,75.2916,801.0633,281.95404,75.22394,795.14484,266.7986,118.1458,795.97906,266.76462,118.05571,796.7604,266.74875,118.18511,798.663,307.6196,20.412926,796.2063,286.77106,212.15518,762.771,277.42813,80.674416,760.03235,267.81625,135.24794,714.51434,345.32327,-124.109634,682.2972,284.3997,334.1916,577.7577,379.3608,-195.98885,542.7073,312.18033,404.1754,432.52405,405.31848,-262.58322,419.15115,310.0551,420.69547,390.798,429.9575,-312.86368,379.87015,308.9187,441.68445,381.4179,407.09592,-291.76498,381.01865,309.57938,409.95456,396.91232,396.7415,-254.86496,398.27905,314.24652,404.21722,439.75577,330.44742,-143.035,431.48215,281.5151,143.57143,277.8447,175.8746,-222.94377,277.65445,125.412285,50.420345,195.01924,366.13416,-72.90582,216.39691,306.27188,253.08293,212.26488,403.2831,-55.30652,234.05843,342.09012,272.43887,89.4865,403.67902,-50.589115,114.35018,344.8152,276.6587
bridge_down107.jpg,1315.9778,303.89047,13.597186,1292.5795,260.84702,35.24776,1290.5366,258.97775,35.33301,1288.9971,256.85187,35.105225,1286.5986,264.478,-46.858856,1278.2391,263.65225,-47.247154,1269.782,262.8867,-47.609383,1248.3851,267.10056,173.43079,1223.8604,277.4268,-188.7092,1300.3513,340.69504,78.00637,1287.2972,342.51392,-28.420807,1264.1199,518.50995,366.20016,1160.3544,500.2793,-418.04053,1252.5356,876.4589,401.14197,1147.9338,870.5634,-478.76282,1232.0309,1201.0049,363.7639,1137.6925,1236.0208,-395.2058,1226.0093,1297.1725,417.30267,1112.5948,1344.5007,-478.18213,1223.5343,1302.6323,337.60873,1141.3165,1355.8429,-442.02808,1214.7484,1265.6334,331.98782,1148.5558,1315.2356,-379.19473,1314.6105,1114.0345,253.90355,1230.0397,1139.5999,-250.97824,1623.3947,1442.2489,191.34427,1575.5895,1487.0742,-379.2382,1234.4379,1571.0363,576.4884,1158.3645,1594.102,8.787619,1162.8296,1539.9615,612.723,1080.3685,1549.1312,41.832203,1152.2064,1739.7717,629.696,1048.7334,1782.2341,10.706031
bridge_down12.jpg,950.3439,294.62512,201.63637,971.80786,308.43155,182.19492,974.2544,313.36157,181.88025,976.9164,318.48965,181.59518,969.73206,303.63095,233.54617,970.96875,304.1859,233.9468,972.1414,304.65213,233.77654,973.1699,342.25146,105.668884,969.49835,324.29266,353.80084,937.57764,313.38092,174.93846,934.9668,303.91373,247.21452,892.0775,381.77582,-101.16081,849.5466,321.79993,489.8148,749.14923,410.23712,-215.53601,709.9054,345.70706,594.6352,609.51624,439.97726,-338.19437,576.5289,349.95953,595.9441,568.13116,458.21176,-392.20718,530.92474,351.70325,640.7013,562.1317,441.30444,-352.2562,531.72003,350.5974,594.4835,575.8955,435.46198,-322.2904,549.15204,351.76178,576.9265,614.448,366.1474,-179.66891,596.3498,322.99088,179.80345,447.48715,203.40701,-232.09892,428.47183,152.98944,65.72562,390.62457,396.44666,-52.645683,393.61942,345.6738,369.07626,407.5422,438.6506,-30.473246,413.43164,382.8543,403.02307,281.04752,422.49237,-30.532043,293.89706,387.2019,415.40222
bridge_down13.jpg,939.7904,236.78105,169.51277,963.1515,246.88118,150.32176,966.54626,251.51022,150.1538,970.1819,256.31046,149.9518,959.96606,242.0292,198.71866,960.9688,242.06758,198.88313,961.9151,242.06001,198.68741,971.38055,281.90533,86.14265,963.44635,262.50742,316.4757,930.76544,258.5922,147.46454,925.86584,249.09818,214.10085,897.4422,335.17325,-94.81191,846.7711,286.782,445.49307,768.07996,388.28976,-184.27469,711.13446,346.10925,531.17163,633.04614,435.75372,-282.73218,583.7638,379.2029,546.2672,594.3683,461.1898,-337.0192,540.7483,390.18387,583.4065,584.2932,443.68057,-301.46017,541.19666,388.8978,543.40497,597.78986,434.871,-269.15988,558.7917,387.63995,528.29095,615.99927,367.13147,-165.24442,595.4472,326.20306,165.60432,407.68665,218.14143,-229.67644,400.861,178.60434,52.10495,406.21463,428.4846,-63.85343,402.82135,386.66623,314.45663,438.06305,462.95673,-44.073082,433.14764,416.4104,342.7399,309.1661,486.62088,-44.339413,310.48776,460.38535,346.35104
bridge_down14.jpg,947.41693,385.34683,135.12833,963.16486,404.1967,114.51879,964.09296,409.69724,114.44547,965.1362,415.44336,114.306755,962.67865,398.39725,158.53197,963.4294,398.61078,158.53383,964.1198,398.8147,158.5422,954.6811,439.07635,58.76204,956.52234,417.75052,262.5813,929.39276,400.6718,117.24055,928.9814,389.80542,175.70805,865.28064,452.26273,-100.2069,842.9376,388.46988,384.4377,726.8218,443.74402,-174.23657,688.75653,383.93546,454.36246,580.6264,426.99316,-261.06628,562.6742,350.87082,482.2918,534.0672,435.90442,-311.8953,521.3585,340.43793,517.70624,531.50385,414.31332,-277.50516,523.46893,338.40503,482.48642,548.88824,411.8819,-247.80225,539.45557,346.79495,466.23438,598.7994,361.17133,-148.237,601.1435,314.6344,148.70956,472.02637,141.37875,-220.60208,481.44608,101.50907,29.44592,377.36255,318.3102,-43.528095,394.621,282.79984,276.77313,391.94946,361.94412,-22.156458,410.52698,322.2617,303.46976,266.674,327.1005,-4.066858,277.22275,309.67178,321.18823
bridge_down16.jpg,948.8926,294.88962,108.9614,970.2376,307.8143,78.26369,972.29956,312.08264,78.11564,974.5324,316.59586,77.94999,969.4939,303.99158,132.32,970.8955,304.54797,132.46272,972.22125,305.12354,132.33824,972.6701,339.44482,-3.958039,972.0649,324.0628,247.8027,935.88995,311.1895,82.801994,934.3475,303.5471,155.36755,892.87427,373.96167,-205.39647,856.4086,317.52856,417.36484,757.7646,400.52563,-343.5946,711.5689,341.36194,490.3143,616.916,426.9625,-479.4668,575.6244,330.56,455.02036,575.852,449.63614,-548.8226,531.90894,327.85068,491.20947,564.9195,431.0751,-506.2901,530.8235,325.27737,433.63257,579.0034,424.13528,-464.3126,548.9275,329.3643,429.98453,605.2397,361.24484,-187.52791,596.7069,318.796,188.0873,419.61084,203.59576,-254.21008,428.694,156.25975,90.721985,389.54117,381.94254,-42.97905,397.71088,355.12155,351.02353,415.41302,419.05084,-17.956871,420.80875,388.74026,379.84027,289.02295,412.34467,-10.603551,302.13354,407.80582,385.82938
bridge_down17.jpg,899.05615,242.23253,257.7813,922.3295,256.94916,239.03117,925.3495,262.3016,238.75983,928.59143,267.8494,238.47653,918.8711,251.8332,292.8553,919.5985,252.30408,293.09082,920.25183,252.74619,292.94202,925.7515,294.99512,160.63158,918.1338,274.79483,416.85526,886.4909,263.09564,229.8268,881.9926,252.56453,303.83627,842.92755,337.71045,-54.752182,794.0572,278.76315,550.19507,703.73584,364.1579,-167.39967,651.8642,310.4471,663.31793,562.4888,386.63412,-320.14377,510.59427,322.1489,696.28485,520.2053,403.55914,-386.47906,463.5504,326.3518,748.9136,513.8353,385.76172,-341.03793,463.29468,325.34415,701.0208,529.3923,380.39804,-301.7203,483.1337,327.6893,677.50446,562.4947,317.02893,-183.98573,543.15674,274.93277,184.4599,384.58734,126.80878,-250.51347,369.63254,89.73927,72.73579,348.8315,343.03665,-56.883324,341.34125,297.75418,380.7311,375.27634,384.12457,-33.787292,367.2432,332.54233,413.9997,235.66354,386.00946,-21.167292,232.33696,359.0135,430.3649
bridge_down2.jpg,111.47149,365.06516,42.389458,99.843704,367.47485,52.81794,99.35602,368.04947,52.811398,98.85584,368.49942,52.70565,99.49844,368.96707,25.166788,98.22221,370.8222,25.138277,96.94728,372.73132,25.08957,97.13329,380.5178,101.74899,95.13265,386.39935,-21.326502,118.70519,372.98804,63.988987,117.03162,375.69965,28.033968,153.16238,399.3191,168.6689,134.99796,420.7211,-99.72376,222.73262,428.31473,200.78546,203.90562,447.26605,-136.99034,285.4916,451.82303,195.32242,273.5407,468.28198,-164.86426,303.90045,458.58032,216.92093,292.33084,480.18198,-198.51714,305.01538,460.35654,192.27574,297.22076,475.15958,-177.55168,296.48712,459.2,185.67746,290.42786,471.20248,-157.9278,285.29733,429.77115,81.61036,281.84247,451.9491,-80.929924,392.79388,377.65604,52.045586,392.76715,386.99887,-122.513405,388.47595,469.84915,157.26178,391.50458,482.98358,-11.392462,372.86505,480.6761,169.05312,374.0773,496.96878,1.8611989,425.64987,508.7612,187.11153,437.4004,521.57935,9.403727
bridge_down24.jpg,924.8656,323.82812,75.775276,955.1659,335.9624,70.55262,960.1553,343.89136,70.72624,965.44525,351.98865,70.746605,948.2976,322.37592,107.86237,947.8999,319.00766,107.64226,947.42505,315.627,107.88608,971.42834,388.63986,84.16089,951.51984,337.791,251.01227,916.383,357.44925,80.071106,906.40137,336.24176,126.997574,882.8069,484.23074,-26.248358,816.57904,370.80356,329.5809,719.65753,573.1101,-83.19391,645.89795,417.2512,372.49673,538.89746,638.9754,-139.05113,465.1054,430.26978,379.94736,489.8603,679.481,-186.83882,408.5518,428.59637,381.02417,471.96658,644.1912,-189.28828,410.36914,439.9845,360.51627,487.81476,623.3111,-140.76819,435.20572,446.6885,365.2314,522.23724,516.99536,-114.093025,504.20944,434.2494,114.79966,291.77884,321.6173,-239.38324,310.21463,215.49254,-2.9912698,251.81927,587.8523,-66.491936,267.31183,496.10822,182.73232,291.8347,627.5169,-42.93334,304.69098,543.5133,203.51823,121.29773,655.9565,-24.641611,131.74199,565.96796,226.32211
bridge_down25.jpg,914.739,259.87073,78.94471,946.19476,266.6439,69.52566,952.09204,273.1817,69.65497,958.3174,279.85168,69.65709,937.7463,255.61665,110.986725,936.9321,252.7741,110.75796,936.0348,249.91772,111.02316,969.63983,315.32828,74.5808,943.55383,272.09128,260.1357,910.684,293.6147,80.717476,898.36115,276.09262,133.00441,897.3967,428.8274,-41.264713,816.664,326.65585,353.72278,748.3544,548.1364,-89.70468,658.7928,400.5141,399.6835,580.0218,645.1838,-131.21867,492.7528,441.21265,394.77,540.4633,691.9609,-183.93117,442.58118,448.92548,395.42007,518.47516,662.68146,-186.29456,445.81827,456.38907,369.71283,529.775,639.4117,-134.20877,468.8827,459.05508,377.46127,543.1912,522.68976,-125.700035,510.133,442.11832,126.57186,274.67007,370.18442,-254.9196,273.94733,278.46634,2.7938607,307.87387,621.0089,-28.404991,288.7332,539.491,223.52528,352.89127,654.2908,0.82550377,327.76447,577.1318,246.97473,211.79488,699.97534,37.899406,184.97777,619.6926,264.59146
bridge_down26.jpg,921.2187,422.68774,165.21498,946.5872,442.1416,163.001,949.52014,451.28226,163.10516,952.72095,460.6519,163.06746,943.1901,426.5374,202.32187,943.55444,422.99615,202.1048,943.8496,419.43262,202.29779,948.78033,496.6349,175.94312,941.791,441.76276,351.9818,904.8172,453.74457,168.46173,899.92303,429.86908,218.02737,841.6208,559.6249,45.204258,798.0324,436.06012,430.95944,659.08264,595.8745,-11.821266,611.41547,434.72504,468.89816,466.85046,610.90924,-66.99759,438.6631,393.9102,486.90103,408.26044,637.4355,-105.96497,383.29926,378.03067,498.21323,398.44598,602.0263,-102.623764,384.0087,385.7779,475.54044,419.5035,586.03217,-65.602234,407.39697,398.94107,472.28198,501.5345,496.79892,-125.96174,496.24698,413.9712,126.661446,319.62186,240.17429,-253.11534,332.67053,155.34573,-9.875738,218.16751,487.7566,-78.24681,232.7013,408.69144,209.11398,245.93735,538.07715,-54.937798,256.93518,463.48264,231.83073,72.94833,522.4771,-35.765903,85.42172,442.93643,255.94617
bridge_down27.jpg,198.25041,329.56018,21.447832,183.01529,325.58496,55.629562,186.1909,321.91086,55.785007,189.2525,317.8728,55.632557,172.84163,339.8595,22.051258,167.72215,346.84192,22.000734,162.67165,353.9588,21.961489,196.25319,335.82767,198.4705,162.91348,384.49344,61.70056,225.65027,340.82504,74.19232,211.08057,361.201,34.039783,344.7691,357.52682,279.97488,254.27766,480.16614,-58.68781,529.1453,402.4849,303.2213,424.16833,558.5052,-77.53833,694.7322,424.45148,286.484,610.5932,634.8037,-91.50313,747.3856,431.98093,309.77963,660.6008,678.19446,-122.009384,742.17975,440.0402,267.0768,680.0393,655.0925,-120.51772,720.36163,445.04315,269.95468,669.4877,635.4638,-89.32248,650.4208,436.66156,114.07131,625.7954,527.77826,-112.70674,862.3453,227.54883,10.183884,840.34424,336.56714,-231.78677,886.46326,475.01694,210.45802,877.6293,573.17145,-0.061350364,851.0465,516.19696,237.35414,845.18286,610.9646,29.338312,995.1207,545.6344,298.38812,1004.9685,647.0833,68.98387
bridge_down28.jpg,925.72217,324.6792,106.11348,954.5628,336.9315,102.39119,959.05743,344.50287,102.52514,963.87164,352.23553,102.50165,948.5225,323.66,140.67758,948.38104,320.25623,140.4958,948.15967,316.83295,140.74316,967.12714,386.22754,121.848434,950.6024,336.486,291.3962,915.49976,356.0775,112.16528,906.5925,334.86996,159.88617,880.436,476.74677,-10.907815,808.92334,366.7863,397.65823,720.8937,569.5216,-71.381714,640.141,413.16855,446.58862,535.7026,639.93567,-128.72882,462.75793,423.42026,450.19885,484.29877,682.0007,-183.90204,405.77594,422.06293,455.04352,463.03812,647.7582,-183.19331,408.09006,432.61887,428.66946,478.895,626.12756,-128.73433,433.03217,439.80844,433.3252,530.75214,513.178,-129.84792,504.34512,433.11725,130.66573,306.3859,300.53793,-260.571,294.1594,203.67332,6.028056,259.38934,573.76184,-54.520363,251.18695,492.6953,194.40974,298.41382,616.92004,-27.241066,288.75076,542.86884,214.89009,123.4063,637.5062,-6.6629605,115.47695,562.1548,217.16432
bridge_down3.jpg,380.5569,404.9058,14.489664,390.69122,411.38763,-0.37496507,391.52148,413.55695,-0.31912416,392.4384,415.8446,-0.30694473,390.08575,409.5361,24.478666,390.34003,409.78604,24.42589,390.571,410.02762,24.466608,390.15244,429.21204,-30.380054,389.36343,421.0657,79.72967,372.4475,413.35748,5.6213503,371.3782,409.83368,36.814854,342.07254,451.5484,-100.59216,329.2493,422.46265,153.95836,266.24582,463.6276,-139.94759,253.53665,433.23898,183.6445,193.52544,459.42932,-155.82162,184.43437,429.87854,156.46736,172.50479,467.32495,-187.35187,164.50769,428.3265,154.89423,170.87929,455.3557,-183.16122,165.94554,427.94324,133.54262,178.97258,452.48663,-154.43407,174.61101,430.05594,144.39963,193.3497,439.13736,-78.553314,191.54819,415.69604,78.95668,116.05003,343.5048,-122.11348,97.080246,336.20398,31.103449,91.96345,444.87817,-27.212399,86.81042,438.28372,145.46628,104.16707,462.4264,-16.903368,100.27428,452.1439,156.9406,45.017876,465.61337,-8.489495,42.425537,468.25626,167.43614
bridge_down30.jpg,931.58673,199.29874,268.842,953.76654,203.2746,274.28366,958.8895,208.77003,274.3786,964.34894,214.36395,274.28635,943.8262,192.59662,305.1423,941.7393,189.20142,304.84296,939.572,185.8405,305.01102,969.62714,235.26312,301.5467,939.3398,196.49615,446.9241,928.3459,224.08691,275.9824,914.8208,206.64638,316.68195,928.98444,300.1835,156.00464,834.7124,243.08545,496.92264,865.4914,381.95236,-25.117659,701.3128,319.68634,492.13412,733.257,452.00418,-211.31198,562.0049,332.832,446.63397,694.5232,489.37827,-273.17834,514.779,334.971,442.60495,678.0718,466.85992,-270.41702,516.8945,338.9158,415.6361,686.9492,453.25668,-213.50636,539.16437,345.07394,430.72058,652.74066,361.5632,-101.56299,611.08374,317.9186,102.36247,524.5099,173.40683,-229.12425,452.20602,155.83307,-40.164585,414.45197,452.0961,-242.94133,355.01892,403.04398,-60.11536,430.98447,500.26385,-239.74474,377.9726,448.6197,-61.227737,283.83575,503.24594,-278.52722,229.90814,466.36255,-115.72136
bridge_down31.jpg,907.1207,134.98372,269.3609,930.2622,135.50366,274.89618,936.2912,139.4718,274.92007,942.669,143.45999,274.82428,918.5054,127.6652,305.37436,916.0005,125.05363,305.12924,913.3961,122.49909,305.29233,953.9887,163.01381,298.9201,918.0129,132.95872,443.6298,910.1664,159.11888,274.47104,893.9702,146.0285,314.79968,927.4101,230.76543,159.41516,827.7985,197.52968,482.88577,877.5902,326.28738,11.382849,709.5871,294.9653,480.94562,758.35547,414.7446,-139.7816,570.59326,344.08514,437.7046,729.0515,454.2167,-198.53569,523.72473,356.9428,438.7094,706.298,438.28244,-187.6147,526.8624,362.6943,409.34033,712.4601,423.9014,-137.2479,550.0843,364.38834,421.57352,667.12103,332.87173,-99.675026,618.90656,302.7691,100.57324,490.24435,172.47827,-219.64299,436.9511,182.6846,-19.144295,447.73108,463.23843,-266.48016,369.8145,435.0651,-75.495766,475.12573,506.96637,-266.37546,396.98935,476.91754,-82.696205,333.19556,541.9954,-299.39438,257.4235,513.208,-151.35901
bridge_down32.jpg,938.3706,318.7007,333.22485,957.66205,330.82343,338.586,960.4928,337.4633,338.63922,963.6285,344.25226,338.48898,952.92816,318.72,369.94144,952.4817,315.45184,369.6666,951.95465,312.14035,369.85928,960.46484,366.24957,367.35983,948.311,323.2581,511.3911,926.4697,340.57117,340.30505,920.4882,320.8378,380.50494,907.69055,411.32928,208.3309,829.9042,329.9295,563.422,827.0403,478.48572,1.5512158,689.9351,365.26715,570.7475,684.6617,506.53018,-193.08546,570.45605,338.47195,532.6311,636.7213,533.00446,-245.89088,527.976,329.15274,528.9337,627.2161,505.785,-245.3889,532.38904,328.6761,507.8761,641.68085,495.84573,-195.08461,552.1826,338.89764,519.5058,648.61536,397.9189,-108.8032,618.01807,345.19156,109.610115,554.0308,166.92717,-248.51315,484.86398,155.3916,-39.115032,381.43622,408.13824,-305.59518,315.18887,350.18747,-107.64941,386.87946,462.72864,-304.34686,325.3344,397.15375,-114.147644,235.59079,422.1912,-337.64642,168.94319,383.21503,-177.07976
bridge_down33.jpg,128.476,200.28352,200.07718,115.2237,203.53944,225.12746,117.50721,203.2216,225.21284,119.69087,202.66875,225.153,106.971214,207.87706,184.65585,102.65209,210.9447,184.80077,98.33795,214.20631,184.73816,119.11321,219.31326,340.4364,92.73642,238.15979,168.83446,143.86873,212.57335,245.59938,132.74484,219.48991,195.1161,222.34789,245.21973,411.3323,118.96415,301.79977,48.834686,345.62482,302.97955,446.52747,221.77072,390.25418,-59.805542,457.29196,324.03787,418.54605,342.25546,446.92737,-158.76376,490.58334,328.7904,427.7163,370.54788,479.87827,-191.7522,488.71954,329.7643,396.23776,387.9469,464.9262,-196.17433,475.39368,334.78262,401.61758,385.38605,453.814,-159.32253,442.03574,325.8293,112.47301,397.82217,372.40396,-111.00936,617.46136,132.4641,6.938588,567.12585,194.83195,-313.36917,721.1834,378.41293,-4.6132693,679.72784,433.06454,-294.91562,694.3948,422.45462,-7.1853943,656.39026,473.50534,-288.7599,840.2577,448.42606,-78.442894,818.6235,492.64246,-349.22214
bridge_down34.jpg,937.96326,200.38412,280.09604,959.46045,204.641,288.4776,964.16626,209.53253,288.46695,969.21814,214.47298,288.32755,950.1733,195.17719,315.9418,948.2604,192.24234,315.81274,946.28015,189.26797,316.02896,973.142,234.69565,324.8579,946.13226,199.35281,454.31592,934.5858,223.75659,289.32486,921.9087,207.84952,325.57422,930.4377,298.597,181.97351,835.6549,247.98872,501.0748,863.5246,385.66125,12.964918,709.35266,315.61786,511.10983,736.43536,452.14777,-142.91037,576.9997,342.10553,462.86655,700.9054,486.08777,-195.57939,531.3775,348.04718,452.65234,682.9074,464.26846,-195.74236,535.6665,354.8354,431.6371,691.6006,450.96637,-143.3647,558.24054,359.86526,448.80988,668.2673,372.21582,-101.78537,624.2382,334.91605,102.38812,527.8707,178.47908,-212.91298,473.3676,178.93002,-3.5039797,430.3203,447.1937,-262.55673,357.32828,403.28833,-75.927895,448.90015,493.24884,-264.01694,375.87393,447.2727,-87.40746,303.29022,500.70682,-312.27426,234.91063,458.03903,-175.45168
bridge_down35.jpg,879.72046,150.83255,247.14082,902.1482,155.43236,252.30978,907.1365,160.65865,252.36479,912.459,165.99037,252.23384,892.3591,145.27843,281.99274,890.3643,142.11871,281.73166,888.2879,138.97768,281.88486,918.0956,186.74617,277.56708,888.87354,149.33992,417.59085,876.5651,174.64987,253.41125,863.48334,158.27492,292.42487,874.85,248.58424,143.55162,783.05927,197.93874,463.53442,808.1277,329.79813,-7.577935,648.7783,272.85867,462.41452,678.79205,400.4335,-173.71248,498.5475,296.7302,426.1002,642.0209,435.19055,-238.74463,450.02875,300.609,423.34216,624.1569,413.50842,-233.78058,451.5932,308.00275,395.72897,633.0376,399.07993,-175.28687,474.46942,313.39764,409.66107,599.31415,305.21045,-96.893776,556.20526,267.0962,97.67102,459.87738,109.8679,-209.35324,391.01102,112.25786,-22.44051,374.02762,390.5537,-224.78983,300.06107,350.86206,-43.53126,396.4789,433.82495,-222.27873,324.43436,392.4557,-46.61429,245.88635,456.99255,-255.22609,176.91217,418.6552,-112.565735
bridge_down4.jpg,125.67982,404.12213,13.226258,115.194016,409.73187,22.69743,114.5518,410.71317,22.644129,113.85513,411.60236,22.605627,116.191315,410.6159,-4.950846,115.900246,412.60214,-4.976213,115.62807,414.60852,-5.0447397,115.58086,422.68802,67.28835,118.2084,426.50528,-56.434654,133.89386,408.91522,32.55493,134.32997,411.29922,-3.4310513,171.94762,423.09085,143.96512,164.84154,448.8604,-134.1254,242.52296,422.2723,183.56522,236.75722,457.33676,-193.55038,298.4286,415.2165,191.98438,305.79697,457.08237,-255.78079,313.6317,413.11752,216.49384,327.0484,464.52798,-292.7303,315.56137,412.21643,190.96994,329.237,452.62262,-276.7499,309.19232,414.8245,181.99931,321.01886,449.4927,-251.09338,304.1175,410.79318,88.09368,306.57178,430.33832,-87.62886,385.97308,345.4897,83.27403,390.8237,348.3842,-122.10969,411.75122,429.52203,190.38922,424.1813,439.38586,-14.797095,404.18402,445.32352,201.13968,415.69385,457.0952,-3.7137973,452.8937,444.89096,208.19954,475.01605,459.25378,-13.999625
bridge_down40.jpg,363.62665,311.13867,-81.050575,368.4474,316.27197,-96.19331,368.33585,317.5111,-96.21806,368.23376,318.8488,-96.23549,368.7766,315.47287,-70.36155,368.9297,316.0384,-70.2993,368.93585,316.6131,-70.47098,364.58014,326.87018,-129.38623,366.18295,323.86734,-11.387675,356.12787,314.5806,-91.606476,356.4823,313.4895,-57.34581,329.48254,337.80322,-159.4684,333.5557,320.50656,68.82068,344.84766,331.2792,-123.910416,357.51593,320.0574,186.1947,352.3826,329.31183,20.349646,380.99423,324.49036,249.18102,356.0131,326.42596,21.843115,386.77194,326.60678,258.1303,355.22903,329.90817,23.22749,386.3673,328.08072,247.76492,352.77432,331.40125,24.399126,384.55417,327.75027,243.23952,232.00969,323.78833,-81.347,235.73721,309.49243,81.349205,175.90643,268.81006,-109.54454,191.67686,263.41962,123.199814,163.30408,328.5588,32.363495,157.41544,312.77826,169.7577,169.59496,339.49152,51.06254,155.76704,322.6804,174.12029,136.29677,336.08508,71.86034,137.23166,317.43015,168.96445
bridge_down42.jpg,639.4482,363.57776,-83.70495,651.1804,372.60086,-117.0376,652.01874,374.9725,-116.86107,652.8724,377.6306,-117.12661,650.5641,371.93243,-74.81207,650.51105,373.644,-74.89325,650.308,375.3296,-74.72675,648.59204,393.8303,-166.1552,645.57324,389.98447,16.961647,628.5607,372.06033,-100.1438,626.46063,369.8243,-46.82466,587.52045,413.2794,-249.31116,569.3226,388.1512,163.35487,500.38043,434.05975,-310.87222,482.51096,402.892,215.37999,419.14877,436.889,-355.69653,413.15253,411.93338,128.417,397.2812,447.7798,-392.05362,388.19388,416.67752,122.847244,398.62842,436.3895,-379.13998,392.8007,415.92874,94.58449,407.55066,432.50784,-348.89206,403.817,415.68326,113.792984,396.74323,416.41257,-137.17523,403.6733,387.55826,137.55278,299.4373,318.5422,-172.93848,326.35345,301.815,202.21822,243.52116,427.33835,-51.725933,265.0469,390.3723,183.94345,248.55504,448.12775,-34.91549,268.42252,409.2378,182.36229,186.751,444.38455,-57.168266,209.79538,410.4006,149.98358
bridge_down44.jpg,611.65436,410.07715,-85.79937,619.62787,421.2929,-112.75724,619.61487,423.66245,-112.65125,619.56866,426.2368,-112.78542,619.48065,419.84946,-75.96505,619.19824,420.79013,-76.007805,618.8226,421.71442,-75.889145,610.9259,439.62378,-156.23509,610.8123,433.455,9.0938225,598.7749,415.1405,-98.92655,598.1477,412.12543,-51.47298,547.1197,442.84406,-228.99477,539.8806,415.7931,126.704025,461.61166,439.51724,-321.34537,453.86603,409.61896,164.07849,385.32483,422.9514,-374.4753,376.9449,397.86526,99.70775,363.0667,426.1057,-413.55777,352.6417,393.35434,94.831245,365.12088,416.18546,-401.82843,354.1292,395.77582,69.59177,372.81128,415.4653,-370.3794,363.89896,398.82184,85.71751,366.6902,397.0451,-115.41987,378.522,374.69287,115.77928,301.02777,285.8562,-148.17332,325.09085,269.8947,167.54726,216.83763,369.9123,-38.774696,242.40428,342.4392,149.70432,219.20088,390.59048,-24.388466,243.20879,361.93948,147.653,154.5407,372.73605,-32.820038,180.28535,349.01614,122.74393
bridge_down46.jpg,639.82935,367.12128,-63.018986,650.9707,376.32404,-97.33621,651.53143,378.4282,-97.17749,652.1161,380.81946,-97.42444,650.79706,376.44427,-51.930405,650.8219,378.38834,-51.98744,650.6984,380.3015,-51.812172,646.72504,395.98865,-154.69228,645.2887,394.41263,43.554447,628.4728,373.71442,-82.568825,627.06177,372.368,-25.072298,585.4622,411.8097,-247.00052,570.2435,388.78387,193.75928,499.88556,431.26855,-347.12466,489.51846,391.50125,259.06888,421.1842,437.7912,-413.7092,420.57416,393.14142,172.15585,400.55655,449.29538,-451.74628,397.0789,395.42987,165.25037,402.06573,439.54712,-440.10452,401.08154,395.83304,136.1528,410.5158,435.65723,-408.20023,411.65097,395.17194,156.63678,395.36115,412.80402,-142.63899,400.56555,388.31296,143.1145,303.66785,315.74155,-185.95593,325.76678,312.0976,192.56157,249.43057,425.1208,-49.7305,265.45102,396.989,198.12596,255.80905,445.12067,-32.063095,268.6124,415.45407,197.63493,189.22316,445.32123,-63.783665,209.71895,414.27057,152.35542
bridge_down48.jpg,747.2452,236.3741,218.50574,764.0244,236.19635,231.88568,768.88794,240.59477,231.87183,774.08484,245.08917,231.562,752.0458,226.23128,255.0873,748.4157,222.5846,255.00717,744.80164,219.03159,255.163,778.6698,258.61957,281.04367,741.7395,223.77727,391.611,747.3429,256.27356,234.80325,731.97754,241.36768,265.53305,759.4084,318.9079,173.21942,660.6702,267.53397,406.43512,728.22736,409.2365,60.190582,545.7885,347.04025,366.0784,648.73645,497.32034,-72.9284,437.6034,373.87598,278.27975,629.9633,534.6859,-117.22107,400.50037,382.52115,265.8147,613.4436,520.9025,-131.78534,405.4648,384.45358,239.72754,611.07733,506.90198,-79.82434,422.79425,387.44327,264.57312,529.10004,404.3594,-80.3082,481.39575,360.78793,81.10814,388.3959,352.23465,-245.69579,300.10483,269.67917,-8.622819,306.7879,565.03375,-227.48666,249.90712,504.72385,-55.306774,323.4245,596.15784,-217.33212,275.8086,537.4495,-58.288456,201.25372,620.31433,-255.4201,164.11107,594.50256,-118.44835
bridge_down49.jpg,717.4498,205.8031,206.86874,733.3843,204.10768,217.76888,738.6219,207.81737,217.82506,744.1993,211.56769,217.59242,721.2353,195.46613,240.88084,717.7966,192.34254,240.72993,714.35815,189.32288,240.90459,751.624,223.94345,261.28195,713.4217,193.4639,371.12485,719.4968,224.83894,221.0327,704.0355,212.48456,251.35837,748.0494,283.7426,157.6095,642.81726,245.5668,403.50174,746.23224,381.57306,49.424686,543.4989,341.1742,370.6587,679.57635,480.2534,-84.558365,445.0077,362.3832,284.44858,668.71686,520.46814,-131.5132,414.90076,370.0242,277.42184,648.8248,510.14783,-143.60002,415.8429,366.21185,246.19316,645.2744,496.60236,-92.60528,431.8087,368.69888,267.93408,546.7668,393.1943,-85.838066,492.91757,359.04575,86.68269,386.78754,358.8912,-237.59421,288.88962,315.87247,-30.122585,332.29233,609.4409,-240.47421,258.93887,558.47296,-65.26857,356.18793,634.5031,-232.38745,292.05704,583.6826,-64.38101,221.16422,701.3339,-271.53656,168.41338,671.8033,-106.85486
bridge_down5.jpg,75.17965,351.7129,47.19335,63.45132,358.35687,56.12782,62.776802,359.53867,56.094574,62.063095,360.61588,56.014294,64.31681,359.0612,25.807022,63.80398,361.0764,25.815037,63.30989,363.12445,25.798708,63.422127,373.95453,98.687614,65.58925,377.32523,-35.61722,84.061905,358.08295,66.84423,84.09099,360.20947,27.64026,122.79031,379.11948,168.80164,114.42681,397.92386,-117.838745,197.82826,385.72083,207.07318,188.11337,406.65628,-162.01138,262.85794,389.75006,203.39726,258.69034,408.31845,-201.43439,282.25848,390.778,224.7361,279.3771,415.21033,-238.59496,283.81073,391.76602,199.46962,282.8065,408.46225,-217.0583,275.17603,393.00754,193.27997,274.82962,406.50708,-194.80469,262.04413,369.78314,87.83347,265.1219,387.7685,-87.159096,347.49573,289.14328,73.2672,350.81583,291.96155,-116.65452,369.15945,380.3118,181.79733,377.65778,386.30518,-3.4071708,358.07446,395.85663,193.785,366.74072,405.78918,9.6876135,414.06888,405.34888,212.62329,428.81934,407.4768,15.603955
bridge_down50.jpg,782.22186,297.48572,198.70956,797.81555,303.79327,210.49915,800.49286,309.4881,210.5441,803.4414,315.37234,210.23306,791.2508,290.94724,234.41264,789.64325,286.56903,234.25677,787.9701,282.27774,234.41339,801.8453,330.3934,252.62883,783.5345,286.93695,368.22168,772.9439,315.84537,211.87402,765.0855,297.4852,244.00998,756.38617,384.9366,145.88042,685.4825,301.9588,399.56915,706.909,466.0212,19.576021,551.97565,342.7257,376.60703,605.57416,521.4347,-137.63257,447.26807,314.1947,310.71878,575.44543,550.598,-192.2915,415.4808,306.52542,308.5435,565.0623,530.9572,-202.49571,416.14163,306.3135,275.6551,568.5014,517.6106,-144.97783,428.81738,316.67957,294.12592,513.24133,399.50833,-79.36665,482.89542,340.16794,80.37399,396.43628,318.21692,-232.90579,336.9698,216.3334,-20.62977,257.06116,494.15002,-168.77925,222.29532,415.43826,1.9456563,263.36472,526.57983,-155.8155,236.10457,453.71466,5.2868986,136.49036,517.33856,-193.2497,111.22607,470.11002,-48.273193
bridge_down51.jpg,327.90048,230.8225,337.5151,318.7381,230.56688,373.55106,321.7727,229.68549,373.69043,324.69562,228.62819,373.55392,308.90543,236.50154,331.6256,304.49768,239.82031,331.80954,300.01062,243.4194,331.83218,328.89923,242.89195,507.6819,296.75363,266.37393,328.62216,345.27917,241.50981,388.27402,332.64868,249.89186,335.91238,425.31442,278.77948,534.12024,304.49066,333.7495,179.71274,543.823,342.08154,482.46512,356.59872,423.22272,-34.348457,662.7542,379.46365,393.85303,431.11618,497.6344,-297.7775,692.77905,386.3825,385.54965,445.2501,529.5829,-356.97534,690.3762,391.04828,352.20297,464.19373,518.159,-349.79932,676.2785,394.98434,375.5883,466.60855,507.1787,-298.86877,613.172,365.96884,117.18688,547.4365,405.4873,-115.97263,827.9821,318.62546,-13.223812,698.15015,382.6363,-389.1591,835.08954,513.88763,15.431809,762.079,571.5387,-319.5242,801.28894,537.29736,17.984678,745.07776,594.6168,-308.88196,914.3985,599.71375,-72.287926,875.638,637.82623,-403.58313
bridge_down52.jpg,747.45886,233.71136,353.33612,765.8563,237.58675,372.48425,769.9294,241.64859,372.4768,774.33685,245.68086,372.3114,755.01514,228.55353,397.99603,751.63275,225.27356,397.84778,748.0744,222.02579,397.74152,776.27686,261.07092,428.3592,744.3945,226.52336,546.61646,743.4834,251.8779,365.94952,729.7633,237.91531,399.03885,755.7061,318.9133,263.7714,651.15045,267.99515,530.8811,720.313,413.0732,93.429,552.1034,338.8978,502.95895,643.3087,502.79922,-111.75185,442.41602,389.71765,417.4414,628.6521,540.9929,-178.38509,405.78177,406.05573,407.98175,604.58405,528.1496,-190.9489,410.71277,411.37213,368.04663,606.12195,511.84683,-120.5299,429.1893,410.54456,400.4145,557.5776,403.09747,-94.05628,492.23608,371.68472,95.18366,383.38074,334.3408,-254.91367,310.72244,309.19278,15.89394,341.94614,525.14966,-217.54556,258.67343,493.17197,14.913714,357.21097,557.41077,-206.49606,274.1272,526.2003,8.747033,251.41464,581.9072,-275.34344,184.34189,555.41675,-103.9621
bridge_down53.jpg,705.62537,186.16162,181.66599,721.94495,186.73515,193.14925,726.3918,191.05417,193.17177,731.156,195.47847,192.88478,711.1703,176.80818,214.73723,708.0553,173.23705,214.59245,704.93097,169.76093,214.7845,734.6368,208.98296,235.73682,701.4361,174.30669,341.1647,703.30963,205.44965,195.09329,689.5221,190.7213,224.3279,709.99054,271.4097,132.77695,615.0198,214.55838,370.35437,686.3057,367.03882,28.451994,500.7319,294.44638,346.16275,604.75775,453.89023,-100.93758,401.36288,300.5469,262.42087,586.2433,490.46338,-149.88696,370.82867,302.74045,253.37961,570.9078,475.0349,-162.65201,373.62598,301.4614,222.70374,569.7001,461.16248,-108.62891,388.47894,307.54352,246.18793,477.98404,345.72614,-78.120186,434.8091,298.73254,78.98283,336.0376,302.06088,-253.41537,259.08664,224.0425,-19.301891,255.20543,514.80457,-204.50224,193.54755,454.84152,-46.499165,274.43912,542.17096,-191.26169,217.7027,487.50067,-46.535545,141.594,577.85504,-207.28505,96.88086,540.8958,-91.338234
bridge_down56.jpg,173.03986,243.98286,-80.083115,153.49539,248.11153,-39.966362,153.81688,244.17815,-39.865677,154.12746,240.00635,-40.34446,150.87297,263.9706,-87.749916,148.54906,271.79016,-87.79812,146.28741,279.74588,-88.30238,158.1118,254.87451,151.29834,149.99515,305.72,-46.784565,195.39082,245.2987,-7.025167,190.8089,266.5275,-64.822365,309.97943,278.3337,298.21817,228.84651,345.8966,-125.81063,467.4469,325.10733,481.11182,279.1749,383.49142,-405.87515,543.0057,332.94797,606.47455,211.93068,396.4063,-633.03,567.40875,336.05984,642.22906,186.886,412.9414,-660.1897,561.19763,343.1951,624.0428,192.32622,419.66068,-636.4002,547.6679,343.9973,602.1173,205.99263,411.54654,-626.03705,604.86426,386.93317,141.74464,574.5206,435.87296,-141.02783,837.1602,215.03548,73.7783,762.07043,272.46097,-200.72346,769.5531,454.39194,220.07503,740.76276,513.60657,-102.97177,717.1494,476.64224,237.34373,691.04816,540.94885,-89.03,848.1394,559.7146,206.36105,851.3123,618.4091,-136.46695
bridge_down57.jpg,1276.7062,415.85977,-123.54331,1299.495,434.19666,-127.34871,1300.2465,443.51996,-127.13394,1301.2064,453.02383,-127.17412,1300.2245,414.5997,-88.50389,1301.4327,407.8331,-88.59154,1302.5249,401.101,-88.52249,1290.6836,474.39215,-55.237156,1295.2157,406.7208,117.06338,1256.6787,438.32495,-95.20891,1256.9409,407.44098,-45.857224,1195.4636,484.3905,-165.59619,1168.8573,399.5161,337.7685,1083.0492,482.05063,-233.38466,1037.2148,374.7111,537.1304,1058.6698,500.76477,-241.19672,959.59503,342.83286,549.71027,1046.5339,512.55554,-262.65256,924.3667,328.65054,557.59485,1045.8458,514.3364,-259.01816,935.12616,333.26398,532.40137,1051.2097,511.64267,-238.60367,950.6862,341.20047,534.8292,856.425,473.71902,-172.32135,852.974,414.5509,172.40454,697.74475,253.11205,-254.06784,674.88617,162.48897,122.750046,668.44775,503.57126,-66.99652,654.7506,412.4852,360.9189,704.8336,539.8254,-42.164406,693.47546,450.3821,388.1951,542.93835,568.5955,-37.87194,523.6629,480.65253,401.44803
bridge_down59.jpg,112.241295,351.08054,-72.99641,92.945564,359.2835,-34.76974,91.7014,353.83762,-34.77856,90.36467,348.16104,-35.306675,96.720314,379.9647,-76.8965,97.402054,389.75845,-77.05582,98.18452,399.67886,-77.74827,99.36689,358.85168,160.96977,110.72151,424.37888,-11.260368,135.30544,341.13016,2.455663,138.89314,367.6748,-47.96443,252.24086,338.999,360.82343,210.749,428.18466,-117.41732,420.50967,336.05942,658.213,325.79562,443.57816,-475.5666,526.6367,281.71234,946.08813,206.2657,467.4081,-819.93274,555.8394,268.3588,1036.9541,163.96501,487.50314,-864.402,558.36285,267.11084,1005.95245,159.39528,493.7014,-825.13104,547.3417,275.0447,944.3568,179.11581,476.73837,-809.4559,572.207,361.78384,160.50606,560.2948,421.0889,-159.78705,761.7659,132.00194,86.99251,714.39844,206.80269,-206.1879,756.72015,384.38367,292.75406,735.0614,454.88373,-47.515495,717.64386,419.0157,315.70273,697.5647,495.27023,-24.00701,848.3373,459.7336,335.20743,851.14343,536.8599,4.391388
bridge_down62.jpg,1134.8408,538.5321,-55.117294,1154.4708,561.1948,-78.61695,1155.2576,569.64575,-78.58463,1156.1553,578.3927,-78.7105,1154.6871,546.3578,-22.264496,1155.4788,543.09784,-22.401175,1156.1901,539.8753,-22.267479,1147.2177,609.6032,-101.768654,1150.6158,562.1666,149.29446,1113.2002,561.8509,-57.834816,1113.0929,541.22577,14.030889,1033.372,639.0877,-228.5503,1024.0753,546.25165,327.36572,853.20355,632.8033,-276.4073,844.463,531.6166,395.2689,668.2387,601.3568,-286.29803,701.178,480.7126,351.62476,611.7082,612.4807,-348.52747,655.7437,465.50348,366.22452,607.40753,582.4685,-325.76364,659.04834,464.93384,318.2851,626.6904,576.88525,-277.1236,674.8827,477.2373,327.60446,699.4167,521.62756,-179.91411,720.67645,461.5115,180.46205,563.0026,269.77365,-280.0703,584.263,247.69243,83.58939,427.63397,485.0251,-51.4433,458.63904,417.9454,354.2798,434.3146,539.18176,-24.909725,463.67456,459.4263,381.0085,304.59924,488.98227,-18.374708,335.47885,425.64105,392.12585
bridge_down63.jpg,298.42764,414.33163,-137.2224,270.85464,417.27075,-101.621796,270.34027,415.48444,-101.555374,269.69217,413.42877,-101.59005,268.66092,428.3644,-162.7392,265.44775,435.43256,-162.71396,262.27512,442.5278,-162.94626,267.17126,439.45917,75.42004,258.80496,475.4024,-193.10326,316.19107,426.2774,-62.83419,311.13303,443.03717,-141.26497,385.97452,466.29196,295.63474,355.98395,543.78796,-352.5569,566.8932,503.8216,377.45514,535.4911,585.30615,-415.8038,716.9818,507.5093,327.04584,711.00586,600.1177,-440.3408,761.65027,509.83246,371.34018,760.4347,619.7941,-499.61383,764.84235,504.53418,311.8228,773.03424,600.22675,-468.41962,747.6525,507.69656,302.34058,756.1803,590.1197,-428.12915,696.8655,459.436,208.6817,708.12305,518.2928,-207.19365,925.86505,293.87897,138.49162,935.3343,327.2516,-335.3598,956.7361,503.093,445.28778,1005.88904,558.3992,-93.25351,927.79205,538.0694,474.18823,976.3972,606.27765,-67.64465,1063.6924,563.1767,503.49072,1137.9652,614.1571,-87.3385
bridge_down66.jpg,1056.9979,576.4969,30.74452,1078.6794,596.6571,11.562594,1080.4087,603.7764,11.632144,1082.3777,611.1435,11.571753,1078.3887,586.7789,61.89848,1079.5818,585.684,61.71926,1080.7102,584.5985,61.921455,1075.2031,645.5497,-29.918228,1077.2526,609.7897,191.87242,1036.6934,601.4876,16.84032,1035.4362,585.50916,80.01681,958.50836,699.0408,-171.0786,930.85657,610.0347,332.83426,780.4271,752.4424,-215.70511,754.9141,649.88275,401.0539,580.6774,783.3539,-227.33719,582.3913,642.991,414.13153,524.9768,810.99585,-275.43005,530.1548,639.2905,430.02646,512.3251,781.5981,-260.16858,530.02356,643.3732,393.30197,533.09595,768.671,-221.31435,551.01227,649.8741,393.30746,633.344,669.05255,-155.98611,624.4145,605.2977,156.55377,445.775,460.31973,-230.14629,422.80612,439.4651,25.691751,346.76657,726.31,-50.94342,338.68347,661.35205,294.41238,368.37424,776.2055,-30.477303,360.74423,704.1327,319.6399,208.37515,775.09827,-42.964508,204.21439,711.0926,309.37634
bridge_down67.jpg,1078.3236,526.1225,-99.039856,1100.4448,541.5005,-119.51834,1101.9617,548.2502,-119.363,1103.7286,555.31744,-119.43346,1100.9453,530.28754,-77.62075,1102.27,527.74835,-77.76195,1103.5724,525.24994,-77.380104,1099.7324,583.94836,-129.68532,1102.3374,544.4296,51.52089,1059.5587,550.00055,-98.91076,1059.0504,533.0916,-47.719093,996.0327,649.38196,-224.91907,961.19763,562.87006,205.54745,824.1377,736.9544,-262.52838,786.46375,644.3694,246.37236,636.26495,801.5762,-244.78558,648.349,677.71515,219.39395,589.5989,840.7653,-279.4961,605.8524,688.2858,232.1402,569.3662,814.15436,-270.57278,608.91766,683.8451,196.00682,584.3915,797.279,-241.61699,624.91986,683.45197,201.8411,648.32623,696.2235,-143.01245,640.83307,631.6731,143.40492,427.04196,517.36456,-248.08798,434.90488,499.9378,43.7965,391.69073,790.9215,-55.674576,403.14343,707.78156,271.26923,427.52798,836.62006,-28.280052,434.93988,737.33435,296.19513,265.59744,860.8201,12.547538,283.34583,791.1103,337.9209
bridge_down69.jpg,379.05096,576.4772,70.26192,357.77103,588.3822,93.22397,357.37872,589.1411,93.21068,356.82483,589.6321,93.14253,357.52533,593.7792,40.642406,355.7576,599.1864,40.599537,354.0432,604.68884,40.509045,362.6106,615.03156,198.49274,360.65506,635.659,-31.548649,401.2118,587.914,115.253136,398.49142,598.014,47.99407,504.0972,615.1429,329.6491,473.7984,688.8652,-186.17897,678.2422,638.7589,387.22552,656.1582,737.4059,-231.48547,831.92676,648.0455,366.4355,850.0543,766.38324,-190.96382,879.3552,654.103,407.9513,905.55023,793.0781,-244.40656,880.5567,655.6823,358.11972,916.5367,771.60693,-202.87839,860.90405,657.184,347.6183,895.5379,762.5875,-174.83026,822.67596,615.5267,155.84375,828.61523,673.58936,-153.96799,1013.33496,424.07745,53.783516,1031.032,459.37463,-244.53278,1073.7996,655.87054,287.75223,1094.3502,715.25836,-62.022102,1045.4894,695.54016,311.90875,1058.7433,762.8308,-44.06781,1181.2172,727.6751,343.99826,1222.4113,784.42426,-42.141945
bridge_down71.jpg,1007.69855,527.3437,-8.454673,1029.6069,545.62585,-29.881966,1031.2327,552.1953,-29.696627,1033.0756,559.06683,-29.686232,1029.7389,537.1917,10.184232,1031.0271,536.4274,9.989548,1032.283,535.6434,10.307273,1026.6028,591.80853,-63.02147,1028.89,559.9421,113.01704,988.00305,551.0816,-18.113705,987.13934,536.9203,31.630556,910.4032,644.5594,-165.40547,886.32153,557.9247,236.85112,727.9955,698.01953,-204.25221,710.807,592.32,291.0001,530.6602,729.09326,-194.79617,561.6815,588.59674,313.21597,477.3982,758.9998,-225.15102,516.3636,586.5234,327.71234,462.42645,728.93884,-216.81012,517.3953,588.0405,302.36353,481.43756,714.50183,-192.39627,534.4281,592.97314,297.7637,568.08453,618.814,-129.90913,567.6398,554.64276,130.22429,377.40924,406.29095,-210.95125,374.2181,384.99567,15.881829,287.9367,678.1711,-61.44154,308.58597,607.53424,230.75562,315.93027,725.27527,-42.90364,337.35254,647.60016,253.16571,147.69264,739.4195,-29.698298,170.51051,665.57367,281.28375
bridge_down72.jpg,527.83936,644.5444,115.01866,498.39752,657.8375,144.70442,498.06442,659.04443,144.74646,497.58444,659.90466,144.5317,495.9988,662.5812,77.47775,492.5811,668.2263,77.43383,489.1858,674.06067,77.42873,500.76758,692.3539,277.03027,493.20364,711.93097,-12.920139,555.4945,661.7233,173.33458,549.81464,671.7106,88.27263,680.375,698.34143,443.34515,624.4905,786.42554,-217.0121,886.4125,730.01886,551.0276,827.8121,836.6684,-403.79193,1072.8115,730.3953,561.0488,1018.26685,859.4755,-555.9388,1127.2141,730.40015,614.78687,1075.1228,893.1585,-643.669,1131.567,738.0831,546.98236,1091.01,864.48846,-581.8165,1109.0006,742.98773,534.7319,1072.7551,855.9476,-536.244,1083.9636,693.37585,196.31517,1077.092,768.44495,-194.01236,1356.2166,440.1732,39.02697,1348.0759,508.48566,-332.37225,1414.0652,739.7557,334.29706,1438.9432,815.7444,-106.15374,1373.4213,792.65765,364.97205,1399.7341,877.0715,-81.88138,1549.2775,838.04395,388.8091,1603.3975,890.60944,-99.068054
bridge_down73.jpg,551.5054,715.1537,98.44165,525.06415,735.19916,130.43536,524.38,736.82574,130.4417,523.491,738.10187,130.15483,525.78937,739.5936,56.929276,524.51117,745.5668,56.876705,523.2793,751.67865,56.815765,532.07074,768.61145,272.57892,534.7144,786.87585,-46.555634,579.29974,725.3703,160.5323,578.33636,734.89886,67.24546,703.59283,743.6617,451.07553,672.78595,829.2803,-270.32028,908.18365,736.77966,571.233,875.27527,847.2667,-453.00912,1093.6593,710.6882,600.3739,1074.5012,841.385,-582.7784,1147.3835,703.66785,658.3899,1136.4581,863.6276,-670.85974,1152.9343,711.615,594.38495,1145.6058,835.41614,-613.15906,1131.3446,718.23175,575.83746,1125.6094,829.3821,-564.1068,1103.7639,673.0363,223.41612,1114.2888,740.92084,-221.16081,1332.2416,381.69357,76.35148,1351.8866,454.24133,-351.57062,1441.0676,647.0289,410.91745,1478.5419,722.1029,-68.50797,1412.4801,701.03656,444.97955,1451.8801,786.93585,-35.76962,1586.9733,711.8226,484.82867,1641.0135,763.0898,-29.051455
bridge_down76.jpg,520.7048,644.42554,128.09967,491.9031,663.03937,164.8994,491.17297,665.35205,164.92482,490.28146,667.30634,164.7159,490.9326,666.274,86.66905,488.1574,671.86,86.60682,485.38654,677.6106,86.62948,494.38864,703.3775,310.85776,491.69452,717.2732,-26.393908,548.44354,662.3813,191.90053,544.67224,670.157,93.29321,672.6268,706.7535,498.36807,619.04834,782.9957,-261.77408,872.2891,743.87024,672.35565,817.84863,836.0762,-512.8826,1057.8291,734.8806,754.2293,1007.79694,852.43646,-701.5342,1112.6226,732.1859,821.87994,1063.0426,886.4988,-790.944,1118.8446,742.0569,753.3803,1081.2233,858.31793,-720.14307,1096.4086,746.1566,728.65576,1062.5173,850.39166,-678.3094,1072.5481,690.0942,224.18015,1066.6437,761.1519,-221.86647,1366.185,434.1316,36.291492,1361.6343,504.76004,-358.29056,1419.4448,726.4651,369.54285,1448.2733,810.55084,-108.69031,1378.2736,779.74774,403.3634,1409.2205,873.16284,-80.93612,1558.3009,823.05865,422.55026,1610.5266,883.97784,-104.17139
bridge_down77.jpg,477.73267,597.13336,151.54187,448.92294,610.8463,184.28407,448.81653,612.61237,184.36928,448.5602,614.05194,184.25688,446.15155,614.1923,110.43319,442.67734,619.30566,110.40852,439.20224,624.62384,110.43491,452.44565,646.7338,321.84796,443.43112,662.00226,1.9621634,505.84106,615.1186,212.68095,499.66882,623.21906,119.14846,629.75073,654.96747,495.1639,569.288,738.5284,-216.84764,832.2994,694.70337,623.92474,772.2024,790.42975,-429.97302,1009.9762,686.8298,659.59314,962.77124,811.0936,-610.732,1060.9321,685.465,716.1817,1020.114,843.3723,-700.1967,1065.3997,692.2796,644.83264,1035.0227,816.31555,-636.5901,1043.989,697.9967,631.7461,1015.18445,807.99896,-590.65314,1023.32336,650.23254,211.53342,1015.95715,722.5836,-209.18535,1304.163,412.8114,75.25775,1300.0111,476.98578,-357.3125,1363.3556,700.8415,353.4051,1383.8417,768.2527,-92.19498,1322.6774,752.26764,381.4251,1342.2537,822.99396,-61.993076,1505.7045,795.4738,391.192,1556.8401,845.69867,-78.03431
bridge_down8.jpg,793.84393,327.63165,54.074696,808.262,347.2325,33.209766,808.4939,352.87134,33.25973,808.83075,358.76,33.225002,809.20166,340.98776,71.17861,810.09045,340.93555,71.01335,810.92914,340.8729,71.24694,797.06146,385.06558,-7.055767,803.1285,361.57727,162.53218,774.14716,343.22757,42.339592,775.24335,332.34402,90.238495,699.38477,401.79138,-108.14535,697.1147,336.12903,265.05975,555.12286,395.71152,-145.8838,556.57,331.1238,310.40823,408.1101,376.45456,-174.5272,437.9405,300.7783,344.60764,363.2126,386.09055,-216.63805,402.32574,290.42358,359.94812,361.3372,364.00797,-200.89719,403.36508,290.97794,336.85855,378.59946,358.91595,-170.60922,416.57248,298.2133,330.95398,433.12784,307.77402,-114.3357,446.3609,259.8872,114.90495,340.6788,100.00025,-215.50047,358.0521,78.10158,4.1879516,208.40955,281.30692,-58.26358,238.45912,244.71608,194.1804,221.7468,323.6827,-38.531364,252.68222,281.3194,215.50806,84.07197,295.84192,-9.264884,109.762505,270.7595,242.55853
bridge_down86.jpg,567.89355,786.6415,101.91037,512.5345,804.81445,139.97487,509.20865,804.2916,140.04446,505.8349,803.09033,139.46019,514.5627,820.0239,40.672108,510.26242,831.9793,40.487503,506.05185,844.10284,40.505047,492.20944,856.90894,343.80017,496.66016,913.1379,-84.99327,598.2359,816.54333,190.78209,596.58,838.2168,65.05639,748.6948,913.5245,526.7332,673.58093,1061.195,-308.96945,1064.1106,1013.37335,678.94354,967.8131,1212.3647,-443.14664,1323.8444,1062.4927,715.8808,1261.7601,1335.6837,-449.9185,1395.682,1079.1708,799.7763,1337.7141,1407.7365,-532.6921,1395.5281,1084.5286,717.2249,1361.0767,1370.3385,-468.36447,1364.589,1085.824,685.8455,1335.8032,1345.0737,-424.84268,1385.6681,1089.8143,260.39926,1370.6708,1209.4949,-257.27393,1816.25,768.68665,156.61617,1822.9777,859.9566,-328.67807,1679.9032,1176.6052,582.0901,1677.579,1273.7603,77.19659,1604.5763,1236.2628,633.3136,1589.4724,1336.7067,119.92462,1783.2556,1303.6188,784.4528,1814.8175,1414.9904,226.74751
bridge_down88.jpg,590.38336,970.0452,134.32706,548.6132,995.99316,224.3885,545.5104,991.98956,224.57286,542.1048,987.29895,224.16513,557.0286,1020.2623,118.925224,558.23846,1034.893,118.796196,559.51996,1049.7913,118.57965,555.41895,1028.3108,552.6916,582.3196,1109.2025,100.52137,634.30725,972.8298,263.9296,641.5261,1007.37445,131.8276,842.5622,1010.87897,796.51276,801.7624,1174.0265,-251.95561,1163.8275,1026.292,964.55383,1126.2944,1237.8481,-473.4461,1434.0417,1010.46796,971.7247,1446.4757,1270.8821,-612.17236,1512.5625,1008.70764,1060.7673,1542.9951,1315.0754,-731.10693,1522.1621,1020.23456,948.0574,1559.861,1276.5558,-663.2083,1492.8569,1032.0146,929.06726,1528.0787,1256.696,-592.56024,1464.9841,1002.6898,350.188,1483.7737,1116.9918,-346.80722,1850.1561,574.76373,210.57288,1909.5309,646.16376,-523.31036,1807.1337,1013.6996,807.44366,1834.6134,1112.792,3.7094643,1750.1493,1085.7689,876.60016,1748.3231,1199.796,70.210495,1942.3157,1111.936,1074.8837,2031.3959,1227.3944,211.0831
bridge_down9.jpg,259.0097,253.29358,165.67467,238.40842,263.78732,191.45586,237.54372,265.42523,191.43494,236.53217,266.89008,191.3173,238.612,266.3016,137.6643,236.89864,269.89923,137.61612,235.1913,273.63275,137.54234,238.81676,288.56067,285.5737,238.58755,298.4645,47.574135,276.77612,264.2419,207.4,274.73883,269.41705,138.13579,359.6602,290.54855,410.42108,322.07962,340.66287,-135.03256,495.58002,326.24817,496.81274,463.2974,380.87198,-241.89798,609.8548,325.64807,508.18314,612.0495,396.01993,-292.734,643.2631,327.98715,551.9172,657.29645,412.73608,-352.7103,647.56824,329.79373,504.51483,664.7759,398.8429,-306.31128,632.2857,330.79807,489.65558,647.23096,394.71228,-277.3264,605.87756,281.93405,161.34505,603.014,327.25833,-159.56412,782.2234,117.597694,79.69483,793.8098,156.82289,-257.5305,830.7371,314.6131,268.51468,837.8959,357.90872,-87.624664,803.5666,348.41672,286.89697,805.2831,394.81052,-66.72641,933.14844,381.29486,297.25238,957.1529,416.93094,-65.28648
