bridge_up0.jpg,119.372826,347.8221,-67.71876,108.30635,347.67972,-38.26166,107.392105,346.11142,-38.30399,106.37657,344.4496,-38.417988,109.68286,354.81415,-67.52911,109.33579,358.46185,-67.52263,109.01738,362.18115,-67.65602,107.96379,350.81836,78.59081,110.899574,372.77866,-51.19074,127.85122,347.8028,-20.588007,128.6565,357.20953,-58.447388,161.08801,355.9513,218.09802,155.76932,378.87357,-144.75044,236.80423,376.88464,271.63422,232.87732,386.92838,-204.86508,302.5532,384.3097,263.73883,301.38733,391.83997,-327.75336,319.99744,386.27396,287.36923,318.81357,399.86627,-385.98984,323.8815,382.41138,241.00706,326.28226,390.16522,-363.09277,318.9397,384.24545,245.86528,319.45093,387.6486,-323.20496,283.19775,299.89142,122.07608,289.029,316.37494,-121.545296,391.61896,259.19354,98.8969,418.4929,255.28284,-188.16344,405.82812,362.26926,247.60016,411.48544,371.1359,-14.150488,400.96432,379.6397,264.03198,398.85455,391.51038,5.883435,444.55353,376.55746,278.5326,462.14908,398.3498,10.499648
bridge_up1.jpg,126.57983,370.07916,-17.311573,116.24817,372.47028,8.237411,115.11764,371.11282,8.24547,113.86929,369.66324,8.140657,118.55141,378.94043,-17.145538,118.704216,382.4202,-17.156284,118.89849,385.9836,-17.258595,116.38207,376.30292,107.06816,122.95839,396.5909,-2.4179847,134.84291,368.95786,23.828035,137.07736,377.9052,-8.169922,171.10094,372.01392,225.93294,165.41644,395.46857,-95.42583,247.46664,376.7844,267.34778,239.55162,390.62115,-138.99533,306.04828,372.2616,263.5155,307.89548,383.32675,-227.46472,323.16992,371.29895,285.25342,328.38,387.90817,-275.3378,325.47736,367.51178,245.94612,334.46368,376.52338,-252.0349,320.66342,370.31772,247.80835,326.654,375.87476,-221.31825,284.31494,296.33203,106.42265,290.99234,309.44427,-105.8736,383.44467,234.06146,73.25806,407.90427,223.01064,-168.81335,408.0193,340.7988,193.60474,420.71466,345.61905,-38.68294,402.18845,360.68463,207.89017,408.89243,370.29486,-22.675114,453.37155,353.74493,223.31795,480.25235,367.03717,-21.06154
bridge_up10.jpg,820.9589,293.25464,91.66209,838.4072,302.08698,74.86659,840.6123,305.9183,74.85277,842.9762,310.071,74.67455,836.93646,298.11655,121.32104,837.8412,298.1325,121.110374,838.7242,298.21942,121.20341,842.1541,331.3075,9.906432,838.4858,317.70126,221.84457,809.3853,310.26474,70.07838,806.1922,302.1329,131.00285,765.12573,372.73016,-145.13916,726.6975,308.2747,331.602,626.9022,417.3129,-202.11142,569.7019,328.61386,357.93274,478.4472,417.80618,-212.03235,461.7588,319.78238,337.88272,436.70435,437.8088,-259.3199,425.78464,322.99738,358.2725,427.68323,415.47775,-221.62363,425.5714,321.59726,304.0149,443.69342,412.80334,-197.73479,441.74988,325.828,314.51465,511.16492,302.90594,-153.76964,502.36343,252.44444,153.9336,281.2102,205.59377,-241.44472,293.721,178.88107,50.813496,243.46103,388.86176,-71.698524,252.34378,331.02557,286.2828,262.74994,425.3683,-52.06922,265.50555,361.75,311.16296,135.14807,427.99554,-74.408325,154.86218,365.47418,304.63242
bridge_up102.jpg,1317.2411,307.36258,-11.869744,1299.0822,266.06976,21.376053,1300.2318,263.6301,21.584944,1301.8121,260.69177,21.489054,1286.4966,268.97552,-60.500874,1276.361,267.91428,-61.018948,1265.9252,266.9858,-60.972237,1273.8883,270.0387,196.56573,1226.5756,280.9224,-153.92342,1314.2208,343.86444,75.58569,1292.894,346.9927,-28.302101,1316.2856,495.90814,500.0398,1208.8154,490.3841,-394.7166,1303.0562,840.2095,636.72437,1205.606,842.0123,-415.63733,1316.753,1121.7297,640.95404,1224.8887,1192.9622,-275.17404,1320.1454,1206.2216,680.1849,1203.975,1294.7446,-346.2703,1319.168,1205.467,576.35046,1243.1945,1307.1622,-278.94946,1309.3088,1177.6969,593.1514,1244.2687,1267.6692,-244.16728,1548.9897,1012.8191,297.55548,1467.4308,1019.8195,-295.77533,1810.9927,1539.4998,45.367146,1708.2559,1573.1482,-510.6969,1342.2428,1569.0793,592.1743,1279.8396,1589.2644,-123.72295,1260.3254,1520.3395,653.7193,1204.931,1535.7794,-87.8709,1225.7184,1729.9371,729.1254,1195.8123,1765.3171,-139.85426
bridge_up103.jpg,1215.7242,337.14505,38.857525,1189.554,301.1485,76.999626,1189.0723,299.39703,77.15037,1188.9255,297.07455,76.921745,1180.4918,304.60867,-9.780379,1171.0791,305.02762,-10.312522,1161.3477,305.65012,-10.212965,1160.0555,314.77856,244.75533,1123.9229,328.5124,-124.0682,1215.8401,375.90976,121.38298,1198.3175,381.10526,12.438827,1230.8479,532.6856,505.30728,1141.9899,547.8637,-368.3005,1277.0133,875.4518,614.3568,1193.0496,906.97943,-383.5827,1345.867,1167.9464,613.1764,1284.4313,1260.9944,-229.19952,1368.6064,1253.9463,642.7508,1285.0183,1368.2125,-292.75534,1365.8765,1256.0934,539.19714,1326.665,1369.5597,-230.73424,1350.281,1230.6676,564.4061,1319.0239,1329.48,-199.9612,1561.1569,992.5859,294.87372,1489.9,1013.48456,-293.0952,1912.585,1439.5391,18.67414,1827.9817,1504.2495,-514.99445,1449.0608,1543.1298,637.9815,1415.9556,1543.5338,-51.007576,1362.5122,1513.2267,707.17267,1341.2833,1502.9093,-5.890544,1352.5062,1700.6989,811.0501,1343.7235,1701.8698,-15.586705
bridge_up104.jpg,1486.5065,304.87222,23.749735,1480.5813,257.9784,56.375942,1482.5172,255.93355,56.61552,1485.0548,253.51788,56.427746,1467.1223,257.12723,-25.491411,1457.3225,253.22838,-26.078936,1447.1677,249.36502,-26.140867,1454.2172,253.24666,231.82036,1404.594,249.99771,-120.80616,1473.5468,338.4731,112.63722,1451.466,335.36963,8.089456,1425.1034,480.14246,524.0046,1329.522,445.3393,-360.20105,1325.4541,823.78406,675.1254,1232.4233,793.76447,-380.19763,1252.6184,1104.3958,696.7661,1150.7809,1145.0443,-274.66345,1230.723,1187.2915,747.7223,1100.7882,1237.171,-344.88348,1232.1006,1186.593,643.9,1134.8527,1264.6481,-275.47067,1232.0171,1157.4912,651.3877,1149.2188,1229.8904,-243.06754,1522.473,1049.226,302.50815,1445.9888,1033.3488,-300.85083,1638.681,1652.0331,36.839417,1543.249,1632.6848,-539.1417,1191.6221,1555.7828,640.303,1108.1813,1529.5817,-87.25996,1127.5675,1486.7385,708.16425,1043.9092,1454.9313,-43.06905,1039.7385,1680.5739,790.978,978.13904,1681.3468,-70.17023
bridge_up105.jpg,1559.6421,311.263,-6.0017157,1597.4194,280.71597,-38.67475,1610.6414,282.11877,-38.672585,1624.4263,283.26465,-38.932,1576.0271,274.69324,52.86769,1571.6666,270.961,52.443623,1567.3062,267.2052,52.409317,1668.2604,304.31387,-86.77736,1598.6367,277.65665,324.314,1590.0706,352.81827,-11.396014,1557.342,344.61627,105.26366,1684.8997,498.06546,-295.24524,1575.3689,486.2745,550.59674,1715.4447,865.16833,-379.169,1608.8132,855.5224,619.7936,1664.6458,1233.4673,-293.32098,1590.1869,1141.913,555.3504,1684.7006,1334.026,-343.8986,1586.0522,1223.1912,546.54016,1649.2795,1338.3949,-324.58356,1591.6193,1219.2107,483.29706,1641.5238,1298.573,-282.06195,1600.2534,1191.8453,517.21216,1420.7334,1045.2477,-277.30408,1333.1879,1020.5179,277.45587,1233.9093,1563.9146,-498.97336,1149.3402,1509.4286,92.60453,1553.3561,1582.2961,-22.568731,1506.1208,1607.5951,611.4665,1609.3378,1536.7802,32.672512,1566.717,1585.688,658.84393,1609.2905,1757.5924,45.73991,1565.7982,1771.7887,652.2741
bridge_up106.jpg,1314.2158,303.403,-62.050976,1290.5265,260.83667,20.871511,1291.91,257.23254,21.031109,1293.722,253.16893,20.671062,1276.368,269.09686,-102.58261,1265.5161,270.644,-102.95864,1254.417,272.24213,-103.22865,1266.2222,265.86743,363.85748,1216.0348,290.62024,-165.98015,1317.297,334.89444,85.358376,1293.5166,344.30472,-70.45446,1322.6223,496.64807,776.65356,1216.1705,490.03555,-495.8091,1317.2697,826.40436,940.1454,1204.4498,833.2667,-544.1224,1329.4941,1084.6654,853.8322,1230.0128,1160.6609,-538.0348,1333.357,1161.1077,902.9297,1210.292,1255.0881,-637.9101,1333.8754,1163.771,775.22095,1244.4418,1271.9523,-576.5841,1323.7539,1136.4613,795.2372,1248.3739,1229.4565,-510.46918,1548.8082,1006.176,436.95532,1468.3591,999.4573,-434.53308,1837.4418,1564.779,124.8325,1680.2614,1517.776,-697.0577,1361.0669,1577.6067,931.7624,1285.3048,1531.0162,-29.1115,1287.6726,1526.3518,1025.5247,1218.0254,1481.4196,49.870987,1237.3337,1728.1516,1140.2544,1173.8572,1714.9918,76.782196
bridge_up107.jpg,1265.739,247.68698,33.931145,1246.4274,206.70117,73.8097,1246.7905,204.30655,74.02639,1247.557,201.38551,73.95363,1235.1962,209.8761,-19.67829,1225.5089,208.8907,-20.26874,1215.5358,207.9904,-20.382662,1219.697,208.276,270.6471,1176.7081,219.49477,-131.19745,1262.5885,281.63983,129.65195,1243.3721,284.5312,11.2633505,1277.51,420.0069,615.7675,1153.7126,426.4259,-419.15918,1316.9547,741.438,791.7838,1145.7776,785.9357,-451.54538,1385.0315,959.9519,778.0613,1174.8875,1124.7118,-323.00388,1398.73,1024.2322,822.77563,1155.1597,1222.1375,-388.03003,1403.708,1018.97485,715.2162,1193.2844,1234.9523,-324.79852,1390.7198,995.86255,726.9566,1196.6292,1194.5867,-292.74826,1508.9526,944.95984,340.15274,1422.1799,959.29755,-337.96634,1797.3743,1470.4567,68.18013,1660.7567,1482.2129,-577.5457,1330.7654,1517.5537,627.66534,1238.1185,1520.7437,-127.161705,1246.2672,1466.2854,686.757,1160.9912,1469.5114,-81.54471,1211.8862,1691.8773,733.97797,1145.8855,1707.6655,-116.45153
bridge_up11.jpg,778.0675,236.99908,80.09368,795.26355,249.84756,61.088295,797.40344,254.88023,61.047874,799.7032,260.2494,60.768818,792.5631,243.29378,102.826675,792.6938,242.96495,102.66131,792.77856,242.69872,102.932274,797.23596,285.99017,16.536013,791.0365,263.73654,207.58208,765.2506,256.19888,67.33503,761.2028,246.15407,121.5634,715.6701,327.00897,-94.56065,691.5475,254.44504,295.37643,575.34766,368.0434,-156.06189,544.8498,284.0944,328.8537,436.09564,379.39334,-187.56664,437.22043,282.7764,326.76596,397.71393,400.71835,-224.28096,403.53552,282.70038,335.2575,393.6463,378.07248,-201.19247,406.09415,284.18808,304.4811,408.01013,370.81195,-179.02505,418.63504,287.81415,309.52704,452.6734,236.1105,-124.483765,449.12137,179.13365,124.791725,225.86142,145.43872,-251.9224,252.86478,111.34658,39.870567,175.18515,346.27628,-97.64979,194.27293,286.45407,208.85588,198.00125,380.1032,-75.175804,207.63696,319.57465,226.77925,57.490334,392.9182,-63.211605,95.5472,335.26642,215.31548
bridge_up12.jpg,951.9186,300.76334,176.45062,972.4142,311.07898,159.45158,975.70154,315.59906,159.54382,979.1298,320.51935,159.35863,967.6434,304.6524,207.41457,967.5072,303.77368,207.1547,967.27344,302.97034,207.21523,981.7285,345.80484,100.48481,968.3646,324.56348,322.7477,942.94324,321.57187,156.77675,936.17773,311.0428,220.296,909.4047,390.24457,-67.22024,862.9857,326.65674,398.21985,764.7041,417.8983,-136.41354,701.46545,337.76862,399.3672,620.5815,428.63525,-199.77615,576.71063,329.3385,356.7715,581.18616,453.59857,-256.12335,534.2294,329.0236,380.75308,564.6801,431.28412,-214.89032,532.2603,331.2105,316.08667,579.24884,426.5168,-185.27,549.45636,337.0327,329.3242,647.50433,286.19952,-150.66411,632.96985,239.92288,150.73717,395.37173,174.03557,-284.97867,402.12207,153.39452,37.47625,384.47086,387.8178,-81.42573,368.79312,337.71396,273.2873,413.41235,425.93542,-54.650223,387.38538,369.96475,299.9253,262.15536,438.01733,-67.91577,260.0503,388.27832,287.63016
bridge_up13.jpg,936.74524,237.3742,193.28513,961.17126,242.88281,166.0425,964.86066,246.6867,165.8336,968.7383,250.89374,165.25859,957.3353,239.6199,226.56528,958.0282,239.8839,226.47456,958.6923,240.38411,226.85132,974.99646,275.57828,61.644085,963.3447,264.23605,340.36722,929.20294,258.3483,159.63177,923.0086,250.80746,239.22005,903.247,335.6395,-136.50531,857.10046,288.3383,472.67633,768.06433,388.6819,-222.26169,706.31085,322.42212,511.76736,628.3463,426.9532,-314.3882,585.0852,336.9807,507.40213,593.96643,457.4574,-385.63467,545.6554,346.33868,555.7705,574.6226,442.93604,-330.16837,538.10815,347.40927,486.6081,586.0498,437.18573,-294.90692,555.8011,349.11356,481.92355,625.6046,280.44308,-193.40862,610.3914,242.14897,194.145,350.46536,219.6362,-298.55563,367.9,184.96786,88.429474,392.3292,432.05832,-53.600403,383.21603,366.87537,392.64856,428.91656,465.59995,-26.312862,408.37057,395.07538,426.42896,279.6942,497.98538,-37.22842,286.4708,429.26712,433.02966
bridge_up14.jpg,946.7093,399.92548,60.32719,961.50635,414.27502,37.997112,962.8675,418.80203,38.114273,964.22925,423.76718,38.08719,959.2843,409.88257,80.122406,959.1848,410.29773,79.93108,959.05005,410.74414,80.08999,956.247,448.01306,-16.820011,950.70245,433.10443,176.91383,930.66614,415.3723,44.81324,927.6297,407.2748,99.93321,862.97595,473.80154,-122.12069,858.25397,394.2746,267.3029,716.468,467.31052,-179.29076,712.9734,363.43622,298.96838,579.75134,432.1394,-211.83394,598.96606,331.7803,295.60925,533.444,442.8832,-250.35927,559.6305,322.5528,313.86798,531.01624,415.98938,-224.60225,560.3275,324.87668,271.23114,546.9344,413.91003,-201.5239,573.8905,333.18973,277.62534,637.1872,303.99094,-129.42265,652.92365,249.70792,129.40642,449.6255,122.09834,-232.86014,477.68143,95.10629,31.705822,363.81488,318.52872,-82.57217,400.76636,282.55087,231.39812,384.16998,361.33682,-63.313465,416.87738,323.94006,254.02803,228.30595,338.29517,-58.443413,275.86295,304.2442,273.86786
bridge_up16.jpg,953.0246,297.80045,150.62132,972.53046,308.3078,133.66095,974.93695,313.0368,133.57639,977.5001,318.0985,133.32077,970.2583,302.66986,184.19029,971.03296,302.2768,184.0867,971.7808,301.96884,184.30193,976.68207,341.7559,64.13113,971.30133,322.7502,294.45224,940.6796,316.43903,128.41211,937.02655,306.26227,194.22719,896.59674,384.7256,-91.187004,861.33905,317.22372,400.36475,753.43665,425.7862,-124.40766,703.3564,332.3583,445.91757,607.90857,435.8506,-157.4419,576.93,328.67172,457.42435,567.3989,458.28995,-205.39417,535.6763,332.4987,493.85397,555.62933,436.88467,-168.3666,532.0076,333.04254,440.0488,570.5362,431.62897,-142.92355,549.8316,337.38135,436.65164,647.6077,302.57034,-155.63568,640.0472,249.67857,156.0708,404.20343,216.99654,-274.40363,420.67062,160.62985,21.970287,391.4124,396.05008,-50.056255,400.8772,322.585,330.13315,412.67804,429.82947,-23.631336,417.7525,352.68704,363.30325,291.45053,431.4565,-26.054577,305.83365,358.9251,380.29745
bridge_up17.jpg,901.1356,250.75267,151.26862,921.9884,260.48138,131.38182,924.8527,264.98657,131.2778,927.84796,269.89093,130.85094,918.57526,255.10393,181.56413,918.9167,254.74257,181.42694,919.2043,254.51094,181.68808,928.70325,294.74182,59.058968,919.20325,276.724,290.5021,890.26025,270.7691,128.01161,885.1134,261.0635,193.99922,850.2233,340.48837,-107.18684,812.6514,277.41046,385.02206,705.677,370.88052,-175.01959,658.05493,283.8549,407.2641,562.9867,381.71143,-233.07784,538.8781,280.96075,389.0191,522.4631,405.9281,-289.40125,497.12,282.1242,415.3627,508.4493,384.5105,-248.15681,493.91116,284.83478,355.39575,522.50726,379.91885,-218.22308,510.8628,290.00024,364.29175,589.4026,238.65248,-158.80208,579.947,193.3364,159.27174,344.6001,122.05631,-279.80505,350.13525,111.40029,44.852352,328.4823,339.48633,-77.000084,321.48328,292.0196,289.80737,356.61124,377.8862,-52.533886,339.76254,324.22614,317.62952,206.31403,389.15274,-66.85711,217.4232,337.8584,309.5074
bridge_up2.jpg,115.78315,310.7518,-41.10564,105.77725,307.0845,-8.739351,105.38678,304.79456,-8.753145,104.92306,302.37253,-8.840941,105.01703,315.33063,-36.045208,103.73611,318.92276,-36.0386,102.46789,322.61407,-36.18562,104.80195,307.54697,113.8201,101.80895,333.29526,-5.294114,123.92208,311.6817,7.1959534,122.19927,322.2342,-27.512974,155.8714,330.087,242.85478,139.62624,349.55566,-98.30525,219.81772,365.80817,288.83026,210.2136,377.57288,-150.32712,276.60522,389.27368,268.1476,275.7104,402.1183,-252.59393,291.20728,395.5,286.7474,289.95648,415.73593,-302.15488,295.66687,393.01257,243.94475,299.7239,409.0395,-281.45038,291.06738,393.27112,250.61502,293.79816,404.4657,-248.13078,285.39468,311.3354,117.22986,282.75546,324.29318,-116.66731,405.51175,304.98083,85.07265,425.7034,302.1022,-189.44714,396.06256,404.55414,237.85747,392.9996,413.01935,-23.02458,386.20407,419.51172,254.96625,374.2419,430.26852,-1.7997074,430.16748,429.8219,261.52835,438.2749,452.75586,-0.37204003
bridge_up24.jpg,920.2191,328.4742,260.63232,946.7383,340.8654,260.04825,951.16315,349.26697,260.1059,955.9594,358.0925,259.86505,937.47894,323.60306,307.61792,935.9078,318.6851,307.41745,934.2454,313.73157,307.67407,956.6524,391.3373,290.72244,933.28156,332.88742,513.67847,907.9804,361.2755,272.7233,896.8519,336.9256,334.89346,860.17017,481.46204,183.8076,798.24146,350.00397,562.2053,694.9478,578.0633,93.313446,590.4853,411.1117,551.08154,521.04785,640.4191,-15.7922,403.3599,436.89816,462.85733,475.12234,682.4333,-75.23241,349.20505,444.50742,444.70218,463.3671,646.704,-85.83176,350.9185,449.49777,405.97305,481.14542,625.03375,-22.654335,373.65588,453.02573,437.70746,517.6078,389.31393,-127.37738,495.16635,304.03455,127.56085,172.15697,353.9049,-310.23294,174.52405,245.02888,-50.2971,249.8065,575.4294,-45.951344,221.39055,491.8214,299.67862,300.9198,597.7984,-9.428706,259.2592,530.9552,335.03207,145.25186,647.43335,18.542692,127.856346,553.75305,367.72482
bridge_up25.jpg,899.10126,272.3888,287.04944,930.0687,281.94287,287.86658,936.2829,289.97617,287.81757,942.88696,298.31662,287.54852,917.2278,265.06198,337.19446,914.7122,259.90216,336.99936,912.02893,254.73279,337.1618,951.2619,333.5995,320.4317,916.1664,274.3737,553.43774,893.32355,308.62943,299.5894,877.3328,284.72617,364.0424,874.4688,436.8783,207.66054,790.49146,316.35654,585.2822,733.7648,563.5686,84.83051,596.0726,417.00995,569.1982,574.31476,645.1164,-60.892017,414.142,475.66406,476.43665,536.0709,690.6246,-118.12988,359.13162,495.4669,461.5983,518.0137,660.3936,-125.99378,361.35663,495.21576,420.5877,531.98865,637.72205,-67.19541,385.79962,495.39633,451.34467,516.2481,399.69473,-127.88283,483.5177,318.98505,128.795,175.39656,412.24213,-310.03943,154.38318,297.98904,-87.93603,299.00427,588.9972,13.693879,258.88956,515.62585,336.40134,348.9886,604.3775,54.769234,304.83725,542.63635,380.3091,235.63443,650.6375,91.572334,189.77869,583.87933,448.2544
bridge_up27.jpg,258.2726,330.18045,285.81287,239.99289,326.54004,332.06656,242.70651,322.0158,332.12787,245.18497,317.2389,331.62906,229.83582,343.92487,290.291,224.27525,351.97632,289.8152,218.76909,360.5154,289.7493,249.64955,335.21136,500.9293,217.14871,392.7005,325.86966,282.77756,338.23126,356.34467,269.03284,360.95865,303.3738,377.21707,339.0562,568.12994,295.34714,464.34894,164.10619,584.00287,383.29547,527.5305,471.91556,552.6109,108.15153,772.8948,403.27164,469.53876,657.30334,639.9292,16.74434,827.9442,409.07266,485.47842,706.08356,678.2388,-41.956783,829.9941,415.738,427.90845,728.73267,659.22864,-4.65227,811.0297,422.442,442.1795,718.02216,644.0603,27.84605,676.00397,294.8673,127.111694,641.9337,377.0147,-125.08006,1024.5702,243.39766,-110.41433,974.13434,332.8986,-352.81577,961.66473,492.73117,177.65968,895.5477,617.32263,-112.10342,916.38354,530.33655,213.81473,837.17255,651.9901,-84.12215,1058.2794,572.9162,251.86653,1038.7139,734.84534,-97.91931
bridge_up29.jpg,867.6655,274.34103,276.2915,894.39594,288.38522,276.65292,898.75464,297.59238,276.73367,903.48694,307.23004,276.50632,885.2378,269.19638,327.27216,883.7025,263.7385,327.0857,882.071,258.24802,327.37576,903.979,342.4636,311.1359,881.291,278.4107,547.34485,854.7701,308.73596,290.1873,843.626,282.415,356.06818,810.1876,428.90872,197.5308,747.2,301.84488,601.8584,647.5555,521.2143,94.348625,540.28827,362.21182,582.92285,472.2887,584.2821,-38.437576,348.46875,376.78113,505.88568,424.36304,627.632,-99.703995,292.36377,381.54767,492.49985,412.94473,592.86346,-107.78523,292.27963,385.76016,450.7565,430.677,570.6872,-44.606148,314.97522,390.3325,479.59122,470.28967,335.50558,-134.7082,447.15997,250.12338,135.19608,126.77399,296.22543,-328.89313,127.84427,185.6594,-48.942055,198.34784,529.74115,-47.6562,167.54982,431.86664,306.32605,247.85872,554.39154,-9.325048,205.23486,468.8634,341.0308,95.55095,602.67017,16.457458,73.1479,506.88345,362.3981
bridge_up33.jpg,143.02846,310.15326,430.06763,128.57051,310.82703,452.01233,131.266,309.6558,452.20667,133.7678,308.23157,452.04678,119.933784,319.71777,409.0811,115.8745,324.23132,409.08563,111.791534,328.88953,409.4128,136.30586,325.80966,560.59424,110.18903,354.84393,383.89478,163.42552,319.8104,479.92126,152.2434,329.81955,426.5145,239.43375,349.50446,579.88654,130.78105,399.57825,220.73264,408.59122,398.34933,610.0988,241.3293,519.41876,-39.80942,541.6354,434.11447,641.8645,339.69095,575.9346,-235.00807,591.8068,440.84268,639.4232,371.9255,614.6342,-266.67578,582.7968,454.78635,638.5499,386.6709,585.35333,-249.22961,562.0784,451.4549,635.14,380.88354,570.5572,-227.66081,471.8149,345.0486,121.96464,399.755,381.4049,-119.791756,691.992,222.10538,-79.338066,584.74,278.69388,-446.18878,731.9425,512.43884,-121.90148,649.9638,566.934,-516.3464,699.953,563.0478,-127.46828,621.3272,616.66016,-516.4815,823.0038,615.6231,-219.95941,775.9402,648.442,-619.092
bridge_up36.jpg,348.4996,309.71103,-120.85019,354.1176,312.15274,-143.73344,353.88467,313.2373,-143.77019,353.68152,314.48816,-143.80667,355.4064,312.0694,-119.432274,355.97598,312.52603,-119.283936,356.49356,312.96194,-119.376045,351.08527,321.57355,-198.0235,355.01645,318.59814,-84.40184,341.56332,313.3985,-136.50006,342.46558,312.27,-103.915115,310.4894,333.47284,-249.89124,328.2701,320.06003,6.912151,263.27267,342.77463,-281.64435,283.59744,312.9859,136.52321,237.2133,328.69818,-282.87772,255.91974,302.639,215.85011,229.10275,326.03107,-301.04633,248.9067,299.5894,228.46957,234.69667,324.75906,-297.14072,249.91457,298.53442,206.95052,236.93797,326.2241,-277.7903,252.49342,301.33502,207.36229,219.85483,293.07562,-83.34511,232.51952,285.96652,83.6594,159.46143,257.5238,-52.947662,183.27013,262.1162,196.07329,151.76735,328.7882,42.599777,162.21822,320.41663,291.9557,157.36913,340.53345,52.657078,162.73192,330.42587,300.77603,131.66267,339.44608,44.9344,145.40471,326.83212,309.59933
bridge_up37.jpg,343.8002,295.05707,-195.82944,349.0305,296.98206,-218.76494,348.63934,298.41318,-218.68365,348.3296,300.00098,-218.65282,351.14572,295.37296,-193.36128,351.8516,295.25458,-193.26779,352.5351,295.09192,-193.27522,346.73514,307.7624,-263.41223,351.81406,300.6642,-145.41916,336.8105,300.7616,-207.47577,337.8566,298.46896,-173.37508,303.9574,327.83917,-289.45633,328.36905,303.93713,-27.147396,254.51366,343.07242,-279.244,279.67285,307.31317,108.67534,213.87462,339.22958,-224.35954,248.37027,314.0752,209.75977,203.09735,340.16537,-231.27583,241.37933,316.0638,232.6638,205.06769,337.21744,-222.81587,242.01685,315.30716,209.94836,208.80093,337.77783,-214.94945,244.77019,316.1121,203.3572,210.45328,298.8507,-81.69471,224.81001,286.73035,82.00206,146.06882,274.54807,-27.516037,167.73291,272.3225,218.44226,158.77342,348.14154,89.13114,162.55711,333.37653,324.88016,167.78139,357.99802,101.824,167.36462,342.6835,335.13785,141.74255,368.98877,96.444595,142.65504,344.52475,344.3708
bridge_up38.jpg,346.1143,336.36847,-137.52792,350.45493,341.1319,-159.18018,350.03012,342.34802,-159.22778,349.57074,343.73682,-159.2661,351.05652,340.82834,-136.85696,351.17264,341.32883,-136.77701,351.234,341.77454,-136.85356,344.34088,351.18417,-204.66927,346.93622,348.161,-100.46919,338.1864,338.6703,-149.89197,338.63635,337.47864,-119.96451,300.96277,353.4371,-232.52666,320.00467,342.9973,-16.985302,247.97234,346.22076,-217.86932,276.61523,325.3077,102.755775,228.08485,323.13715,-150.37282,247.16066,315.51965,198.0274,221.33282,318.3063,-153.31558,238.784,312.4571,214.13277,227.59021,318.66544,-153.9665,241.11887,312.195,200.76523,229.18703,321.00677,-147.05392,243.4194,313.93268,193.12532,222.37488,286.95163,-71.806625,237.30957,279.95822,71.92686,160.86728,230.41502,-74.75747,191.27402,235.4485,176.31886,149.96324,303.5366,17.518885,166.35345,288.40625,267.44305,157.42131,316.4734,29.134563,168.35834,297.3621,276.61725,123.83626,311.22806,32.965424,144.80652,293.19632,291.37396
bridge_up41.jpg,297.38425,258.50055,-144.14839,303.02563,263.15085,-165.0816,302.75284,264.474,-165.12012,302.5029,265.9432,-165.18564,303.78326,262.6725,-144.52989,304.0458,262.99673,-144.43973,304.26776,263.27866,-144.48532,299.01874,274.65656,-207.78746,301.35764,271.01337,-112.91746,290.14874,262.96213,-155.31268,290.66394,261.28256,-127.96605,254.2072,285.2484,-221.98067,276.69745,272.64145,-36.843853,198.15834,294.04132,-191.42758,232.56688,265.95572,63.21943,176.7881,279.49747,-105.3719,198.3622,266.6728,132.85962,169.81741,277.34433,-104.44261,187.91138,265.91992,143.78291,175.49904,275.36456,-102.05958,189.5046,266.4667,132.20842,177.7263,277.52243,-100.24642,192.11772,268.02124,128.88867,170.49065,242.11359,-64.29737,186.84639,234.80162,64.362175,106.62553,208.30864,-38.36705,139.76918,207.16788,172.15079,108.67279,281.97046,53.461876,127.048355,262.89014,252.6536,117.64422,293.84628,64.23994,130.57195,271.41296,260.84314,85.908875,294.46133,70.17357,108.339745,270.4571,276.21454
bridge_up43.jpg,678.9817,387.45828,-29.848248,690.0216,395.59146,-57.282314,690.85913,397.5813,-57.293114,691.7646,399.76968,-57.356686,689.5296,395.05566,-19.63461,689.8019,396.38568,-19.68044,690.0338,397.74734,-19.656862,688.3739,416.47223,-120.15481,687.6303,412.87515,53.00754,668.6806,397.10364,-48.583332,667.5085,395.3321,0.68761104,630.59973,442.03296,-212.3478,621.846,418.4166,163.6855,552.54803,476.25504,-314.4583,540.0828,447.18307,221.8287,471.00632,493.9245,-379.62573,471.73572,469.09842,210.04869,450.57312,508.01175,-427.5884,451.67767,474.2422,212.03723,447.39197,496.0204,-409.386,452.83307,475.15945,180.54929,455.46494,492.74454,-375.27325,460.82562,474.58432,192.51335,449.12827,428.79892,-118.95443,450.5602,408.49844,119.17792,313.3517,396.32944,-182.92662,334.26712,392.3147,112.861565,285.97974,515.0249,-64.53411,294.7495,492.27423,227.4086,298.54565,534.4312,-51.172367,301.58563,509.75635,237.13977,229.84343,544.0643,-76.48174,244.88431,517.34564,207.04419
bridge_up48.jpg,789.7885,235.71527,333.08707,806.12463,237.67099,339.25485,810.54175,241.11774,339.50345,815.2767,244.80922,339.26016,795.1919,230.56735,366.47263,792.3103,228.59764,366.21634,789.28015,226.71793,366.35284,820.7537,258.61487,352.7214,788.32465,234.94339,488.339,788.6996,253.01093,333.64664,775.9072,243.07924,370.70395,817.01355,305.85593,228.86952,709.8955,273.1607,460.96304,813.83185,415.67798,78.40621,596.83246,363.73352,380.15305,717.8025,505.2253,-111.61779,490.0136,360.11557,278.73447,695.6372,545.61273,-169.61914,453.94333,358.71774,266.6714,675.23303,530.2049,-178.5186,458.87894,360.86667,236.26013,676.94354,515.4162,-120.5523,476.06195,366.34915,262.6009,614.73865,321.42664,-85.04515,557.82886,294.5135,85.8345,417.25455,339.0161,-276.1684,356.9402,295.82202,-80.09477,323.44543,562.08044,-324.4855,281.94092,522.44366,-117.57688,337.87897,592.26733,-318.9555,305.5424,552.7731,-115.37389,210.86267,628.76935,-369.4221,175.80122,623.39716,-164.57996
bridge_up49.jpg,767.28046,184.36545,347.6193,783.6208,183.63164,354.3806,788.6747,185.93915,354.615,794.09454,188.39226,354.4135,771.6243,179.28217,382.8854,768.61945,178.15938,382.6481,765.45905,177.11813,382.60175,804.16534,201.38837,366.98425,768.8338,186.21953,505.75687,770.5224,201.55853,347.52545,756.4171,195.53363,385.30597,814.04675,250.504,238.49287,698.19666,236.97519,465.68475,814.50543,361.56924,91.68669,593.7642,330.30826,394.18994,732.36945,467.55762,-71.598335,477.5216,356.02258,293.49875,718.72943,510.95178,-119.93773,438.47327,365.2272,278.48505,693.84753,500.10745,-132.416,444.26312,367.7737,249.94653,693.69324,484.8251,-80.32299,463.80908,368.062,277.75043,619.1364,304.2685,-89.46122,550.7492,287.5517,90.068535,410.63486,349.10516,-247.82826,318.91833,319.97125,-38.565247,370.33572,597.8228,-292.16907,309.01263,547.1449,-50.279655,391.54602,625.2555,-287.6537,343.5384,574.2156,-48.863842,271.90057,692.6022,-368.3559,218.5274,657.64856,-107.44544
bridge_up5.jpg,70.1815,298.78336,-47.509308,59.54603,299.00052,-21.196255,58.67332,297.53363,-21.210537,57.698063,295.96677,-21.324518,60.730896,305.78296,-48.556858,60.301533,309.29123,-48.56819,59.901157,312.87683,-48.705826,58.830162,302.79932,86.604546,61.613346,323.97275,-33.734455,78.5121,299.2552,-3.519469,79.09598,308.20004,-38.570362,111.51189,307.15247,219.49052,105.20108,332.10352,-123.10552,185.72589,326.10886,265.55994,180.52068,337.67807,-164.6324,245.20412,332.64633,247.43732,248.07442,341.08936,-263.32892,261.2526,334.51352,266.44458,265.95697,348.9071,-316.72415,264.22516,330.4477,223.31473,273.26163,339.2802,-295.94315,259.38812,332.39008,229.60553,265.92386,337.19266,-258.75064,233.24104,252.42688,114.3338,239.54329,269.19434,-113.8365,338.34113,210.41304,85.041145,364.20114,206.92986,-182.75203,353.65005,313.94968,217.05386,362.16208,322.3494,-31.081787,347.57715,332.3885,232.28685,349.4707,343.9519,-12.870412,395.97974,328.47232,244.73941,414.7052,347.37787,-11.757204
bridge_up50.jpg,831.32947,325.69873,299.14655,845.7018,330.69955,307.83395,848.8739,334.7633,308.12323,852.30646,339.14355,307.9304,836.7254,321.187,332.84998,834.2936,317.9829,332.55048,831.63983,314.81204,332.43442,852.0691,353.68677,326.29425,827.58606,321.62308,453.04767,823.9603,342.01282,300.35886,813.70276,329.46277,335.29596,824.82465,405.915,198.24553,730.86646,326.9343,397.94626,776.66,504.97104,57.713932,571.5542,364.1433,349.9145,671.2024,567.8074,-96.42287,458.45816,349.11838,248.53667,643.5592,601.2884,-144.4376,419.55627,345.58905,237.79613,626.0043,583.24634,-154.178,426.16724,347.67603,192.33202,630.8136,569.0741,-105.21242,441.91586,355.66214,227.30205,589.61755,360.58276,-73.67755,539.63556,309.33984,74.26777,405.08524,306.5368,-251.80891,368.2488,252.60112,-72.22917,296.5264,508.55783,-231.29167,261.92575,454.6389,-59.27444,309.3556,538.96326,-215.88815,278.18863,489.489,-53.59716,168.57872,556.4837,-270.69,137.18835,530.9661,-122.56443
bridge_up51.jpg,187.87094,252.00505,368.9858,179.17406,248.00922,388.60132,183.24553,246.70529,389.0019,187.16786,245.22571,388.92627,166.1907,254.23389,360.7524,160.4087,257.23486,360.6647,154.67935,260.2834,360.7468,188.93503,255.69635,471.15582,147.6423,277.40317,351.66882,205.589,260.97095,407.26242,189.46289,269.61957,371.1532,272.5811,279.6247,444.48508,149.35207,309.98758,253.03065,436.43008,362.89444,501.12192,195.88318,437.06778,25.31003,551.8422,442.04132,608.2491,258.5232,501.18243,-158.5348,600.2929,463.3806,599.7332,278.52344,538.3215,-191.8806,581.08325,479.09842,604.841,294.96317,507.61548,-174.81868,561.78357,470.96762,607.76324,295.49643,497.48166,-152.33852,472.6775,299.42215,76.44539,402.8615,320.19772,-74.587875,649.9034,293.27814,-50.754562,527.2295,322.1256,-280.15704,704.80817,514.88995,19.955555,608.8281,571.0322,-293.43192,689.63654,550.4533,27.317963,599.11456,606.56354,-288.53772,760.6409,601.1521,-66.03938,700.5086,642.1462,-376.21027
bridge_up52.jpg,798.69086,235.51443,396.7466,815.9838,234.06137,399.91843,819.51514,235.62701,400.1655,823.3923,237.39076,399.95935,805.4907,231.38571,417.44083,802.31915,229.84505,417.14667,798.8794,228.337,416.9798,823.3897,250.07375,395.37344,794.2544,236.3299,488.92365,793.4647,250.82272,390.3865,781.36865,245.06177,415.51315,801.20056,306.04828,233.1873,694.47986,267.12576,404.34473,768.4634,413.19388,14.773174,543.3289,346.10065,356.3013,691.0746,508.52,-209.57861,410.73874,389.45078,279.57068,675.4385,547.02454,-248.37706,367.68878,403.38153,261.77112,657.664,538.86383,-262.379,374.5895,404.44574,226.30609,656.9429,524.7349,-219.35812,393.72812,405.45944,263.52615,531.41864,326.40698,-64.44173,473.20242,304.2717,65.39589,374.64578,336.77518,-270.49747,337.09894,330.04132,-129.74318,321.03665,536.7014,-292.92786,262.7812,506.08197,-109.23348,334.2687,562.1743,-284.34317,277.06763,529.1828,-105.33813,217.89388,601.51605,-359.49042,164.45319,586.5503,-184.37807
bridge_up53.jpg,742.6637,187.38274,259.74512,757.58887,188.75227,265.6805,761.6294,192.53957,265.93927,766.0074,196.58618,265.72214,747.971,180.73042,291.33203,745.51685,178.44,291.13046,742.9789,176.23961,291.38736,770.34454,209.20264,279.81686,741.08875,182.96216,408.23737,740.30164,204.52158,261.9088,729.0331,193.1596,297.1769,762.7127,257.18713,178.80814,663.3708,219.8572,408.33676,760.5096,376.83823,58.303288,545.09393,311.40625,326.05933,658.14276,463.95023,-104.20227,443.57874,301.52118,246.16693,633.6532,503.0576,-163.85355,412.31427,297.14322,240.89731,615.62225,482.4087,-167.55734,416.7165,298.677,214.92598,617.13586,467.5104,-110.99187,431.52225,304.54776,232.26155,563.4955,270.44794,-82.754974,510.53802,241.25604,83.374596,370.19653,298.24652,-252.03273,291.30466,256.3072,-139.07486,275.0697,518.9593,-313.41183,220.21004,473.75354,-141.10301,288.3746,545.82404,-312.0372,244.21454,503.2504,-135.60826,160.69551,591.865,-356.68948,112.63212,566.76154,-172.71573
bridge_up55.jpg,172.66727,527.6839,304.48715,155.18556,532.4318,345.27994,155.15863,527.6393,345.4446,154.87611,522.73676,345.29343,154.8303,549.3464,305.03076,153.90312,557.20013,304.77118,153.1061,565.4031,304.67444,165.81407,527.89557,502.9787,166.4644,586.3008,331.94437,198.09528,517.9053,368.38092,197.55676,540.60626,317.7258,298.9837,463.025,619.0156,262.6475,598.8359,144.93471,476.73203,418.55325,652.868,436.15308,587.08496,50.775208,592.6734,357.03198,653.48083,590.5771,572.9104,22.292265,626.8525,339.72787,671.52606,633.46515,581.6941,-24.367239,622.91034,349.3609,630.16675,640.4723,567.7297,22.466688,610.19324,363.20947,633.91266,625.5341,563.63696,39.505142,556.47455,353.36893,145.79779,557.40247,438.47473,-143.46266,785.0905,148.65825,-24.7695,773.7299,224.3714,-343.07486,825.9085,410.82605,94.91611,807.96765,518.2803,-188.04385,788.51086,459.68915,105.49761,756.51013,573.34564,-172.56325,961.56805,476.6881,70.85793,993.52985,577.33,-222.71635
bridge_up6.jpg,827.615,288.638,51.414204,843.99475,300.39612,33.257908,846.0937,305.00296,33.340576,848.3461,309.96204,33.25196,841.685,294.55948,71.34297,842.021,294.35272,71.158134,842.311,294.1778,71.361946,846.7526,334.56552,-3.632489,841.54913,314.90067,171.2395,815.70215,307.51263,41.744164,811.9826,298.30356,91.50097,764.9141,376.54398,-99.53284,742.84,302.20444,259.8571,623.1807,417.3728,-142.99495,596.0393,334.28674,293.67126,477.21643,427.095,-160.85083,487.05997,335.58997,295.83188,437.02838,448.76187,-194.60104,453.2562,336.9419,308.72537,430.458,423.73645,-172.40816,456.30545,337.73422,277.8997,445.91907,416.32382,-151.72736,468.78384,341.09464,279.7407,502.00394,288.9023,-114.841194,499.53046,227.70097,114.89492,268.0332,201.8043,-229.18669,289.85162,142.71603,16.42408,227.24948,391.08096,-68.8944,250.82903,332.69452,207.11697,253.63853,421.01834,-46.857872,272.26303,366.70312,228.66269,113.49838,443.83212,-29.64019,147.91493,391.69656,243.79497
bridge_up60.jpg,1179.5564,435.86502,-331.58423,1200.8801,453.63837,-367.013,1202.3937,460.38583,-367.01913,1204.0702,467.58365,-367.19397,1197.8007,443.2416,-295.72253,1197.2196,441.804,-295.65295,1196.5494,440.44635,-295.27264,1196.66,498.87402,-408.53613,1188.9374,465.02924,-76.6063,1159.6392,456.22842,-339.1221,1155.5114,442.35022,-243.9148,1077.6222,543.65924,-506.53113,1078.8474,470.78024,169.89835,900.80237,605.75726,-573.7363,896.3623,491.61682,268.1682,712.4844,609.657,-613.3977,734.3589,488.252,207.5443,668.84283,633.0951,-693.55383,689.1084,485.19595,216.9224,663.8728,608.0568,-687.3125,688.33514,490.3836,150.72363,677.3776,598.0686,-612.29333,704.2412,492.95203,175.69815,767.0435,414.05524,-224.3891,778.12103,359.72156,225.15454,475.31607,341.25955,-308.0205,520.1072,309.28998,209.09738,436.43274,572.7472,-22.928507,475.6798,480.8821,488.38242,457.74545,609.7778,7.581728,485.42862,508.79208,512.1026,320.2669,615.3297,-53.51253,394.05743,525.33014,456.2165
bridge_up61.jpg,1170.4019,358.3105,-302.72757,1194.5624,371.5287,-337.23047,1197.3951,377.96732,-337.1908,1200.4246,384.83047,-337.53162,1189.2915,360.9537,-273.22922,1188.3822,359.02985,-273.21295,1187.4009,357.16696,-272.71133,1198.5042,415.37784,-369.27542,1184.1783,381.02457,-70.70789,1155.1077,382.18646,-305.78613,1148.0466,367.78036,-220.22891,1087.9111,477.9174,-452.05173,1072.899,403.20206,166.25993,924.9495,554.27216,-506.01376,902.75867,452.046,277.56036,742.9817,604.2274,-546.6875,751.58777,481.04828,245.99483,705.92474,636.89307,-616.6842,710.5307,486.98795,261.6882,693.0341,616.41675,-608.99115,710.3307,492.07532,202.69437,703.6368,602.4809,-545.32837,723.627,492.45847,217.44057,753.02826,401.91006,-205.34854,756.3419,349.30737,206.11359,466.81036,387.20447,-269.20667,507.08472,351.91565,232.13965,467.00336,607.2477,-16.46021,479.92465,506.3409,440.4848,494.63797,639.1213,12.868493,493.07245,530.1714,459.04385,363.6199,665.7115,-25.432655,403.91772,559.0877,415.75467
bridge_up62.jpg,1159.9933,567.47437,-183.3918,1174.8356,592.28204,-206.6081,1173.7769,600.69574,-206.42969,1172.7831,609.53235,-206.53981,1177.5117,577.5977,-153.4333,1178.8268,574.36835,-153.56358,1180.1075,571.1464,-153.38484,1157.5436,637.75024,-209.31668,1169.2123,591.62933,32.140537,1134.7695,586.6386,-175.4837,1138.7214,565.6739,-106.365906,1041.7079,642.71,-278.0534,1060.8903,563.99896,205.78366,846.9141,657.81104,-319.70932,880.3222,539.68823,290.7536,665.2273,607.38934,-291.20486,732.1365,506.1454,289.26453,611.9439,614.29,-331.47217,690.0615,496.3233,300.17203,615.6223,586.4663,-320.82907,691.01556,500.15918,261.27454,633.4472,584.0287,-283.90073,702.2849,506.34485,269.02747,770.1285,421.0029,-166.21727,795.1944,374.04633,166.22733,501.37094,270.95953,-231.69965,553.8943,260.45895,128.36768,416.15723,487.9012,-48.073727,463.37808,423.7044,370.37772,432.34494,530.97437,-25.275475,470.34708,457.69,392.01773,295.32715,503.04315,-42.957027,358.81683,440.33438,382.222
bridge_up63.jpg,266.04517,419.19647,6.533785,237.77838,434.2378,52.79487,235.52628,436.74072,52.81797,233.02452,439.0027,52.689575,240.78842,437.67572,-32.715385,239.97484,443.47958,-32.80714,239.16772,449.38834,-32.89193,234.5281,473.8547,222.03584,243.6947,485.96423,-152.8598,284.68246,435.14752,80.62169,286.65582,442.5333,-29.427778,364.51392,484.16663,427.73776,356.9095,538.44244,-350.8406,543.66595,497.73666,539.8996,536.8256,576.8928,-471.69333,686.5248,510.61826,542.4665,716.7696,601.6613,-603.3699,724.4562,516.3377,591.0039,765.7208,625.23987,-687.62195,728.46814,514.26154,510.17258,782.2978,602.3851,-638.8608,714.222,515.63873,508.77444,762.18726,594.35236,-587.09625,656.90894,365.58774,255.65736,663.27637,403.6958,-254.33566,937.90326,268.2424,196.31516,946.1177,301.27127,-410.64563,968.85315,504.8513,564.4834,986.29535,548.85803,-46.74144,945.1042,548.20105,602.7512,958.2033,593.7619,-6.6496663,1074.4176,554.64606,617.3795,1120.8247,612.19586,-32.95203
bridge_up64.jpg,1179.6874,436.76862,-119.06312,1200.3726,455.16364,-144.39725,1201.8545,462.7542,-144.30186,1203.5145,470.76245,-144.52992,1198.2699,441.7563,-85.340546,1198.4703,439.0151,-85.435646,1198.596,436.31686,-85.10332,1196.8302,500.36835,-172.62221,1193.7283,458.6404,98.191414,1160.7101,459.38086,-121.389885,1158.0266,440.80573,-44.075146,1087.3376,544.251,-278.83334,1075.5223,455.6099,284.2947,915.76324,592.1795,-343.8156,891.20105,478.89725,374.5221,724.4877,608.2853,-373.7831,733.1741,475.7883,373.28372,675.2364,634.80634,-436.29495,687.8114,475.79346,399.0766,666.54565,610.06665,-416.24268,686.5931,478.4812,345.7585,682.58075,599.94855,-366.18774,701.8988,482.34708,349.15854,770.0041,418.51035,-184.21631,775.093,355.79294,184.81276,469.7711,335.7189,-275.3388,506.97025,314.42484,128.58003,436.0648,565.96643,-27.21354,445.19138,475.60104,411.74075,458.72833,603.7349,2.2149143,454.66223,503.78635,438.1448,319.7124,608.12665,-24.205381,347.95306,515.6643,412.51715
bridge_up65.jpg,1125.317,389.07718,-168.23534,1146.5829,405.2295,-195.58623,1148.1914,412.41833,-195.58046,1149.9458,420.0143,-195.94301,1143.2083,392.98514,-135.15567,1142.6617,390.40955,-135.08629,1142.0674,387.9466,-134.61821,1143.345,449.38257,-221.10286,1135.3088,409.96146,57.765705,1106.9562,410.6509,-169.26498,1102.7596,393.92606,-89.39722,1032.3501,495.7616,-322.72357,1025.3412,421.89624,251.62204,850.3262,560.8441,-393.3173,846.30615,449.06186,344.48877,657.297,557.2226,-370.04416,697.7801,444.70184,286.32355,608.877,577.7294,-425.0636,655.46594,442.68292,285.90033,608.30383,554.87445,-422.5903,658.56915,446.10843,233.23271,623.754,547.65753,-367.17136,671.95526,449.28116,258.53238,720.84546,367.60815,-194.32034,731.28375,313.85135,194.81935,433.79895,290.98068,-326.63647,467.23102,249.83278,154.26137,385.86182,519.5137,-67.57969,411.2434,428.92557,426.13284,405.89124,556.5852,-36.578667,420.60806,460.076,452.14572,275.4421,556.67303,-61.58434,327.15228,464.90695,431.19354
bridge_up66.jpg,1061.6646,584.94006,98.31222,1084.4271,599.6655,60.761284,1086.6847,605.353,60.75665,1089.1406,611.56085,60.54414,1083.2856,594.24774,132.71219,1084.4088,594.8985,132.60597,1085.5309,595.7423,132.8344,1086.9044,644.6519,-55.885296,1085.1588,624.40704,270.70703,1044.2335,607.56195,61.48095,1041.4694,597.5397,154.9259,984.8457,691.4887,-275.02792,963.87415,630.7131,447.34756,802.59503,756.8497,-379.5342,781.8894,663.554,491.2734,602.2276,774.7097,-422.07654,614.97015,668.87286,467.21326,543.12354,804.53986,-501.3459,563.8465,670.5147,491.0655,534.6776,772.64044,-456.56073,559.0871,672.7181,418.27448,555.8368,766.87146,-404.2242,578.6896,676.1928,432.88766,651.9633,565.70026,-225.55103,650.9927,518.04224,225.88367,377.6224,444.53015,-334.5511,385.74362,439.60455,103.98354,326.81842,732.369,-130.96828,345.4983,676.29114,394.97372,355.29874,782.4098,-106.807465,364.97482,722.41156,422.57324,180.4913,791.5209,-148.99768,228.4225,727.3637,375.2631
bridge_up68.jpg,1015.763,672.44836,-30.501783,1030.5177,695.1323,-65.72257,1030.9172,700.8864,-65.52216,1031.3478,707.1857,-65.550415,1029.8195,690.1045,-12.073196,1029.9391,691.4713,-12.245355,1030.0516,692.88586,-11.994011,1018.9183,738.91736,-139.71597,1020.30707,721.1358,107.32974,993.2464,687.0515,-51.308952,992.51245,679.0412,19.141932,906.3198,757.3182,-259.24362,909.47766,682.63495,254.70877,707.59454,783.9254,-356.31738,710.31604,685.1227,322.69507,512.56586,750.58496,-393.84637,550.6697,670.58386,385.23718,454.5849,763.7514,-447.77325,505.56696,665.3049,409.69678,459.89148,729.73175,-422.85492,506.46283,668.59894,373.8605,480.2775,726.3986,-383.46393,520.5009,673.6946,366.5642,620.9507,537.0356,-165.09367,639.79065,482.5545,165.21272,378.7062,363.91315,-256.7674,405.29364,361.60922,77.83729,243.60101,617.47797,-108.08237,301.07996,562.0056,294.12778,259.43625,665.46375,-90.637146,306.89838,606.6449,311.9877,91.167465,639.96484,-133.72008,183.19548,584.98645,266.43262
bridge_up69.jpg,372.63705,570.8008,224.19846,347.33438,586.6691,265.91553,345.6546,589.7091,265.9898,343.69504,592.52484,265.74344,348.65884,588.9724,187.3378,346.8457,594.12225,187.1701,345.09683,599.53503,187.17395,345.9976,623.93854,386.2233,350.7122,634.1577,43.810062,394.1073,585.6676,281.06146,393.92484,591.714,181.06355,483.05075,619.6066,557.2815,448.08057,677.5696,-213.31812,672.17645,636.2044,658.03876,634.4474,726.3641,-334.87997,822.79395,628.07697,683.1674,829.28204,751.2127,-420.06912,866.7839,624.6264,740.7137,886.58704,773.4828,-502.5247,872.50336,625.5821,662.3132,902.80975,746.0885,-429.88068,856.1202,629.4739,650.9289,882.66626,742.83746,-394.32587,780.69086,493.56937,227.24236,776.1991,541.4807,-225.19669,1074.6677,356.8326,84.53365,1066.2583,408.12225,-382.25668,1094.8892,636.7765,435.33914,1088.1135,698.75635,-83.23623,1064.4701,688.7595,470.76437,1049.239,754.75836,-50.357838,1211.2079,701.0209,499.60916,1239.596,766.8283,-67.51772
bridge_up7.jpg,818.3405,228.50064,45.396187,837.23126,238.61646,26.183062,840.0471,243.23584,26.143621,843.0605,248.1767,25.864662,833.4248,232.47679,67.57238,833.4175,231.98567,67.396194,833.3738,231.5898,67.68333,844.18823,274.0941,-12.745237,834.35944,252.56146,176.61334,808.2484,249.3548,34.78229,802.69775,239.89946,88.62766,768.00146,330.02893,-115.36073,733.4292,263.03116,270.8579,638.28455,393.1358,-177.4256,594.67267,319.53253,300.5157,501.44263,428.62372,-209.85674,489.34732,338.01065,299.1594,466.61594,455.7145,-250.92656,456.7867,343.9001,308.992,457.7923,434.18814,-227.28954,459.22998,345.11163,275.8016,470.6031,424.35077,-201.60374,471.2627,346.89267,280.98935,492.98758,288.84305,-122.28226,480.56598,233.15034,122.65106,269.40295,230.91527,-243.63574,284.71146,181.00464,48.20368,246.68137,441.258,-82.433945,253.0172,376.06332,215.08884,275.32675,470.941,-59.805553,274.64017,407.20544,232.89917,136.7535,506.50577,-55.62039,158.4886,447.17062,217.66985
bridge_up70.jpg,1060.4435,583.7241,125.074646,1080.3389,601.8949,98.82112,1081.8741,608.4379,98.81988,1083.6421,615.41614,98.72357,1079.9637,594.2844,164.3771,1081.1957,594.4367,164.25348,1082.4414,594.71436,164.39594,1078.4916,649.5324,5.700212,1079.8981,623.1355,303.5606,1040.6691,606.5709,94.575806,1039.51,593.9491,179.83868,978.46387,691.4212,-183.07872,955.0237,623.70917,439.47986,791.0647,764.7014,-259.09094,761.8986,659.88,501.28876,590.83923,770.903,-223.0033,602.83765,660.16406,502.51877,535.5977,795.1873,-269.7285,554.26276,659.06274,518.25275,534.9344,771.6448,-239.44502,554.1829,663.2592,463.47876,555.70776,769.5021,-208.84813,573.24066,667.98096,474.06833,659.26636,568.7439,-194.5942,657.6506,512.1568,194.7396,370.92865,456.594,-336.99362,376.7742,430.10696,52.712944,322.00977,723.11633,-131.12442,338.27548,662.97003,343.42743,347.56604,768.3293,-108.76924,355.59418,709.1338,370.54263,186.59454,774.1946,-143.58601,227.44183,708.2897,347.4257
bridge_up71.jpg,1027.6062,534.1539,-79.35875,1048.5753,554.70703,-126.77164,1050.2266,559.9735,-126.6131,1052.0021,565.813,-126.64667,1046.8363,551.3189,-65.06728,1047.3286,552.95874,-65.25715,1047.7312,554.6287,-64.97702,1044.7075,600.82,-221.85686,1042.4991,585.358,57.111557,1007.38226,553.1409,-106.74156,1005.1381,546.17834,-27.355791,935.14215,640.2211,-350.19388,923.40295,573.96277,236.5838,752.3784,696.661,-457.28247,742.93506,618.051,276.5098,558.27795,724.40497,-471.99286,582.51526,617.395,297.77206,506.5886,757.0861,-525.96936,537.1676,615.3612,326.40808,497.5871,727.9382,-496.1987,537.66864,618.83,278.8462,516.6896,715.60693,-460.55225,552.7191,622.8719,273.94794,598.3866,508.57092,-182.85524,601.0593,457.8902,183.31442,346.9568,404.4218,-258.96127,374.95734,427.308,213.46571,273.19165,676.1277,-134.79189,316.28925,626.7279,362.97922,298.5154,717.326,-113.99445,327.11404,664.79376,375.3531,131.63278,739.4726,-135.52023,222.31564,672.5135,329.85352
bridge_up78.jpg,263.29758,513.7201,123.32396,230.39314,544.89514,158.46033,229.04062,548.19324,158.64114,227.28728,551.0951,158.3302,230.92299,551.05566,62.42878,228.89386,560.9812,62.227776,226.9759,571.2778,62.2881,236.46852,608.69946,328.53912,240.12163,634.3167,-88.968025,298.1053,538.5681,204.61302,296.42587,551.16406,82.39381,437.48776,609.5852,553.37787,405.72922,697.2603,-290.6224,754.32,643.62665,590.4391,711.7706,739.61725,-348.64752,1008.914,656.6152,586.1,1046.8685,764.44855,-358.66452,1083.8168,659.7017,651.9201,1143.96,798.68353,-457.36166,1086.9567,659.0222,554.2532,1165.5833,757.2946,-376.6536,1061.9362,664.60675,546.9084,1136.4579,750.16486,-327.44354,917.2965,407.89767,240.05562,932.40393,477.688,-238.13211,1323.7668,197.68312,80.22518,1342.6782,213.69104,-416.28644,1465.7144,590.22174,306.70087,1499.3323,670.287,-169.9969,1429.3307,671.2698,332.7099,1457.6726,764.59467,-152.17633,1667.0114,683.2139,301.04782,1739.5331,752.7045,-244.81454
bridge_up79.jpg,312.96844,640.8242,161.5478,285.22955,671.0866,192.10547,284.86166,673.3843,192.3417,284.0119,675.35266,192.19984,283.52524,678.5498,111.857544,281.27423,688.73804,111.50499,279.18597,699.2758,111.8046,299.45428,724.0258,337.30304,297.7379,753.723,-10.182741,352.01624,657.6872,234.36308,348.74615,672.5019,131.8947,486.38205,690.7038,574.2019,455.58533,785.7632,-215.63208,795.3762,679.15234,627.8892,763.4461,782.8021,-322.4572,1058.0667,657.3725,642.4704,1086.9459,761.385,-359.52716,1141.4742,645.17523,707.42303,1187.229,787.9416,-445.54077,1148.3914,651.24524,620.586,1207.3031,738.2906,-351.5422,1122.2694,661.2674,605.8345,1181.1666,736.1061,-324.71503,901.84393,404.32443,225.02046,920.55493,478.45538,-222.88329,1285.8524,122.481895,19.813412,1317.1361,139.19159,-401.40076,1521.8151,497.326,204.12402,1586.3915,563.3783,-259.57855,1503.5123,592.44586,225.9047,1565.0074,669.0281,-254.90547,1741.4763,547.5389,172.57693,1841.9231,590.3746,-385.94476
bridge_up8.jpg,820.44495,376.4583,33.50475,833.2246,391.9062,14.615782,834.1949,396.3577,14.782604,835.20557,401.2091,14.841885,831.9019,387.08258,49.179985,832.08606,387.36414,48.960552,832.21564,387.67377,49.121323,827.73883,424.73398,-19.038397,826.01917,408.7206,141.57495,804.8503,391.44894,25.265696,803.2286,383.17007,70.81593,740.2315,441.39078,-85.80322,735.75183,373.9897,215.58997,590.72156,442.054,-129.32445,584.9513,360.35526,239.61642,450.16614,415.21716,-120.94671,484.1748,331.3738,237.10849,408.16092,426.32272,-143.67575,452.6661,322.7901,246.4527,407.3132,401.95563,-122.03775,456.269,324.79785,221.98482,423.19394,398.19824,-111.934616,466.72784,330.7827,223.5656,504.8425,287.04526,-98.263916,519.36566,232.96782,98.27576,304.53842,124.549835,-213.04832,355.52063,85.28936,19.81731,212.33488,308.21844,-84.79223,260.48193,272.55508,171.33005,236.1716,344.65356,-66.52621,276.31458,313.39825,188.27592,78.64022,337.79077,-52.623585,135.8099,307.49167,203.78934
bridge_up80.jpg,292.14825,327.68414,135.10234,249.44757,344.9196,163.47742,246.44054,347.08142,163.50656,243.16263,348.73566,163.16801,249.30363,351.19897,74.6905,244.63368,360.1227,74.31583,239.96547,369.46222,74.47881,232.38808,401.9282,309.4087,232.0352,429.78226,-72.95546,316.05157,360.15903,208.35248,312.5895,372.47977,96.06278,416.47903,453.25464,535.8887,370.55737,531.3995,-265.08905,710.5723,581.2919,605.3462,660.0062,651.7163,-336.43738,955.33606,668.9118,627.36884,970.2083,769.383,-338.90167,1026.7003,692.8638,693.7314,1050.2933,832.9682,-419.18753,1029.8768,693.89453,600.77795,1084.395,797.46704,-331.73602,1005.5645,692.8127,588.84033,1059.597,781.53,-303.10275,957.8717,375.22208,229.31609,946.0414,450.27518,-227.41429,1419.3866,277.63882,40.165615,1431.0858,325.9742,-381.08072,1395.7085,713.4524,311.99734,1421.8789,771.24963,-144.01254,1334.2404,783.81525,342.97223,1359.5463,842.88544,-129.61359,1539.3708,861.4629,345.45908,1600.0009,918.461,-207.8433
bridge_up81.jpg,1674.8538,542.5711,53.8693,1707.0181,568.41626,3.9934738,1711.0104,575.6821,4.4983087,1715.2532,583.67084,4.7757053,1701.7502,564.37286,80.81693,1701.8756,567.2462,80.65018,1702.0267,570.15204,80.94023,1708.9409,634.7818,-93.67829,1697.4568,617.6379,256.39993,1651.5496,575.8345,27.190748,1644.6167,566.1227,126.360214,1546.527,707.2327,-258.8823,1520.9524,591.96075,452.35223,1227.7593,785.9482,-369.72565,1231.103,649.16125,527.5818,876.0636,788.55035,-369.0128,960.1832,677.46533,550.7374,779.32153,830.1497,-436.3344,882.9914,683.9337,571.3743,767.4477,772.2281,-405.0718,886.5659,688.6793,527.59454,808.76764,760.32935,-353.84076,918.4081,691.1906,524.3776,1076.1896,522.2386,-231.80212,1076.6332,432.54083,231.19867,598.9147,279.4063,-411.20383,600.15424,287.45374,2.9772403,439.30945,664.77985,-286.94656,487.10574,641.7157,361.861,490.4705,728.3564,-266.91278,530.0003,713.343,398.71616,181.77957,753.2912,-294.37305,263.72745,717.8284,414.6037
bridge_up82.jpg,283.99496,512.79944,165.81956,249.53296,543.524,207.53557,247.49625,547.728,207.69572,245.06662,551.47925,207.32753,251.56342,547.8513,100.965324,249.74779,556.8499,100.71305,248.04128,566.201,100.79712,252.5674,606.2869,368.8011,260.8796,625.99677,-90.2555,318.5609,537.00916,244.41747,319.0405,547.69116,109.97874,470.126,596.12195,602.82587,431.8074,682.1552,-333.6339,792.38666,640.56384,692.80145,738.70166,727.76117,-410.78827,1055.5325,663.4699,673.0612,1065.342,758.444,-423.11893,1136.087,664.40204,736.099,1161.4635,796.48114,-520.34503,1140.2646,667.3709,627.8392,1186.8386,751.4265,-433.51447,1112.9644,672.96814,627.60693,1156.2322,743.3528,-387.84354,940.3111,395.98807,264.46982,939.166,473.2738,-262.13464,1384.0641,154.93333,32.256023,1348.2878,258.10336,-441.3453,1470.2418,581.99164,441.72296,1471.8339,693.563,-110.0104,1425.204,662.5394,487.42288,1436.1254,783.5707,-81.01034,1649.383,699.6604,504.7038,1670.2911,779.0518,-154.972
bridge_up83.jpg,210.15334,474.041,81.52801,178.50592,504.50946,108.97269,178.28471,506.49277,109.13536,177.6578,508.0747,108.97852,177.55722,512.7879,14.871749,175.80476,523.0158,14.611406,174.16026,533.5983,14.606121,191.64854,560.86957,281.10602,191.34009,593.8733,-126.69803,247.33038,493.9742,164.06816,244.84073,509.31442,44.499844,397.8638,552.30615,473.6024,371.0034,651.19946,-276.42084,708.1901,595.00073,527.13696,673.69507,684.1918,-311.9992,962.8095,616.04596,500.7989,1012.4889,707.73834,-244.23929,1039.5616,619.6941,544.10114,1111.219,741.9518,-301.0534,1039.1353,619.34955,466.0385,1130.1749,704.86816,-257.04858,1013.4237,623.6087,465.66876,1098.386,694.61536,-222.58374,879.1289,351.70276,225.13538,894.60626,425.78485,-223.25873,1294.5217,118.192924,50.786957,1320.5553,179.49321,-421.77014,1446.2269,530.60254,322.01642,1480.1034,603.5049,-170.08981,1408.209,613.7271,351.00748,1433.6527,686.8155,-150.85434,1643.94,630.118,317.30243,1719.7633,698.6855,-270.25793
bridge_up84.jpg,617.4885,909.53735,255.26317,572.55963,920.5277,314.7556,570.64966,916.0317,314.80984,568.1744,910.98566,314.4131,571.1052,943.00256,226.90059,567.0031,956.89655,226.36143,563.1628,971.3703,226.17793,567.5722,945.35706,574.87317,564.7377,1025.2036,197.95343,651.9533,916.6278,377.04282,648.1332,948.8661,265.4104,791.02545,919.7281,882.40656,722.00836,1098.1229,-119.47183,1127.8442,945.34924,1052.4905,1046.8948,1142.8206,-368.95306,1403.0558,956.7071,1100.2725,1376.4504,1192.9827,-579.62195,1483.5967,960.3686,1179.5647,1472.5118,1245.1361,-677.21564,1492.5527,963.25256,1056.3463,1496.6497,1196.2339,-571.3323,1467.4653,972.9659,1051.1802,1467.9828,1178.2206,-539.821,1340.73,683.9587,308.80386,1335.8691,791.9153,-306.2058,1845.3256,482.92303,51.35921,1927.42,521.43494,-588.75226,1829.7932,931.7017,506.06583,1813.5354,1021.2743,-88.4429,1770.0294,1005.373,559.5397,1715.7411,1113.4227,-36.786125,2000.0249,1058.2319,606.38965,2036.3059,1130.9996,-26.056307
bridge_up85.jpg,659.18567,1013.32874,122.61258,617.725,1024.3682,177.51321,614.0757,1018.25433,177.57047,609.8385,1011.7513,177.1785,623.51404,1049.8505,108.14005,623.42126,1064.4247,107.55504,623.7101,1079.5531,107.28718,613.6621,1036.6469,423.84094,633.43085,1124.6384,133.283,689.36993,1009.3138,233.7279,695.4428,1044.9236,147.53926,811.51746,980.3945,712.96594,806.04724,1152.3313,-116.51675,1146.0282,959.0457,842.0018,1137.2427,1153.1233,-203.3712,1422.1573,915.54944,880.8135,1497.7992,1149.6462,-229.4141,1497.1621,903.78845,949.377,1594.3242,1184.3812,-291.98996,1505.0162,898.85657,829.826,1621.6799,1143.3875,-224.43857,1489.5488,913.6613,831.21277,1591.2444,1124.63,-202.52611,1293.5491,664.6061,270.85953,1314.8154,766.00616,-269.03183,1762.3702,430.58453,56.380695,1859.5096,411.17874,-509.9506,1870.9149,824.7967,410.0677,1896.1041,877.17706,-121.75995,1839.1127,902.0094,453.28787,1837.5569,972.97906,-84.77247,2052.9316,904.5128,458.82626,2117.27,935.17303,-116.97942
bridge_up86.jpg,560.3344,755.53284,290.35986,518.3056,747.5005,369.76077,518.63635,739.3154,369.92804,518.5977,730.65076,369.25235,509.98132,776.8132,286.92404,502.64453,791.21747,286.31738,495.46042,806.37616,285.7989,513.8473,756.7346,668.4074,486.295,856.0737,318.06992,593.92456,764.5762,422.10645,579.9849,803.49023,317.90765,733.56177,799.59265,978.26025,625.7519,968.3068,-0.33895984,1045.0099,933.7818,1148.2532,927.51227,1112.9838,-132.87584,1303.924,1014.5857,1191.1266,1252.3625,1266.7549,-254.7938,1374.0187,1041.3953,1260.8473,1329.0203,1341.3457,-350.3379,1381.8771,1038.4506,1124.2145,1368.4814,1311.5723,-269.5468,1361.2034,1044.6239,1132.6271,1347.268,1281.1515,-225.50356,1274.3064,746.5497,299.5415,1233.0654,854.65814,-297.15976,1773.6361,757.64557,92.0168,1869.7584,760.016,-603.6623,1718.7384,1118.0801,516.70105,1688.3716,1079.282,7.7184467,1671.8112,1171.9907,566.13873,1597.3043,1129.0596,73.34229,1829.986,1242.2562,569.58856,1870.5897,1190.1256,127.46473
bridge_up87.jpg,1682.4849,918.2006,169.11208,1714.8092,960.31274,150.34016,1715.9471,975.78204,150.56642,1717.3895,991.9586,150.37952,1717.1436,933.2679,236.999,1720.225,927.37885,236.40251,1723.1216,921.4302,236.55399,1701.1777,1050.3718,142.12642,1717.0817,962.6007,543.31696,1645.3271,964.55414,168.50066,1647.8212,924.21564,282.1435,1531.7709,1088.8959,-96.41814,1483.3114,934.13916,715.3202,1207.5442,1169.522,-250.2402,1145.349,949.85297,796.9706,896.40094,1198.5198,-381.62192,885.24695,944.18396,789.7028,805.722,1252.6881,-443.7958,797.91785,941.0335,837.3361,778.3663,1199.0657,-383.82986,799.2424,943.6156,742.93585,813.32947,1181.1603,-358.68338,829.3,956.7203,748.42474,981.84796,832.4766,-273.27472,976.0519,733.106,273.29037,458.34015,587.598,-540.4975,504.2725,587.1276,73.72376,458.36887,975.4402,-213.29636,451.57,1017.7578,493.44592,523.42676,1054.5693,-165.66975,497.29874,1095.42,539.885,241.60716,1052.6761,-162.15628,241.05043,1121.5895,551.8007
bridge_up89.jpg,566.1285,861.7654,196.19794,523.93713,869.15906,255.01178,521.5883,864.31433,255.03328,518.7082,858.9567,254.64774,523.8332,892.6168,177.39188,520.11523,906.45514,176.93887,516.6415,920.88715,176.8594,516.0444,891.1966,506.6062,516.1866,972.7027,176.4252,597.76733,869.131,310.58698,595.0287,901.4158,213.00671,724.1339,870.5151,790.0566,663.57983,1042.6046,-114.24035,1061.8334,907.0156,917.8737,987.2734,1103.7224,-284.10315,1337.3278,921.1198,962.8056,1324.1788,1153.6083,-425.75974,1417.7739,923.7926,1041.0043,1417.6597,1201.2993,-509.56772,1426.1648,924.9491,922.2903,1448.6315,1158.3801,-418.52988,1402.2925,936.3832,917.1632,1421.9233,1139.7369,-391.0145,1263.257,645.264,272.8713,1259.6611,756.2445,-270.48914,1746.1768,457.16196,38.11605,1811.3749,501.53275,-505.8292,1778.7142,880.7466,398.65143,1766.7206,996.10693,-120.965126,1723.6854,954.0407,439.45435,1682.836,1084.5427,-86.851456,1971.1583,1003.4425,423.7538,2002.8904,1114.2552,-148.13539
