ShoulderFlexion_down0.jpg,270.5887,191.1121,-138.48817,264.75772,181.22343,-127.60508,263.38632,181.10667,-127.61935,262.1316,181.00528,-127.671974,264.74814,181.60513,-165.42612,262.90216,181.38991,-165.42271,261.10828,181.2717,-165.31717,249.34203,184.57204,-56.387665,248.04994,185.04391,-227.67471,264.09967,201.03168,-109.58725,263.4529,201.3695,-159.44348,242.89272,241.2272,77.16938,225.20221,243.48839,-301.12006,250.8585,318.07306,81.22902,219.86662,323.25726,-303.3615,262.1599,371.3457,-27.243471,224.3553,394.2433,-227.84679,269.50128,383.69583,-24.10954,220.9025,411.88696,-259.83435,273.38956,388.22794,-61.200954,231.2355,413.44843,-255.80292,269.10028,385.111,-47.60983,233.27727,407.69165,-225.44917,239.34161,367.9795,121.36098,217.33757,381.661,-120.52304,346.621,390.08154,274.74005,329.73755,406.55634,-147.91245,243.09892,398.1002,353.17847,232.911,424.9165,34.742203,235.34958,385.5634,349.4835,226.08789,411.6035,54.493835,203.93634,405.02255,420.07983,200.96748,427.94147,123.13483
ShoulderFlexion_down1.jpg,246.03914,192.35835,-96.06333,238.44342,183.38785,-84.53903,237.13904,183.17165,-84.53379,235.93324,182.93307,-84.52427,237.92387,184.53473,-121.39645,235.77817,184.86266,-121.409775,233.68753,185.25748,-121.32812,224.00995,187.76192,-17.008972,221.04305,191.05745,-182.07756,241.80618,202.58734,-68.90576,240.52429,203.87218,-116.93819,223.99503,244.516,103.04671,209.94998,249.46056,-265.8167,244.08731,318.64764,109.215324,215.49284,328.18747,-291.73788,265.81296,367.42368,8.8822,233.5598,398.99524,-254.83978,275.4525,378.6736,13.186524,233.77489,417.90237,-293.0102,277.26523,381.4611,-20.309206,244.7262,416.7457,-285.97522,272.98056,378.71497,-9.165756,244.99466,410.75464,-252.20113,241.64821,376.73404,118.95079,225.74104,393.13052,-118.16053,350.51303,378.14142,266.72797,347.04895,397.4598,-134.96674,248.72304,405.39005,324.7946,250.99826,429.2144,33.538353,238.71947,394.5728,319.46924,240.27043,418.09085,51.176193,208.99661,417.39673,382.98337,220.17294,433.21,117.29605
ShoulderFlexion_down10.jpg,1333.9197,778.7545,-1747.718,1363.1486,738.2239,-1649.2582,1384.2456,738.30164,-1649.2585,1405.9056,738.04974,-1649.0852,1303.5521,739.8934,-1644.8021,1282.1018,740.3167,-1643.9968,1260.5933,741.1295,-1643.601,1434.6466,777.1012,-1040.6782,1234.895,778.518,-987.9343,1376.8519,834.8189,-1517.9739,1295.7421,834.80524,-1506.0472,1567.859,1107.8339,-569.8714,1070.2184,1082.146,-572.32806,1611.8196,1459.393,-304.37958,979.6971,1424.0721,-351.54443,1604.2603,1802.3844,-1014.9993,963.21124,1770.6449,-957.7314,1611.4692,1921.798,-1193.7206,945.1014,1887.6616,-1107.5186,1575.3267,1920.3475,-1389.4133,984.3998,1895.0654,-1325.3744,1554.3562,1875.6061,-1104.2242,1018.41876,1851.7861,-1053.014,1407.1932,1812.1156,-20.285456,1118.6334,1801.41,22.660534,1375.4238,2392.13,-132.92519,1133.5743,2400.1768,-117.23639,1346.6438,2908.3403,644.27606,1172.9432,2930.6748,732.2598,1327.4219,2963.8174,680.1739,1210.5187,2999.1748,771.04987,1348.2891,3126.5588,-4.8412805,1094.6411,3145.9912,62.076057
ShoulderFlexion_down11.jpg,1266.1107,721.92816,-1201.1266,1296.4207,685.09015,-1119.9414,1315.9772,685.3136,-1119.94,1336.2135,685.17194,-1119.646,1240.8141,686.70435,-1116.0769,1221.4092,687.18176,-1115.652,1201.9796,687.9783,-1115.7834,1368.1912,720.8462,-640.30005,1183.1483,721.69745,-601.0766,1307.6927,777.33844,-1021.439,1234.3727,777.62946,-1012.159,1509.5063,1041.8347,-319.3042,1020.1315,1024.9004,-378.77966,1549.5728,1390.0707,-103.088646,910.8733,1371.0713,-257.8853,1549.1016,1728.2358,-726.1754,889.4943,1730.338,-693.7431,1558.8472,1847.6317,-894.0336,864.55334,1847.2888,-801.73346,1515.9017,1840.1234,-1065.508,916.8484,1854.7192,-988.738,1493.3917,1796.2133,-803.9835,954.0046,1814.914,-771.867,1359.7732,1751.6099,0.76567155,1070.7404,1743.1929,1.30302,1322.9865,2327.9312,-82.21538,1074.7146,2344.9414,-186.41531,1325.1727,2845.4124,448.9903,1097.6371,2880.3464,358.24017,1312.853,2900.4834,463.5864,1123.9329,2942.1382,372.5497,1318.7288,3053.2021,-131.43376,1063.3685,3094.01,-250.06079
ShoulderFlexion_down12.jpg,285.39212,206.58444,-463.48157,295.41406,191.95854,-431.61285,302.37344,192.19847,-431.689,309.5114,192.29222,-431.75626,275.58807,191.86781,-435.07587,268.12375,191.7826,-434.90814,260.61725,191.8233,-434.66507,317.8358,205.85379,-248.66109,250.47015,204.21507,-259.74103,298.33987,226.56424,-396.1936,270.91248,225.9162,-399.62225,357.59143,301.9579,-156.20131,204.80573,299.862,-139.60567,369.81784,425.2015,-120.95361,181.79047,425.43936,-130.91158,341.7956,532.40155,-292.9927,152.40015,539.57074,-269.58435,342.91537,569.2936,-352.71716,136.2153,569.477,-290.1241,319.97437,565.4974,-384.19754,140.39575,576.29614,-348.83585,315.16583,550.0403,-309.5569,155.15924,566.6996,-294.13345,325.43182,495.27127,17.547905,233.55008,496.9356,-17.303001,415.7675,619.9982,-291.26166,185.70801,623.06976,-428.63116,376.17633,741.8944,4.0535407,230.11307,735.8298,-82.31914,348.65726,749.7708,27.015766,245.61862,741.70715,-53.476433,427.9824,835.7089,-121.83232,224.98547,824.44574,-214.763
ShoulderFlexion_down13.jpg,246.09492,204.76807,-230.36494,252.69005,187.50381,-205.3952,259.83057,186.25308,-205.48566,267.14087,184.8394,-205.54169,233.11209,191.24835,-208.86989,225.52972,192.59674,-208.81467,217.93925,194.02711,-208.70824,278.34555,195.72987,-74.346466,210.8124,207.6576,-84.685295,263.44397,222.17401,-182.76645,235.83824,227.17212,-185.75125,335.92834,285.3946,-12.939614,183.45598,306.9261,-38.816505,370.78644,404.30164,10.131145,187.52872,435.99042,-43.45149,357.54285,514.0388,-85.715645,177.27411,547.8036,-122.70376,364.2456,551.53546,-120.37546,165.36192,580.07574,-130.77489,343.1236,548.4229,-142.1521,171.06918,583.7409,-172.17097,336.2399,534.4797,-95.48579,183.04723,572.38794,-139.47812,335.71378,495.7034,26.816998,240.68787,508.57483,-26.477623,449.84735,598.1623,-170.94295,220.45322,624.09,-408.0164,428.3562,718.183,28.569664,284.574,735.5705,-130.72461,401.56192,728.48834,45.15552,298.12357,738.7366,-105.17256,493.30634,802.8409,-49.624954,299.54126,827.292,-222.63837
ShoulderFlexion_down14.jpg,345.2259,223.48921,-372.77466,358.95682,211.80026,-345.33386,365.69485,213.96028,-345.38632,372.651,216.03531,-345.44177,339.95834,206.1291,-348.1604,332.7762,203.87259,-348.05222,325.52042,201.71478,-347.92148,377.19525,230.90765,-183.75444,312.56378,210.4108,-190.47514,351.98257,246.62758,-312.13885,325.97803,238.50247,-314.289,390.0887,332.32013,-97.70929,241.51677,292.2355,-91.991234,370.72095,450.2625,-56.763256,184.13194,409.92535,-77.93902,310.58093,549.80066,-208.12648,119.639366,511.32397,-183.65044,300.13553,586.918,-261.9379,94.77949,536.01135,-196.28896,282.33856,576.3023,-293.44373,97.033226,542.77966,-253.07605,281.84213,560.6401,-224.56744,114.83414,538.3422,-206.32146,307.3814,520.5057,10.0624695,216.86453,497.3981,-9.749439,355.13455,669.9282,-316.21762,128.98466,595.1493,-411.54053,289.48456,762.1232,-0.46927726,147.56108,716.73895,-78.65535,264.07278,760.70435,25.543753,163.62914,726.1974,-50.60172,308.64093,860.8232,-110.510185,115.28708,802.04865,-202.17717
ShoulderFlexion_down15.jpg,221.3903,207.50235,-332.52826,230.46669,194.25941,-310.2477,236.74234,194.59096,-310.2908,243.1915,194.76544,-310.35623,212.54225,194.22627,-311.35413,205.83543,194.20255,-311.17023,199.12436,194.2874,-310.94788,251.76717,208.18718,-186.0684,190.52498,207.13428,-185.46498,233.31956,227.95885,-286.32047,209.18332,227.32945,-286.2135,301.17606,302.43015,-127.841705,144.05087,300.58932,-143.40201,337.03607,423.93362,-117.57661,126.06224,422.27194,-131.49953,369.88818,546.04974,-242.49353,165.0768,535.29297,-240.2839,385.78177,582.7834,-282.12952,166.35025,576.6641,-284.61057,373.5431,584.11414,-324.10342,194.09502,567.89734,-308.7245,361.04993,571.6166,-262.4066,198.44708,552.598,-250.88626,272.4791,502.5257,-7.15386,180.14392,501.81284,7.5027404,336.83124,617.43353,-264.97888,85.91315,631.2607,-291.79742,273.3921,726.7543,6.5033574,131.0642,744.2596,-9.2156725,252.89134,733.2587,31.443947,157.30017,757.0381,15.506373,279.67896,812.1065,-58.431816,77.65376,827.5289,-81.31909
ShoulderFlexion_down16.jpg,281.93048,205.93652,-490.28082,292.89288,192.04617,-459.1802,299.75528,192.58032,-459.25345,306.7876,192.94214,-459.366,273.4983,191.40956,-459.93964,266.30383,191.13524,-459.71918,259.07214,191.01244,-459.51517,315.4788,207.33191,-267.31354,249.7087,203.4547,-270.3652,294.06378,226.94846,-418.9685,267.65347,225.51778,-420.00845,355.1476,304.49063,-163.27559,201.92319,299.7996,-144.16286,369.02835,424.68237,-123.53509,180.38277,419.0298,-133.40971,341.02237,534.61646,-323.42203,157.70692,515.1296,-321.45065,343.73022,573.6813,-389.8096,144.64291,543.56506,-365.41776,317.8075,569.5449,-425.8846,150.58617,546.4498,-420.5946,312.40588,553.8276,-341.76865,163.36867,537.4853,-345.74002,323.0346,503.36932,21.387852,229.61017,504.82574,-21.048353,417.7294,625.51855,-350.1659,181.86871,614.1291,-549.2316,371.5672,741.8392,22.406374,226.2639,737.5909,-143.50148,343.1624,750.74695,52.372772,243.36133,747.41675,-110.13611,422.37012,831.38617,-120.48687,218.00012,820.5334,-302.1131
ShoulderFlexion_down17.jpg,238.60353,159.06543,-502.48398,247.45041,143.23772,-470.75015,254.18068,143.32962,-470.90884,261.09607,143.28995,-471.14975,227.79817,143.33116,-476.0308,220.24442,143.26364,-475.7943,212.69212,143.32993,-475.41953,267.65472,155.98035,-278.53775,201.11195,155.21172,-298.99854,250.56735,178.83858,-430.91833,223.53859,178.44623,-437.11246,307.1537,254.99695,-167.7794,153.50603,250.86293,-174.26567,324.07767,377.26376,-129.69475,130.1889,376.30157,-167.1841,291.34088,481.69504,-328.96268,98.477585,494.8011,-317.45374,291.00607,518.60596,-394.67612,80.10048,526.1455,-340.7409,266.37283,514.8557,-425.42166,86.04985,535.1921,-403.20654,261.902,499.33792,-345.96136,102.0577,525.30035,-343.2062,271.44992,449.73737,23.188816,180.21205,451.29037,-22.863049,368.12125,574.3225,-303.12103,134.04814,582.4169,-438.0058,319.2564,692.73303,36.8408,179.86678,694.2482,-58.275177,288.8017,701.01874,64.70485,194.66968,700.5419,-25.976501,378.21924,785.1639,-77.46269,176.28653,782.4037,-189.60646
ShoulderFlexion_down18.jpg,303.55707,335.16904,-346.13727,311.09573,323.88116,-326.0716,316.36884,324.13104,-325.94724,321.75598,324.3079,-325.89243,296.14975,323.63803,-327.98788,290.68958,323.52853,-327.87817,285.18518,323.52402,-327.873,329.60672,332.215,-205.81354,278.67148,331.2001,-209.86964,313.57153,350.01752,-300.62244,293.5307,349.5575,-302.20477,370.45575,413.0972,-136.78548,239.41486,413.85303,-181.64609,390.86273,514.8997,-123.35544,225.7955,523.9309,-204.61792,413.255,612.1763,-257.638,215.91826,631.11743,-276.4747,426.83517,641.59406,-288.6859,205.48517,661.2364,-295.11652,416.81784,646.96027,-328.76056,215.49002,668.7743,-344.79947,405.93854,636.1698,-274.79932,227.70715,658.6095,-297.68732,355.18268,618.2656,7.8666058,273.5253,620.3625,-6.696962,353.98303,757.6913,-66.5377,269.6478,762.00775,-73.44678,353.92627,876.46075,142.69592,265.72095,879.49896,165.05594,354.95087,892.2803,155.52942,263.83096,896.5377,176.90115,344.57462,921.0648,30.319109,276.79413,922.24884,39.311184
ShoulderFlexion_down19.jpg,299.8517,325.50107,-215.81451,303.6202,312.81046,-201.3115,308.70364,312.09952,-201.20563,313.9172,311.28632,-201.14738,289.39844,315.0223,-205.12868,283.81677,315.84033,-205.11429,278.22772,316.7351,-205.189,320.89078,317.1853,-115.54488,270.779,325.27225,-125.485115,311.1441,337.84473,-182.9345,291.0946,340.9499,-185.93121,372.51422,386.82773,-82.60609,245.88078,411.3752,-123.79446,413.14603,481.77072,-78.08882,256.30984,524.75244,-155.33398,453.57172,575.76117,-149.04681,264.65436,633.317,-178.5176,471.66263,602.12775,-164.83829,259.49945,663.7131,-180.07242,462.78238,609.98047,-196.46205,269.21872,668.9239,-219.63156,448.9152,601.66547,-161.15692,279.3056,657.171,-194.19298,392.3603,588.03394,2.9910688,317.53925,604.6166,-1.948009,420.60382,722.13153,-12.845869,336.61237,743.1699,-10.966167,443.03784,839.6649,112.216835,353.19797,858.5247,132.10881,444.81555,854.30066,119.0337,353.58084,874.1401,137.67462,447.76877,884.96204,37.62898,369.79138,900.7455,40.364376
ShoulderFlexion_down2.jpg,312.7619,202.70998,-68.888596,310.17346,192.09232,-56.177006,309.1524,191.48787,-56.181168,308.21606,190.90535,-56.227093,309.1317,192.41592,-91.4703,307.14438,191.64062,-91.481834,305.16074,190.92912,-91.38501,295.6951,189.97133,8.479359,291.7204,190.49266,-149.6185,304.6608,210.00432,-43.223698,302.86804,209.99272,-89.38999,269.07153,243.01463,120.700836,256.14606,237.4811,-235.84274,253.4598,319.95624,116.879776,230.57675,315.5263,-242.13693,251.07384,370.9941,8.688976,215.90251,384.81876,-180.43784,254.76624,385.19955,14.840641,207.77452,402.1437,-210.74875,255.9923,388.85007,-17.967966,217.17157,405.8657,-203.05457,253.46106,383.86005,-9.051297,219.98227,400.1588,-176.47678,231.01114,367.96347,113.86372,209.71394,373.4864,-113.0841,325.45663,425.4424,242.83388,309.91226,431.80328,-135.22673,218.4185,397.7452,289.93872,209.93338,412.0986,21.96817,215.46083,379.56223,283.11304,206.95554,393.70206,37.36807,170.8072,394.13446,337.21918,171.76897,403.91235,89.14134
ShoulderFlexion_down20.jpg,308.12778,353.28607,-274.721,318.6056,344.24017,-257.07663,323.81555,346.10428,-256.95737,329.1648,347.93085,-256.95737,304.34207,339.6096,-258.08728,298.90585,337.8356,-257.9895,293.41003,336.13858,-257.95993,334.0257,358.20547,-156.5161,284.14447,341.76755,-155.0354,313.5571,370.72684,-236.62985,293.58322,364.2022,-236.6745,352.2231,446.091,-114.88749,222.59901,413.39383,-139.30208,346.59692,547.8885,-113.056496,185.13464,521.60065,-167.35046,341.22464,649.0334,-226.54189,147.2694,620.29987,-212.33873,346.38596,682.8077,-252.83716,129.63382,644.77246,-219.78877,331.63446,683.8089,-284.86667,136.27632,655.2306,-262.328,322.8765,670.064,-239.00383,151.74771,649.81116,-229.67015,284.3185,633.08466,0.43375826,204.77621,615.4028,0.70493627,260.38513,763.3395,-90.1707,174.8272,749.9913,-66.027016,241.76103,873.3656,111.899055,155.19781,858.0049,168.62785,239.55804,886.81647,126.90423,152.03113,870.91174,182.70406,226.35658,918.3586,27.951693,155.13754,908.10986,76.73771
ShoulderFlexion_down21.jpg,195.28772,331.08386,-182.46846,203.50784,320.68628,-165.56914,208.90396,321.4104,-165.45193,214.44626,322.06384,-165.5207,188.80681,319.1523,-167.38322,183.28476,318.54938,-167.29239,177.73055,318.0519,-167.26083,222.10258,331.20172,-81.18321,170.99512,325.78516,-83.72482,205.09225,347.0733,-151.06544,184.25824,344.86465,-152.10023,257.35263,417.53198,-57.18793,126.46304,406.1993,-86.56059,268.4209,523.43506,-57.347446,104.450005,512.72394,-106.26176,283.5656,630.3461,-118.73425,88.75094,612.49554,-153.14136,295.11853,663.056,-129.12088,76.354515,642.63025,-161.6053,284.54382,669.6852,-158.51219,88.461494,649.8167,-200.43082,273.49655,657.8621,-129.02567,101.57223,640.6815,-168.88754,222.18524,623.1571,5.2312555,142.66548,620.68243,-4.0977407,221.29713,759.2967,-6.1183586,135.72949,754.823,-14.241969,223.59558,865.7851,153.95956,136.99475,864.3779,185.99371,222.96747,879.46326,164.99426,136.68903,879.60767,197.51192,221.3085,909.9878,89.749214,143.37302,908.4299,110.51372
ShoulderFlexion_down22.jpg,305.73108,340.31116,-359.51965,312.5955,327.4738,-342.30453,318.2081,327.36386,-342.25873,323.92236,327.1748,-342.22873,297.10666,328.0293,-342.80405,291.24307,328.1602,-342.63678,285.32263,328.38745,-342.5242,332.05203,333.94287,-230.95851,278.015,335.87567,-227.64818,316.76935,354.11542,-316.57703,295.37634,354.77704,-315.93164,374.93283,413.03598,-174.13245,240.80832,414.8728,-189.95947,393.79312,519.7816,-157.58801,228.89058,527.06683,-208.07602,412.16153,621.3903,-260.6198,218.45149,630.6599,-276.7041,423.8196,650.7502,-287.55768,208.10669,658.9993,-291.9879,413.632,656.36664,-322.4096,216.61555,666.42053,-341.37766,402.81824,645.3501,-274.1446,229.69482,656.5747,-297.65524,360.33533,620.72064,-3.2373636,277.39005,623.51404,4.429764,360.07687,761.2514,-71.760666,272.99026,768.977,-45.36711,368.42026,883.28546,89.512085,267.2497,888.3373,154.48312,371.0005,900.28937,97.91785,265.6685,905.276,163.6308,360.3329,929.2828,-23.205795,276.95062,933.7156,34.37478
ShoulderFlexion_down23.jpg,251.78642,284.35388,-319.11905,259.0425,273.33194,-299.98734,264.4295,273.63284,-299.83762,269.9288,273.85843,-299.8021,244.12283,273.0824,-300.74652,238.46739,273.0239,-300.63992,232.77435,273.06512,-300.6268,277.28195,282.7019,-191.82922,225.53792,281.78806,-190.09761,261.88956,299.58038,-278.91467,241.09671,299.1045,-278.70053,317.4194,363.7998,-142.93654,186.43663,364.9739,-163.81766,339.70422,463.50125,-136.18576,176.49959,473.8591,-187.28778,363.61887,560.98517,-242.46274,167.36789,576.56885,-247.83772,377.74866,590.35455,-267.22336,157.65915,605.31067,-261.7219,365.91095,596.30237,-301.97336,168.05673,612.2315,-305.9183,354.167,585.9661,-256.27432,180.47728,602.2872,-266.47397,302.0986,563.0793,-0.7574352,221.49988,566.256,1.8475856,305.65994,695.1764,-52.430676,218.52951,703.5521,-40.149067,306.36478,805.5217,143.09041,213.49579,810.76056,193.94637,306.29236,819.7795,156.00696,212.08388,825.365,206.5137,300.43735,851.6532,46.610344,223.14716,856.1786,88.46697
ShoulderFlexion_down24.jpg,195.36388,55.797386,-114.39376,201.9431,50.10955,-101.96978,205.68896,50.51514,-102.02307,209.55841,50.844128,-102.04502,191.16809,49.76752,-101.01773,187.53899,49.797756,-101.01902,183.90953,49.87477,-101.09699,215.60951,59.530674,-37.131012,180.42822,57.747437,-30.263264,202.72592,68.392,-89.99607,188.71335,67.79464,-88.02509,240.92036,124.462776,-4.596353,152.00401,118.37909,-6.9570203,257.60562,190.8218,21.307014,132.95859,184.44464,3.2746127,264.41513,246.48051,-29.619549,118.19956,242.39697,-50.08761,269.3065,264.59,-44.0591,110.57824,260.28787,-58.37308,262.78513,264.10815,-67.48279,114.42258,262.2991,-87.09481,257.63077,258.2926,-39.4451,121.9965,257.568,-62.73748,214.39847,257.03195,4.344565,159.73683,254.7798,-4.0782385,226.67784,361.1294,-38.246723,152.50056,361.42383,-33.516182,225.09567,461.5101,33.451805,155.30928,461.48624,43.39725,218.63936,475.62598,34.638313,161.47858,476.07587,44.265594,237.47066,493.31836,-45.408134,140.3024,491.16855,-41.66789
ShoulderFlexion_down25.jpg,160.5004,66.123474,-66.014725,166.6796,58.751358,-55.661526,170.56242,58.42955,-55.719795,174.55681,58.005367,-55.73603,156.15791,60.308334,-53.35577,152.67021,60.91589,-53.351566,149.18047,61.567513,-53.403576,183.15721,64.88773,-2.294575,148.34682,69.22915,10.080163,170.65797,76.75026,-45.99508,156.60197,78.61175,-42.489727,219.10117,122.572876,19.930687,131.19499,133.47675,13.541898,246.9881,182.3294,34.504158,120.74359,202.81673,3.693755,263.0106,238.26794,-2.2208116,115.3597,264.05826,-33.624672,271.08292,255.65779,-13.717214,110.412605,282.87595,-41.28646,263.61847,257.36877,-33.407394,115.88665,283.9292,-63.133083,257.31647,252.16696,-10.42728,122.48521,277.4637,-43.765816,215.8534,259.3671,7.3271837,161.81624,267.21603,-6.9845786,247.66144,363.3557,-18.378862,172.6795,379.43726,-33.756344,263.9105,462.35815,41.508453,191.53035,478.59647,37.29437,259.3432,477.1205,42.531227,199.21582,490.852,37.993618,286.43927,493.4436,-23.990747,185.19128,515.11707,-35.82051
ShoulderFlexion_down26.jpg,249.37993,57.60059,-64.09412,257.43372,53.348095,-52.30344,260.9651,54.610985,-52.35739,264.6403,55.8286,-52.35588,247.32745,50.42718,-50.821163,243.84265,49.514194,-50.813564,240.33789,48.642284,-50.87308,268.6206,65.512085,7.81845,235.62427,55.176167,17.650217,253.74814,71.30596,-41.948536,240.31255,67.2162,-39.295933,276.8666,131.43394,30.881002,192.52869,104.236465,25.24081,277.63977,197.14757,36.35074,156.57498,162.13206,15.4589405,264.6911,253.21573,-12.785135,121.7663,214.62544,-28.164652,263.38678,272.65024,-26.12363,108.31522,229.2471,-33.659042,256.38867,268.96722,-47.379356,110.45434,232.01097,-59.86889,254.00851,261.51132,-21.834797,119.67599,229.48259,-39.828976,214.10286,252.32504,6.578184,161.29333,235.64502,-6.219571,195.05319,359.41708,-20.153866,120.67022,340.3191,-33.20998,169.1151,451.5105,45.15911,96.03656,436.45233,36.861885,158.78267,463.19067,46.429398,98.92331,452.22275,37.24259,177.5624,489.53232,-22.96082,68.91131,464.40805,-41.75784
ShoulderFlexion_down27.jpg,259.33615,56.265045,-91.8161,264.06894,49.937927,-79.15696,267.568,50.28623,-79.19166,271.1796,50.536964,-79.201996,253.20409,49.641167,-83.10644,249.17415,49.634304,-83.10895,245.1581,49.668854,-83.17815,273.56415,58.61716,-12.369249,237.95703,57.406178,-30.446627,264.75702,69.400894,-66.416466,250.86888,68.90783,-71.51648,300.55353,121.190414,12.637347,208.51205,119.925285,-9.148016,324.96753,185.57646,26.679985,190.93417,185.06836,-12.290202,341.84802,247.57326,-14.448642,188.75116,240.84166,-68.08192,350.9001,266.40573,-24.912397,182.76721,259.33206,-82.322945,343.6862,268.13373,-46.635574,192.16127,259.83466,-101.44743,336.9566,262.62704,-23.932001,198.31403,253.81781,-76.47487,293.3657,254.43431,6.7861795,237.3555,256.8667,-6.5978017,301.7567,357.4254,-35.15144,220.09502,358.31952,-93.8005,300.44467,460.98657,10.164035,227.7618,465.1148,-25.885994,293.13275,477.67493,8.559039,237.09225,480.65195,-25.92854,319.04135,487.95795,-69.96533,206.55807,495.45755,-110.75515
ShoulderFlexion_down32.jpg,208.0837,167.93477,-174.71925,216.39374,163.59175,-172.83887,219.57,164.5583,-172.80862,222.85524,165.53186,-172.90132,208.86606,161.57988,-159.13802,206.50996,160.92313,-159.09348,204.12863,160.3752,-158.93874,229.74408,173.34453,-127.42001,205.3277,165.61963,-63.221615,213.62717,178.36185,-156.49167,203.4866,175.5128,-138.04898,241.52191,225.44,-127.974556,181.44316,207.60426,23.990513,233.15767,280.76926,-126.76206,166.61609,257.9291,76.94784,218.60497,326.27356,-198.84966,150.95634,293.00504,-24.129425,220.14041,341.9111,-232.09132,145.68414,304.07413,-36.46568,210.38306,340.5813,-248.11682,146.73282,304.3258,-71.18186,207.69572,333.51578,-205.11653,152.1699,300.6585,-39.42654,200.6109,323.5457,-41.889053,166.89783,314.34302,42.21201,184.40721,388.54938,-70.15933,138.48218,375.88754,-10.901167,209.36646,371.9238,214.21126,177.88112,363.60287,234.61565,214.88274,364.8782,246.62018,185.37033,358.28015,262.5887,208.31525,386.71664,262.75674,183.34332,378.59155,281.78064
ShoulderFlexion_down33.jpg,298.96533,184.20879,-182.51674,300.7271,177.53607,-166.31224,302.77353,177.67093,-166.29262,304.93668,177.78458,-166.35468,293.49918,176.8636,-179.54372,290.2467,176.35663,-179.55641,286.994,175.95563,-179.58614,302.20575,180.62704,-76.0821,278.06332,178.07959,-134.83153,300.07797,192.44272,-147.59444,290.7185,191.49637,-164.56744,315.00888,224.35162,-10.902125,249.92017,222.56976,-109.90987,316.7771,276.7521,52.034203,244.54605,279.07193,-92.804474,313.42084,318.57507,-24.13904,245.5315,331.56885,-149.35133,313.37994,331.93277,-40.57737,241.44225,348.72568,-171.856,314.1802,329.98425,-70.86886,250.28194,346.46304,-191.16034,312.42004,325.158,-37.93062,254.27345,339.09323,-156.96455,309.97052,327.1174,25.23007,268.49796,328.02338,-24.946426,306.88504,403.77408,30.211939,259.91138,411.21432,-56.27283,286.96426,378.31494,319.92612,247.79843,372.2437,242.3166,284.60434,370.12238,351.9215,245.9636,362.22946,276.40146,280.03052,392.72375,390.314,246.87862,387.243,312.75052
ShoulderFlexion_down36.jpg,270.40656,220.93489,-22.622295,263.57404,209.04642,-13.138488,263.3333,208.32445,-13.030324,263.23212,207.51154,-13.076121,260.60812,210.04051,-40.63037,257.35852,209.92816,-40.612705,254.13142,209.84555,-40.551743,249.25095,209.89839,40.501156,237.40036,214.39381,-80.571175,265.4084,231.40776,1.8196573,259.7509,232.31726,-33.437065,237.19493,268.14944,123.303795,216.8572,272.46735,-156.86565,256.30518,354.91263,173.95456,233.22246,369.13428,-193.7489,276.0267,434.29034,141.89877,257.39996,457.19836,-189.67035,281.1445,455.72958,145.53853,254.68535,483.08243,-213.71538,279.03076,456.40695,122.829315,267.6745,481.34125,-204.2334,276.4849,450.54547,130.703,267.23035,473.56296,-183.90143,263.8623,434.89374,93.809814,250.63295,440.62387,-93.353874,250.72502,551.0436,128.57573,267.19968,576.08014,-90.144806,215.50575,657.80676,212.12332,266.93896,710.6427,-57.97554,198.49774,675.96936,217.7591,249.92543,734.2811,-59.76154,250.6335,684.74036,189.6318,320.51096,745.332,-124.29847
ShoulderFlexion_down37.jpg,246.17596,213.3643,-48.973675,236.58664,202.26785,-40.257584,235.90994,201.4917,-40.189793,235.35701,200.60231,-40.247753,234.53854,204.27592,-68.76069,231.51445,204.92877,-68.74867,228.51846,205.61661,-68.72124,222.09004,205.48616,12.712403,213.5935,212.979,-112.91196,243.31956,224.2333,-25.145683,238.6889,226.74406,-61.612347,222.56366,267.86,97.599915,203.74953,276.82465,-176.83783,250.66588,354.25006,148.35683,232.51627,365.64865,-206.2499,287.73456,431.0211,119.71853,269.4258,442.69302,-212.79489,298.1639,449.808,124.73332,271.30478,466.24695,-243.2884,298.74014,452.2731,98.66551,283.71713,462.20886,-236.4479,294.16522,447.8329,107.867165,282.15012,455.89102,-209.38136,274.2294,431.72754,92.303406,262.42682,440.75592,-91.89249,294.5777,549.98083,126.80414,298.23325,561.31036,-60.746353,309.52518,660.3479,203.5094,318.59222,684.65344,-2.1348982,299.93524,680.512,206.97719,305.67093,708.0867,-2.7110271,358.63873,680.1174,159.29294,378.8885,707.12134,-74.67555
ShoulderFlexion_down38.jpg,316.4092,240.89917,-37.900166,313.3009,227.92511,-27.77441,313.28354,227.3802,-27.748325,313.42862,226.78232,-27.793463,310.2628,227.65689,-54.91253,307.31213,226.62956,-54.876385,304.3471,225.64189,-54.850216,300.76273,226.48068,28.994263,288.4138,226.02629,-90.29131,309.89075,250.1356,-12.284419,304.21545,248.95836,-46.88864,276.0344,286.42712,121.47506,249.03679,276.98334,-160.60518,261.07504,377.0783,175.18188,236.96002,370.2065,-187.30017,264.04065,456.80838,140.57399,237.87985,455.9028,-203.86678,265.12436,477.03024,145.66628,229.02866,477.8352,-238.42651,265.79944,478.92648,115.57132,242.09294,479.86975,-229.14038,262.96887,472.60605,126.685486,243.76506,472.90408,-200.30255,252.62581,456.71017,94.18543,233.87189,456.23453,-93.638985,220.06061,566.7363,123.8029,206.78038,586.41986,-73.76646,182.92159,668.50824,209.49896,167.21574,707.3961,-19.512457,165.20978,682.343,214.51678,143.61992,723.57806,-20.022108,216.00914,705.484,174.81174,215.03166,752.65924,-92.8339
ShoulderFlexion_down39.jpg,165.55688,217.19542,-84.712685,173.8765,206.8948,-110.470795,176.22052,206.55814,-110.44494,178.67938,206.15544,-110.389725,172.99713,207.50116,-79.42758,174.25871,207.61415,-79.41716,175.46568,207.74185,-79.348366,194.56049,213.08458,-160.73874,188.94193,213.8473,-17.59273,173.8174,229.60168,-99.11929,171.30782,230.1477,-58.036007,215.95224,275.21967,-222.93016,194.06163,283.18106,75.669334,218.13239,365.8572,-249.91023,192.94574,374.90628,96.22262,186.09103,451.42392,-267.62723,172.39014,450.94614,74.757416,186.29051,478.53436,-302.6726,168.43932,472.06744,79.42096,169.66762,476.31546,-307.13864,163.74013,472.712,49.718334,171.5139,467.80054,-269.55038,165.67125,466.19794,60.30366,189.74849,451.70526,-93.014565,176.33385,448.26535,93.410774,175.14645,580.26404,-48.953884,171.1233,567.8722,138.35904,174.15717,704.3533,-0.7537259,180.20073,677.50946,213.95056,185.47786,724.9127,-1.0418618,191.75986,698.1095,218.53156,127.49136,733.4597,-63.803883,135.10738,703.13153,192.2805
ShoulderFlexion_down4.jpg,270.93784,191.9159,-233.12457,266.36758,182.65022,-219.44977,265.26068,182.52116,-219.53554,264.28247,182.3815,-219.5923,265.53592,183.07607,-255.04439,263.47086,182.90646,-255.03462,261.4724,182.79965,-254.90326,251.11685,185.67104,-147.05122,248.52267,186.24191,-307.478,263.89108,201.57268,-204.61905,262.40204,201.64937,-251.33083,244.67976,239.46565,-21.891794,217.49663,242.42998,-373.59152,246.11465,314.77237,-13.76172,212.0353,320.6686,-397.58496,254.07681,363.6527,-114.33156,224.52722,389.93436,-411.74484,260.22824,375.90405,-115.64175,220.57883,409.4619,-462.31088,262.61813,378.43887,-154.80212,233.79968,410.67932,-455.7633,259.55893,373.63162,-135.06378,235.43634,403.02698,-411.8736,247.33301,351.98532,116.58597,222.02791,366.53357,-115.86671,352.46652,392.38605,222.10928,321.47095,406.6118,-151.58585,236.36195,396.31522,342.87494,220.2062,414.94153,45.87406,223.44534,381.9115,346.51276,207.09618,402.9511,66.87014,202.34926,412.67737,424.18774,188.49936,421.15042,141.1172
ShoulderFlexion_down40.jpg,272.03763,218.42328,-43.14019,265.1204,206.60094,-33.724297,264.614,206.06506,-33.70591,264.22736,205.4336,-33.75129,263.03122,207.3925,-62.91816,260.1171,207.35638,-62.898994,257.211,207.354,-62.871258,251.44183,208.9665,23.043163,242.67229,212.30843,-106.87573,267.76852,229.23141,-17.56748,263.15216,230.0055,-55.21203,239.3453,271.86752,114.39591,222.5936,273.23615,-178.49956,245.85796,364.62363,165.05917,238.93266,366.91205,-215.77809,267.8266,445.64413,122.90915,263.11514,448.02603,-230.26907,274.64902,465.6922,126.416595,262.40002,470.86365,-265.28906,275.77213,467.94595,96.722206,272.96225,468.7562,-257.6526,272.1525,462.7737,109.211266,271.9221,462.5045,-227.32213,266.3274,446.0603,98.57416,255.07724,452.02475,-98.07404,259.27792,567.49786,134.71802,266.37375,581.5643,-66.82942,252.94899,678.4487,215.74092,263.72354,704.3088,7.2994437,240.803,696.0428,219.79031,248.36472,724.689,7.863209,292.0822,706.62256,169.60033,314.70624,734.7828,-69.889015
ShoulderFlexion_down41.jpg,220.1475,169.59564,-42.99511,213.98305,157.312,-36.966377,213.77728,156.64824,-36.880596,213.71819,155.89265,-36.929245,211.10782,158.28625,-62.063015,208.07693,158.17853,-62.02769,205.06316,158.11536,-62.00398,201.20692,157.93523,12.146345,189.5694,161.88306,-98.71658,215.74562,179.75018,-20.017366,210.44086,180.61519,-52.192646,192.18352,215.45541,91.80084,167.89273,222.84178,-159.49059,204.73291,303.6693,142.14122,186.2293,316.43823,-187.48341,224.53198,386.0271,115.03907,210.61595,400.3029,-184.6659,230.42564,407.42004,119.00407,208.9022,425.49573,-212.79579,229.17221,409.28534,95.63098,221.01929,422.65668,-205.70267,226.06593,403.44006,104.54447,220.39735,415.1514,-180.7325,220.23013,387.12915,85.1466,203.1194,394.80383,-84.706154,221.26735,503.35724,117.83596,212.94919,521.6153,-66.43463,211.36496,612.95734,203.38728,209.78256,649.8781,-19.145685,198.56068,630.7767,207.6527,193.46176,672.15015,-20.439878,250.14934,641.537,165.74153,261.80484,681.78766,-90.258484
ShoulderFlexion_down42.jpg,425.00385,505.40488,-264.35416,411.89062,497.15643,-241.90602,411.48242,490.75565,-241.94948,410.9508,484.13705,-241.93199,413.5274,514.7136,-234.21596,414.0535,521.0913,-234.1394,414.66037,527.4876,-234.17838,421.35052,473.6919,-128.13913,425.65158,532.377,-75.67438,441.4911,490.96484,-222.52843,443.23123,514.94116,-207.32976,516.87726,425.71326,-94.885796,522.25903,564.2556,1.0321993,633.0936,405.09808,-85.78209,638.62164,581.1675,36.571144,748.9304,396.05826,-146.93797,744.0033,602.91296,-49.722588,781.1834,386.54764,-166.58604,776.72766,611.6618,-60.30324,783.2818,398.73065,-205.27661,779.02124,606.5008,-107.54904,773.2818,407.93954,-161.62227,770.4315,594.577,-70.53316,739.9356,456.09085,-47.927055,742.7337,535.0335,48.26409,900.9474,463.43924,-49.71295,908.4103,544.2213,66.29814,1046.9346,458.18027,100.81509,1054.8973,544.4679,236.58516,1063.7335,454.5469,105.52486,1077.4084,532.18146,242.89668,1105.2238,475.48853,-57.643955,1104.8706,583.2119,97.52576
ShoulderFlexion_down43.jpg,444.35043,561.40204,-432.15515,431.56464,554.59424,-407.77887,430.22418,548.4287,-407.77084,428.7063,542.08746,-407.68552,436.17072,571.5583,-403.8943,437.87778,577.5561,-403.75333,439.70892,583.5432,-403.77646,438.48553,528.92206,-266.0852,452.8786,585.90375,-235.94502,459.0166,544.18896,-378.95734,464.76434,567.0193,-370.2703,524.69257,465.78696,-190.71693,555.2191,602.2258,-132.6643,630.43945,429.9872,-163.63599,668.6351,605.3629,-85.877144,737.3226,399.7761,-252.788,780.93964,601.2424,-174.96828,767.4104,384.85184,-279.2519,815.0123,604.05914,-191.37259,772.13226,394.5544,-325.55588,816.9585,594.94275,-246.72162,764.2508,405.1025,-271.27966,804.90155,584.93097,-199.49184,746.8047,454.99905,-29.527037,763.618,533.6014,29.874674,903.32367,435.95148,-20.048641,925.4811,512.48175,56.64837,1044.275,411.07437,172.18571,1068.0413,485.14667,270.1618,1062.9629,411.60562,178.88162,1086.7537,468.56134,278.5481,1099.0284,396.98303,-0.7033035,1128.7328,512.09894,106.18435
ShoulderFlexion_down44.jpg,408.6168,414.75443,-263.12473,399.37033,403.23865,-247.60233,400.66418,397.08386,-247.48439,401.88992,390.66788,-247.34555,396.428,420.57062,-243.38454,395.5633,426.5668,-243.32288,394.76108,432.5276,-243.28094,415.57016,382.04953,-160.04292,404.9331,439.6241,-134.66635,428.59677,405.21753,-231.27281,424.33185,428.11087,-223.80861,514.5624,357.66486,-122.513535,480.15106,496.98065,-102.78485,625.8313,371.6785,-120.50376,582.0059,548.3525,-98.162094,738.5122,398.97455,-173.31943,690.0756,595.9295,-137.50497,774.344,397.39038,-183.75772,717.68713,616.6382,-137.97733,777.62305,410.72867,-220.89377,725.8869,610.43036,-178.3397,763.2744,416.19778,-186.94356,717.7935,596.6452,-154.52576,700.98035,440.048,-4.9435697,676.91626,519.4714,5.073616,868.2069,489.3316,-39.26701,841.20435,572.13696,-44.43237,1021.6193,545.7917,19.606174,1000.7986,614.9608,15.750251,1037.8518,559.84216,17.58115,1025.883,610.9464,11.56591,1080.2673,551.2334,-91.883194,1045.1364,658.52216,-112.55788
ShoulderFlexion_down45.jpg,1058.2805,511.6189,-291.98624,1068.285,519.84204,-270.84247,1067.4503,525.5529,-270.69537,1066.7577,531.53973,-270.51608,1069.817,503.28662,-277.8744,1070.3325,497.12256,-277.879,1070.7625,490.99582,-277.98123,1055.2478,536.1538,-134.9987,1061.0939,481.00555,-165.80264,1039.405,519.82544,-240.30237,1041.6033,498.2076,-249.29018,961.69965,569.72363,-35.86734,969.68036,431.71597,-129.44495,850.8641,593.14,19.008722,852.97705,415.5718,-129.82855,738.0807,606.54456,-62.563236,740.56854,404.39966,-178.9594,705.6898,615.9266,-76.54752,710.63525,394.03165,-198.60431,701.2191,607.94354,-120.619484,703.9679,403.93616,-239.93477,711.3908,598.1125,-80.65401,712.82635,415.75592,-194.88797,762.04846,542.2199,33.957134,764.39197,459.5211,-33.709335,594.4807,544.4023,14.924513,595.55206,467.00897,-38.983147,431.29526,544.2077,96.6013,439.2534,466.9065,58.48724,407.1468,532.7202,97.165115,419.97638,466.79575,58.667027,378.27405,575.7828,-40.759796,378.08768,479.38223,-97.39111
ShoulderFlexion_down46.jpg,420.62494,506.63885,-468.23782,410.00278,496.96323,-440.9241,409.89902,490.90057,-440.96823,409.6408,484.6902,-440.90228,411.38715,514.35254,-437.26474,411.9802,520.3803,-437.05978,412.69937,526.4287,-437.0945,421.3438,474.0167,-283.89743,425.16315,531.5045,-259.2684,437.93405,493.0624,-409.91776,439.39536,515.9007,-403.09692,513.5821,429.83264,-212.73329,521.85223,564.26324,-129.15697,629.55884,412.04178,-181.97176,633.649,584.7577,-81.003815,740.9961,396.49512,-270.46066,745.35126,599.46344,-172.98386,771.973,384.01678,-302.06738,777.0351,609.0207,-186.68324,777.4984,397.17044,-346.3961,780.94525,604.4765,-252.40468,768.0895,406.34912,-287.81934,771.70605,592.59204,-202.31114,730.90173,448.39465,-33.770546,735.57227,527.6757,34.226055,889.97906,463.02188,-51.272724,900.76666,538.1788,13.181211,1038.7717,461.9645,125.138565,1050.9972,536.34814,224.04312,1058.2284,462.80988,128.94429,1071.3081,522.6458,230.07864,1095.2982,464.58035,-69.190125,1111.0349,572.3807,40.976868
ShoulderFlexion_down47.jpg,374.13882,457.27298,-340.2265,362.2581,448.4671,-318.23444,361.97488,442.24173,-318.27643,361.5538,435.81348,-318.2281,363.70917,465.9611,-313.65225,364.25668,472.13016,-313.546,364.91006,478.30908,-313.6311,372.04102,425.11002,-194.64793,375.8676,483.25595,-160.20494,391.02307,443.39517,-293.62863,392.58853,466.4036,-283.6687,466.1751,375.57083,-145.9045,472.6866,518.24805,-73.244095,582.94446,358.7977,-129.53584,589.4183,535.55804,-32.18258,693.5365,348.69647,-194.53552,697.0845,554.4523,-101.88978,725.4871,339.58197,-213.8411,728.52057,563.4602,-105.55703,727.4797,350.5753,-254.7824,732.53876,559.56323,-159.28316,717.6161,359.82913,-209.51527,723.5797,546.4677,-124.884514,690.6771,403.3385,-36.0372,693.2601,484.87402,36.4389,852.02045,414.74884,-32.366386,856.0563,495.12463,58.824535,999.1518,409.4978,105.641174,1003.79095,491.6645,224.14645,1017.8545,410.58707,107.55224,1025.3873,478.1114,228.69904,1054.2057,409.08188,-57.003834,1056.8475,529.853,76.07855
ShoulderFlexion_down5.jpg,221.7316,142.21042,-120.39458,216.33565,132.46867,-109.00428,215.21118,132.04698,-108.99767,214.18954,131.62515,-109.00681,215.53906,133.54143,-144.26125,213.48277,133.5516,-144.28235,211.47408,133.62283,-144.21327,202.25182,134.08206,-38.524754,198.94266,136.9982,-196.64212,216.14015,151.06842,-92.031364,214.6471,152.15698,-138.1112,191.64491,187.79794,87.47158,178.76035,192.69809,-270.524,198.14851,265.86298,85.311844,170.78429,274.00204,-287.63367,211.38805,319.6445,-13.671171,173.56335,345.16626,-249.27448,219.44687,333.20993,-5.7865973,169.77675,365.30838,-287.6543,221.20618,337.42233,-40.148827,180.56221,365.85474,-281.3669,217.2626,333.7247,-31.804663,181.74959,359.2284,-246.68314,188.38206,320.06198,115.11245,170.08755,334.98312,-114.3636,294.6159,347.68045,254.5227,282.67084,364.84738,-136.18578,187.74588,354.25983,311.10123,177.9704,376.71603,26.411688,180.39369,340.68814,304.88675,169.80907,361.90805,42.680473,144.94559,360.10205,360.2447,142.68918,376.61676,98.04695
ShoulderFlexion_down54.jpg,711.82367,150.97278,-593.44366,718.426,140.67856,-564.46,723.6854,140.28441,-564.36096,729.1387,139.7548,-564.20483,702.4497,142.66795,-565.63684,697.01624,143.43335,-565.4111,691.58954,144.29898,-565.34784,737.3163,149.81703,-374.1474,686.0039,155.55539,-369.7705,723.5048,166.19954,-521.7651,703.61456,168.3312,-520.7133,780.9887,238.78358,-216.20636,655.5145,239.42326,-218.4191,803.2721,335.82294,-140.67648,650.6295,335.4869,-144.56224,809.6913,429.06824,-273.62546,644.5237,423.85364,-295.11383,820.66394,453.55676,-307.50482,637.5284,449.39337,-338.24414,809.4503,458.8913,-367.53284,641.9493,454.24042,-399.6728,802.41907,450.90268,-297.66443,650.701,445.43665,-322.9797,762.06323,408.62082,8.639815,685.7571,411.02185,-8.5906725,758.8971,567.31805,0.776563,703.255,567.26025,-26.41385,772.4515,711.7877,212.88504,709.5574,718.44226,170.41098,770.9612,729.50165,220.06693,712.3954,737.5462,175.58806,774.542,763.3237,-18.936028,716.3634,772.35657,-55.83141
ShoulderFlexion_down55.jpg,657.99567,153.47804,-447.89624,664.88446,142.11685,-416.67126,670.2752,141.12321,-416.568,675.81506,139.98674,-416.41245,648.9973,145.81299,-415.55966,643.80524,147.08185,-415.39288,638.6094,148.46808,-415.38724,687.3847,148.58429,-231.28525,636.4147,159.66861,-223.07463,672.9168,166.99579,-379.78247,652.9899,171.26154,-377.67487,745.34717,229.12819,-93.68995,622.8934,249.21487,-112.06739,776.7399,321.7864,-25.806324,635.23553,345.50317,-72.19414,793.7968,413.23193,-158.99658,640.2535,433.24374,-223.305,808.28345,437.9062,-184.53769,635.82446,459.9326,-256.8978,798.4054,446.49368,-239.86075,642.30554,465.8594,-310.3617,789.7738,438.5885,-181.41681,650.1477,456.0592,-248.0189,751.87537,400.36118,15.422348,676.2408,412.47406,-15.328615,771.8285,560.4489,25.96548,725.0892,559.18085,-67.786095,810.6345,681.71326,266.41885,767.69543,707.1528,105.66894,809.7944,695.04517,279.6131,774.2875,725.1251,111.20913,830.4597,735.9575,88.93372,785.3951,761.0684,-98.36905
ShoulderFlexion_down56.jpg,794.3796,159.5189,-548.25525,805.633,152.13414,-518.3534,810.90344,153.67137,-518.2269,816.3845,155.1496,-518.0911,790.301,148.48213,-516.7792,785.18787,147.304,-516.5831,780.02234,146.22441,-516.54834,823.0206,168.31047,-330.16248,773.6135,155.5052,-318.75534,802.0059,177.84532,-478.51056,782.2967,172.66162,-475.59637,838.41614,264.59332,-176.09956,721.2305,230.76385,-186.20935,825.2655,361.15262,-88.40003,689.1707,326.58115,-123.46538,803.286,447.7321,-235.14832,656.3795,404.37067,-270.98468,805.80994,474.97968,-264.8719,643.55,425.44403,-300.3854,794.23676,477.80624,-324.05322,642.65985,431.14462,-362.1137,789.7795,467.51917,-259.23294,653.5202,426.237,-298.46542,770.2057,419.698,15.034644,698.3977,398.84583,-14.931155,719.22974,573.19354,13.479164,675.1172,551.9949,-49.54064,700.26044,700.29785,248.58752,650.34515,696.098,163.13673,695.71576,712.38153,260.19788,649.8253,713.97186,172.1751,685.9089,756.7132,50.101814,639.2563,751.9822,-42.725517
ShoulderFlexion_down57.jpg,730.50336,154.50293,-552.81525,737.10065,143.54665,-522.61017,742.2676,143.57932,-522.50775,747.6219,143.50409,-522.3794,721.6706,143.81892,-527.33813,715.9593,143.80229,-527.10767,710.22205,143.91588,-527.0421,753.211,152.92377,-327.64978,701.8521,153.40996,-340.4786,740.0322,169.77342,-478.6066,719.6889,169.69875,-482.5792,787.63306,240.61969,-157.31857,664.4597,235.50589,-191.50327,798.9416,338.10538,-55.201004,657.31744,336.5838,-115.44721,796.6945,431.73978,-199.35985,648.3072,425.56503,-253.16162,802.3026,458.43427,-236.29324,640.6961,451.50363,-295.9863,794.647,463.05612,-296.15826,646.3554,455.61703,-359.08154,788.7827,453.4878,-225.61708,655.49976,446.6183,-281.57135,755.392,410.92368,8.678561,681.5695,409.591,-8.459056,738.04333,562.1922,-4.5187674,683.7288,565.3694,7.211273,734.791,700.67206,231.27216,678.2175,701.18036,282.9103,728.7834,715.5412,242.05385,680.67206,716.441,297.1967,736.1046,761.80206,20.38031,675.33344,763.1195,78.217125
ShoulderFlexion_down58.jpg,712.7922,150.37416,-575.7151,720.6076,140.98578,-550.2713,725.6871,141.02187,-550.10767,730.9307,140.92358,-549.9836,705.543,141.7688,-550.0407,700.502,142.11119,-549.9075,695.464,142.56024,-549.8227,739.3146,151.51071,-376.05493,690.93024,153.12576,-369.49463,723.6205,165.71242,-510.0008,704.8875,166.25351,-508.58325,781.55646,236.85547,-219.84674,659.3467,237.3386,-225.44984,805.68494,327.80307,-134.16093,661.08905,334.80493,-159.00735,812.10535,421.49976,-261.0119,654.364,423.11655,-297.66632,822.0252,448.3038,-291.3013,648.5296,447.46063,-327.4069,810.9099,454.94986,-347.08038,648.58105,453.79843,-393.10706,803.6647,446.5721,-283.29623,658.34534,445.65903,-326.5466,761.55115,404.77924,19.320793,688.3196,407.17508,-19.285065,759.6837,561.46405,12.819113,702.243,564.88837,-38.93629,768.9435,699.6162,212.24544,708.29395,702.0248,175.66226,763.8085,717.3998,220.48221,712.2161,718.5489,184.36546,781.9635,749.5682,10.662837,709.78925,754.1753,-25.304
ShoulderFlexion_down59.jpg,663.5847,105.33121,-543.54974,671.43835,93.24965,-516.8282,677.1491,93.02126,-516.72205,683.0432,92.69175,-516.59784,655.1351,94.34196,-517.0121,649.4126,94.64295,-516.8506,643.6659,95.0503,-516.881,691.7242,102.57939,-333.8677,638.1656,105.26544,-332.45883,675.7541,120.687225,-474.47214,654.3527,121.769875,-473.92133,733.09125,190.59981,-176.52872,608.12445,189.64165,-198.82312,751.26794,292.38428,-86.23549,607.3082,295.40283,-142.07756,755.9937,387.92804,-181.10858,600.1171,374.75555,-295.50992,767.5703,413.13345,-192.93024,593.75977,399.23352,-337.37045,759.82056,420.9812,-251.73206,597.73267,401.33365,-387.81134,751.98694,413.81085,-202.17953,605.15625,393.39575,-318.83057,711.9601,364.38345,20.496746,635.9868,363.69318,-20.245655,701.06946,523.8946,51.7216,655.76447,512.5018,-48.342674,719.0543,646.9241,317.2787,663.74475,665.92145,94.5201,716.62964,659.855,332.13245,664.33307,685.8736,95.13312,728.6387,701.245,128.69293,677.3772,720.3585,-127.83057
ShoulderFlexion_down6.jpg,1321.2948,770.7791,-1020.02856,1350.1447,731.15247,-941.4946,1370.6608,731.31445,-941.41406,1391.8274,731.12994,-941.0679,1293.2649,732.65533,-944.2636,1272.5645,733.0954,-943.87085,1251.8525,733.865,-943.9919,1423.4174,769.07043,-491.89447,1230.5562,770.07623,-477.56708,1364.6016,827.5912,-852.6149,1286.5276,827.9928,-850.5408,1564.6123,1088.1873,-217.87611,1075.9368,1067.2443,-312.81946,1604.7883,1436.2389,-83.39124,994.61835,1422.0297,-239.4124,1591.4629,1778.3596,-660.31885,952.7729,1791.6708,-583.60315,1600.398,1899.2059,-799.7913,920.1406,1908.9884,-650.0591,1558.1836,1895.7056,-951.92896,962.2132,1925.3597,-838.8561,1534.8773,1851.8138,-728.8175,1005.43427,1887.7526,-658.5326,1420.0166,1784.6926,21.02426,1130.8564,1773.392,-18.929491,1376.1237,2371.734,-45.108105,1131.4877,2378.315,-134.82355,1367.9702,2883.1877,426.8375,1156.7106,2905.6475,376.59143,1347.8302,2938.5176,440.07092,1183.1436,2963.743,390.72137,1391.5978,3102.6685,-85.88081,1120.2366,3136.2864,-179.97285
ShoulderFlexion_down60.jpg,663.8976,339.36832,-958.2318,676.7974,318.9316,-915.9287,686.4546,318.43805,-915.9591,696.49634,317.74884,-915.6615,648.0063,321.8743,-919.92126,637.72174,323.17227,-919.74304,627.4222,324.61307,-919.68036,710.4081,338.4443,-642.32837,615.6508,346.47156,-646.871,684.45306,370.04504,-855.8167,647.2636,373.12848,-857.7707,794.7175,511.2735,-391.06308,547.097,530.85205,-457.41623,834.62115,701.3516,-226.58934,531.24225,746.4525,-388.0811,858.19586,891.35474,-500.03784,507.0647,951.7301,-513.68884,873.0806,946.48553,-576.8507,492.4464,1003.4521,-519.729,855.5675,950.84955,-674.7682,494.1207,1017.34326,-644.81805,839.29297,931.53015,-543.3362,516.7047,997.99585,-562.866,752.6591,868.93274,27.621002,604.86096,873.4095,-27.123924,738.6085,1179.2155,14.648926,630.3532,1178.4323,-96.62614,734.27673,1440.599,325.8518,640.1965,1451.7996,223.61153,723.9262,1468.871,334.36066,646.08875,1479.4897,235.38026,746.3759,1550.811,2.8837585,644.3535,1570.3783,-108.135445
ShoulderFlexion_down61.jpg,586.53424,362.39246,-443.78482,594.9917,337.8642,-411.12177,605.32275,335.23865,-411.1671,616.0284,332.36368,-410.93442,566.00385,346.364,-413.25824,555.27484,349.68417,-413.25665,544.5862,353.11887,-413.46555,634.7489,349.7287,-232.9427,536.85974,376.8132,-229.15761,614.6927,389.0497,-377.28006,575.37775,400.1073,-375.90802,751.3878,502.88144,-117.00841,504.56375,566.2031,-181.78014,823.06287,691.2477,-26.221523,527.92163,788.1731,-174.1514,872.40784,871.24133,-153.02646,538.4548,987.4026,-212.55559,895.87494,925.2462,-190.164,532.7505,1044.504,-204.0954,879.61835,930.7932,-259.14777,541.8514,1053.5925,-289.03085,858.7649,913.4939,-181.15138,561.0875,1029.8048,-244.56505,779.0509,877.1259,11.548853,634.5567,907.0032,-10.732354,817.4221,1174.5853,-9.177907,691.7084,1191.3572,-18.652102,853.364,1436.284,143.42346,749.39246,1444.8701,193.72415,845.65875,1468.8628,142.17859,762.56964,1471.859,198.20528,889.77576,1534.9409,-93.41416,768.8459,1552.0833,-48.00452
ShoulderFlexion_down62.jpg,789.7476,343.48184,-942.15265,807.63763,326.73013,-900.08746,817.15454,329.14706,-900.0949,827.10516,331.46936,-899.718,778.89484,320.87546,-906.0204,768.3944,318.95523,-905.8381,757.8622,317.17932,-905.82245,833.98615,354.61804,-629.67303,739.2952,334.02417,-637.9551,800.1025,379.04114,-839.7735,763.25183,370.96768,-842.7757,870.8932,539.1626,-381.84073,620.59235,494.96115,-448.24057,860.30414,728.5587,-198.23741,547.0698,705.6856,-380.2682,826.7065,914.8438,-476.41684,465.3021,893.16095,-494.2636,823.55804,974.17706,-568.5022,436.35175,938.8868,-506.84155,801.9365,968.6441,-663.90515,436.78592,952.60645,-630.8967,792.25824,944.53217,-519.8848,464.87256,939.54297,-542.6782,739.8435,878.91,9.514237,595.9057,843.51086,-9.212451,635.63074,1171.1653,-23.495537,531.1102,1131.6771,-43.651814,550.622,1419.7389,275.1522,477.07922,1385.2246,299.97894,532.6564,1441.6617,282.9575,478.86148,1413.0055,314.86346,522.8753,1533.7845,-47.554283,442.41077,1500.202,-18.54452
ShoulderFlexion_down63.jpg,806.04395,347.2063,-989.20105,821.6108,326.26645,-950.8896,831.58734,326.58014,-950.8758,841.9219,326.67456,-950.6584,791.6209,326.63016,-952.9923,780.9137,326.67694,-952.8517,770.19214,326.8812,-952.68115,854.7518,346.17307,-666.9756,755.857,345.0663,-670.9624,824.48645,378.6648,-881.1536,786.5434,378.13138,-882.57794,926.6565,527.8718,-426.88794,672.3377,512.26825,-453.62363,948.4792,747.46606,-261.55643,633.88837,716.15936,-343.1654,964.8988,956.7728,-455.5918,618.13715,901.6607,-556.5607,977.1255,1013.3603,-503.75937,605.88794,955.50916,-605.33075,964.59143,1020.6116,-601.5521,622.506,962.4183,-705.1536,948.0039,999.80524,-493.78986,642.0931,941.17303,-596.9155,870.71466,878.9546,18.834307,722.4276,877.3649,-18.522398,858.38385,1176.466,29.556286,731.76196,1186.6636,-63.755096,846.08026,1439.7305,355.4127,734.55554,1450.5907,296.28812,834.02234,1467.5802,369.35425,742.40094,1477.3358,312.0297,851.60114,1551.9318,37.437798,741.10706,1570.191,-36.714043
ShoulderFlexion_down64.jpg,662.01526,347.45615,-1102.6433,675.8347,324.53076,-1061.4917,686.2219,324.1198,-1061.439,696.98596,323.48788,-1060.9813,645.8039,327.1441,-1065.5026,634.8977,328.2529,-1065.3126,624.00946,329.50867,-1065.1826,712.3208,343.57462,-784.0185,612.2817,350.68353,-776.6646,683.51544,378.88028,-996.5328,644.44806,381.4901,-995.08136,801.4792,508.62906,-514.4592,543.86255,536.71436,-552.0701,848.18616,696.73083,-356.03815,530.12897,762.7308,-466.14493,860.8433,882.7669,-638.5321,506.69757,969.1182,-583.5769,874.0267,941.91956,-734.4283,488.36557,1023.5925,-597.79785,846.0604,940.35785,-830.9287,498.22885,1037.9554,-727.9151,831.11957,919.55005,-680.32196,523.23157,1016.73615,-633.18,767.6368,866.4475,-0.261076,617.1359,871.3554,0.3068073,748.91693,1186.2018,-42.37219,633.38495,1182.3844,-42.65504,741.6375,1456.1444,265.8517,651.8371,1452.9489,302.49133,734.4364,1482.4751,274.38525,664.655,1483.5846,317.9654,733.62537,1577.3789,-80.52767,632.4453,1573.475,-29.429253
ShoulderFlexion_down65.jpg,614.07684,289.22928,-900.40234,626.1254,269.92593,-857.6657,635.5855,269.34137,-857.6631,645.447,268.54825,-857.3305,597.45245,273.32404,-859.68915,587.241,274.86343,-859.5008,577.03467,276.5336,-859.4508,658.9932,289.5053,-589.03436,564.811,299.1389,-582.3159,634.2665,319.92935,-800.79333,597.49615,323.61182,-799.49994,746.8715,462.26898,-349.56097,499.2754,483.62634,-394.00977,788.4236,649.1667,-182.06268,483.11453,695.8006,-326.4439,808.088,835.915,-454.22437,455.86392,893.9352,-474.42776,822.103,891.90924,-537.9853,440.24042,944.9589,-492.44315,800.42194,893.6611,-633.2172,444.1138,957.9442,-613.8608,785.33606,873.55566,-496.12738,466.3953,938.6569,-522.76013,711.95483,812.7527,20.533987,563.836,817.5005,-20.083204,697.43207,1129.8452,-16.278242,593.997,1123.0514,-92.824875,686.8265,1404.2218,280.98364,595.3858,1400.4086,224.73363,675.6425,1432.4943,289.1601,599.58386,1428.4758,237.66116,690.8372,1519.7665,-48.124187,597.6449,1520.6794,-102.18179
ShoulderFlexion_down66.jpg,409.92557,358.06854,-1066.5897,424.2601,335.2002,-1029.0891,433.94,335.0533,-1029.057,443.9514,334.6983,-1028.7704,395.66782,335.85593,-1030.7872,385.36395,335.74127,-1030.555,375.06946,335.79526,-1030.4073,457.1558,348.4664,-728.9198,361.88474,348.62622,-721.48804,428.0537,384.29364,-949.8242,392.1335,384.19382,-948.11694,533.2273,500.49585,-448.12277,289.24768,503.4103,-470.03952,564.7981,696.9936,-274.99017,271.01657,703.2764,-348.57104,575.6274,890.24005,-506.82755,255.65358,884.8511,-535.297,587.25586,943.39404,-574.459,243.80316,934.26605,-578.4598,569.88666,948.1311,-672.73267,254.22829,944.5039,-693.0494,555.0365,928.53076,-547.9026,274.5732,925.2061,-582.1867,489.05707,840.91064,-0.09248536,347.4033,841.51746,0.07803607,471.16345,1135.5004,-19.414864,355.55267,1127.8022,-40.4063,462.3331,1386.7311,315.0087,365.12396,1377.2256,348.20398,453.28625,1410.6244,327.6425,374.491,1403.5251,366.91217,458.1237,1503.0834,-34.39873,364.88718,1494.8629,13.041148
ShoulderFlexion_down67.jpg,339.0419,365.34943,-964.46875,349.38852,341.67303,-922.77985,359.03168,339.66574,-922.7599,368.9453,337.40802,-922.5111,321.0645,347.904,-924.4899,311.063,349.8898,-924.2373,301.0964,352.04544,-924.1319,386.3582,350.1763,-623.3688,292.65222,369.08798,-620.7534,363.5525,388.40063,-849.87134,327.53525,395.6459,-849.68964,489.54028,493.41714,-356.29938,248.9964,536.84674,-417.14505,550.4203,680.0758,-203.18239,259.6531,736.0925,-315.52878,592.33795,864.47974,-464.63187,279.51254,915.7273,-509.9808,612.5651,914.19604,-535.3396,278.46198,967.6244,-562.3541,597.3913,922.14716,-631.4921,291.77963,972.2637,-665.73535,580.1697,905.42505,-507.65848,305.23868,949.86865,-553.26825,500.63446,845.08105,16.031523,362.01166,870.11115,-15.794504,530.5513,1124.628,15.019202,420.43723,1146.2274,-64.03163,557.47565,1366.1561,353.6848,477.60992,1386.2365,329.41983,550.68066,1394.576,366.01425,493.2653,1411.2446,346.23083,584.7458,1468.788,18.208582,494.18958,1497.7301,-7.769068
ShoulderFlexion_down68.jpg,522.98303,363.64697,-908.22925,543.46344,346.1784,-865.3812,553.391,348.8907,-865.3344,563.66815,351.47812,-865.1043,514.7405,338.83414,-867.29755,504.32043,335.93646,-867.06537,493.84143,333.20413,-866.9696,572.44415,371.27484,-577.69495,476.79636,344.99356,-574.19727,534.63245,395.77527,-799.28076,496.98593,385.32153,-798.72577,596.7596,544.3651,-349.96646,361.7664,474.9959,-388.12692,567.37573,740.3506,-218.3397,283.36475,655.4317,-296.5391,531.8731,926.18536,-426.0194,224.85902,823.9613,-474.26996,529.39996,981.65814,-479.84045,200.65501,872.207,-518.7243,512.6571,981.0976,-570.49664,214.05394,882.76825,-611.68195,503.36066,958.30774,-464.0496,236.49919,868.7255,-512.56354,453.5934,864.86694,9.918111,315.1355,827.4357,-9.596868,367.5795,1128.7329,19.624628,248.28665,1098.68,-27.765673,292.16132,1350.5883,379.44308,195.34392,1328.6116,393.02423,273.62772,1372.568,397.20148,199.40508,1359.6667,415.0099,271.51984,1456.1835,79.31395,154.12856,1429.3883,85.9129
ShoulderFlexion_down69.jpg,460.57983,352.54095,-946.3294,474.0933,330.24216,-910.7811,483.31842,329.6525,-910.76544,492.88306,328.88425,-910.53485,447.06586,332.23288,-910.4751,437.48654,332.67953,-910.2748,427.89258,333.28506,-910.2257,507.3262,342.91092,-631.2916,417.9855,347.3233,-621.4612,480.05618,377.48013,-838.9347,445.70346,379.21875,-836.7697,584.6516,496.62378,-372.3365,350.79187,503.6218,-411.59344,610.57056,690.8368,-205.26434,323.298,702.7115,-315.42834,626.99194,872.36273,-472.33636,310.6964,890.1798,-498.35657,638.3701,924.0254,-543.9815,300.87943,941.2318,-538.1592,625.41437,926.9332,-639.31506,310.58054,950.8854,-649.16766,610.9431,907.6271,-514.1294,329.7942,930.2339,-544.0654,546.97784,838.8197,14.942087,409.11548,839.75574,-14.5246725,535.6491,1132.6885,-10.460494,420.63486,1130.256,-89.572876,518.0061,1385.1923,315.048,426.08557,1384.2637,261.49695,506.8475,1411.3083,326.61646,432.20413,1411.3649,275.6082,519.59503,1493.9406,-18.039885,433.99066,1495.2642,-76.60355
ShoulderFlexion_down7.jpg,1184.1202,747.3562,-509.0407,1207.7748,709.4221,-433.5865,1227.5718,707.0709,-433.74353,1247.9458,704.2217,-433.67923,1152.5126,719.5033,-429.1807,1133.1389,723.55774,-428.9882,1113.6898,727.8626,-429.4208,1285.8689,740.9298,-80.193924,1100.799,771.6504,-32.76621,1235.847,801.42413,-380.21918,1160.8524,813.829,-367.94553,1484.6073,1046.2355,63.179607,1000.83276,1100.8324,39.041626,1586.4814,1380.8109,185.94814,966.2776,1459.0713,80.87254,1645.0721,1716.028,-165.63359,995.07526,1831.9113,-170.2165,1675.5403,1825.1628,-280.90915,986.0956,1950.1903,-230.85423,1643.8004,1829.4395,-416.90778,1030.846,1953.6233,-378.2513,1613.6101,1795.1233,-226.60085,1060.2897,1910.7065,-231.5546,1473.7499,1764.1399,-3.7843955,1186.8428,1800.8823,5.9181743,1540.7924,2329.065,-129.86772,1278.1733,2383.787,-114.5413,1594.5922,2823.9172,309.15732,1388.4385,2887.4219,334.40292,1586.7384,2874.491,318.40057,1427.5531,2944.7644,343.5807,1604.5968,3039.6494,-138.79773,1364.3612,3093.9814,-130.76436
ShoulderFlexion_down70.jpg,414.97363,353.82727,-959.4846,427.3589,333.1884,-919.079,436.9116,333.18433,-919.0657,446.77707,332.96432,-918.72345,398.61218,334.02765,-924.87683,388.02963,334.21902,-924.6703,377.47446,334.55612,-924.6131,458.00735,349.34064,-640.90424,362.13608,350.9026,-650.48346,432.37152,382.59488,-852.7703,395.88998,382.98465,-856.08307,533.29846,508.1317,-398.22455,288.15256,503.38818,-451.4852,570.73865,701.5186,-253.05481,259.49994,697.7125,-372.02017,583.73114,893.12146,-457.43085,246.33337,877.3913,-546.40674,595.68207,948.26904,-519.21765,231.51509,928.9598,-595.6839,577.5612,950.9696,-611.7964,247.54227,937.64636,-699.1085,563.2888,930.87726,-497.141,266.87845,919.2112,-588.6571,491.26093,831.87476,-3.9624803,345.80582,830.8928,4.5114045,470.931,1116.1625,-114.0918,358.76337,1122.1129,-45.28423,460.7614,1391.1826,100.960556,366.13382,1384.7008,266.15927,452.41846,1419.9116,101.16395,373.29572,1414.0845,276.74478,448.8572,1502.3765,-249.63759,370.86816,1495.429,-64.16354
ShoulderFlexion_down71.jpg,362.08377,307.03537,-959.612,376.00797,285.1342,-922.6658,385.42685,285.09915,-922.6233,395.18665,284.8605,-922.41516,347.47733,285.6038,-924.4697,337.26205,285.44995,-924.2819,327.06696,285.4509,-924.14545,406.76428,298.81094,-630.8525,312.53894,298.41113,-624.1585,378.9144,333.35727,-846.56104,343.5078,333.0326,-845.1497,479.26367,451.27478,-369.53748,238.51807,453.9337,-381.21524,511.08392,643.8503,-201.05109,223.69482,652.98944,-252.02547,525.27594,830.5979,-441.93323,205.06683,831.9053,-442.98865,537.3911,882.1847,-508.1399,192.59866,879.4466,-477.19308,521.4026,886.03705,-603.6655,199.81401,889.4765,-593.7332,506.71915,867.3676,-482.62332,220.39113,871.5935,-489.83636,435.06183,789.90704,2.12434,294.81177,792.01355,-2.0701864,422.15872,1083.1014,-26.391462,309.14343,1079.1345,-52.245796,412.82983,1337.9989,291.8565,318.25406,1333.5898,298.888,402.27005,1362.6207,303.47455,325.66916,1360.3704,314.68124,413.46002,1452.4971,-49.193134,322.57648,1448.7528,-34.39916
ShoulderFlexion_down72.jpg,866.3472,361.73303,-394.9503,885.1522,333.45404,-353.11044,897.9883,332.91168,-352.69925,911.2873,332.30835,-352.78122,850.87585,334.74576,-356.9221,838.47986,334.63727,-357.10815,826.0463,334.89124,-357.0215,929.3924,348.09396,-67.71274,815.5728,348.49005,-55.605003,892.0026,392.61734,-281.91135,847.2484,393.89502,-279.08755,1012.44965,534.99084,54.903522,729.351,536.8146,116.104385,1039.4098,743.8902,91.82574,702.6317,756.5266,330.49338,1039.4011,943.14197,-358.96548,670.8031,941.22754,31.915895,1057.4596,1014.59906,-463.9421,658.0875,1004.8569,21.46891,1030.5033,1020.43256,-556.6625,660.9145,1008.5132,-118.902794,1013.6385,993.047,-403.56943,688.39154,985.2415,-20.169222,941.6874,955.32556,-16.432222,775.578,958.17456,16.615473,923.7099,1327.5854,-261.0506,685.19574,1307.5161,-143.57619,918.79517,1206.7252,770.4289,761.0313,1185.8319,893.64667,917.23505,1157.9099,894.5463,772.3726,1147.6338,1019.4469,918.8446,1275.8866,1122.5544,793.3932,1249.2402,1208.2885
ShoulderFlexion_down73.jpg,806.1017,328.78607,-357.2366,818.0303,297.6805,-318.3265,830.2517,294.64288,-317.91534,842.943,291.46924,-318.24713,784.4645,305.07477,-323.8519,772.26715,307.1941,-323.94513,760.0855,309.67386,-323.68625,861.0148,301.67093,-28.168201,750.1813,323.34076,-29.456196,835.48987,354.11667,-241.84444,793.045,363.63528,-242.73444,975.7628,472.96286,79.54759,695.3056,518.4708,154.45787,1038.5521,668.117,92.502556,705.51245,736.3539,383.38455,1069.5936,868.82043,-361.0207,705.86804,922.79663,50.110203,1103.7976,938.2415,-455.95877,706.78503,987.6313,28.281616,1075.6763,950.63074,-549.7975,703.2145,988.2334,-107.02299,1054.7417,924.9757,-404.3923,722.17017,961.85095,-0.4925804,979.55597,907.4359,-13.7254505,811.4286,933.83716,13.698795,1033.0052,1274.2672,-344.11197,775.28595,1295.2856,-174.55728,992.1323,1131.4342,725.19104,838.24475,1137.6626,875.7529,980.5839,1074.5834,856.34326,843.1327,1093.9047,1002.27277,996.42633,1193.6038,1091.129,887.0362,1182.8887,1191.4401
ShoulderFlexion_down74.jpg,959.88495,449.55136,-361.40115,984.7953,427.58377,-321.04565,996.59564,430.714,-320.62964,1008.88184,433.9309,-320.82297,952.95844,418.7117,-326.54016,941.36804,414.79114,-326.64694,929.61444,411.1635,-326.3054,1019.49994,452.27457,-48.10004,913.8131,419.06967,-49.24923,973.6312,485.21292,-253.37346,931.6843,473.0366,-254.51108,1044.769,652.63654,63.577465,777.23285,571.69714,120.50341,1013.0113,861.2488,146.84831,687.82477,782.0279,318.19064,957.22144,1055.3341,-191.51334,607.60504,949.9335,25.484976,953.1818,1125.7313,-275.4949,578.4694,1005.65344,2.4318438,931.28906,1123.8665,-369.08975,584.05273,1008.609,-118.447525,923.30615,1094.2224,-232.34082,615.23505,993.78046,-20.573412,861.3704,1042.1544,-20.055271,705.66296,995.17804,20.387623,742.9047,1399.0131,-256.02817,510.42767,1301.7761,-164.8015,772.9311,1278.0066,750.4045,624.8088,1207.7979,847.74615,786.7856,1226.9008,874.35895,649.0721,1169.6674,972.08826,748.6028,1352.9718,1117.6154,636.94525,1294.1505,1166.683
ShoulderFlexion_down75.jpg,356.05435,365.73056,-418.606,374.2132,337.978,-376.02716,386.71692,337.05814,-375.75482,399.72137,336.05026,-376.25842,339.96118,340.56488,-378.45682,327.76334,341.006,-378.4323,315.60498,341.79788,-377.89856,417.39188,350.75592,-81.76126,303.56708,355.02707,-53.491745,381.68362,394.2073,-304.4407,337.2222,396.8903,-297.29672,506.57867,525.9217,8.707296,224.61642,547.3446,140.86656,552.3385,725.5032,-36.8213,226.7218,764.63965,417.45294,572.7987,919.9417,-580.4533,212.73112,957.9502,153.38672,599.60657,989.9904,-698.15137,206.125,1021.59595,178.46771,567.15204,997.55865,-783.41425,210.39536,1029.869,17.44017,548.42065,971.1929,-621.8746,237.11745,1003.2348,97.69617,476.92883,934.06683,-28.96708,307.03302,953.5341,28.835556,507.9745,1322.0657,-301.03186,254.25731,1312.284,-104.04184,482.5772,1187.5553,731.6322,317.4783,1173.4475,984.15625,473.30557,1135.9524,857.29285,323.77606,1139.6418,1118.1881,490.08026,1256.116,1088.5269,361.9007,1218.8274,1323.3158
ShoulderFlexion_down76.jpg,876.9097,370.53903,-441.9025,895.409,341.84033,-404.17987,907.5132,342.0739,-403.97235,920.0997,342.26035,-404.2319,862.3507,340.6306,-408.65387,849.8726,339.4827,-408.7181,837.3249,338.65408,-408.1608,933.7567,357.2464,-147.109,822.5987,350.1295,-157.06691,897.64886,402.66083,-341.5043,853.88763,400.83524,-344.81354,1008.19403,539.42847,-29.879381,731.6929,527.99774,7.2986894,1020.89966,766.5245,91.537704,707.9532,756.91156,162.94724,1031.8134,963.95905,-141.07796,676.9879,939.7175,-72.65682,1049.0024,1024.9193,-204.30505,662.27106,997.78156,-103.11596,1034.4397,1030.8615,-292.09488,672.8655,997.9495,-211.30067,1015.1069,1007.27673,-177.06607,695.5245,976.06146,-115.4851,939.15753,969.8316,-7.6577396,775.84076,959.7444,8.459649,957.4562,1327.8779,-162.19237,708.4726,1281.9431,-158.52179,918.82184,1181.0027,862.2766,742.437,1159.1111,805.2714,910.8594,1127.2253,986.7649,749.61945,1116.1359,920.74976,910.126,1261.2875,1216.6456,765.532,1245.1064,1107.2979
ShoulderFlexion_down77.jpg,817.59955,319.27167,-301.0372,835.1926,289.36658,-262.85342,848.20605,288.1292,-262.33365,861.6769,286.8447,-262.62183,800.64105,291.5636,-266.36844,788.12744,291.70886,-266.58685,775.55884,292.21286,-266.3859,880.1499,298.6043,19.203352,765.43115,303.03613,32.12956,844.5109,348.22818,-187.92528,800.3765,351.0865,-184.76631,965.697,483.68747,125.15976,679.3662,479.70154,209.3645,995.642,680.6366,105.78019,644.5582,692.1303,444.9851,986.4931,890.12,-365.5024,618.3744,878.6537,122.13466,1006.31104,967.4829,-460.32913,608.76276,945.25336,99.51218,975.2679,970.6843,-555.3196,607.68396,944.41486,-28.258612,960.2683,940.2198,-409.1374,631.8609,920.1965,74.32464,890.4837,909.87714,-14.693953,720.302,904.3917,14.646974,883.452,1290.8486,-323.2179,612.58154,1241.6373,-175.08424,870.7498,1145.286,769.2639,719.2384,1124.3705,872.4788,869.08374,1087.4954,903.09467,736.4491,1082.7137,998.38245,868.97534,1211.089,1134.3794,759.28357,1198.5425,1176.5286
ShoulderFlexion_down78.jpg,382.28763,317.80432,-192.4996,400.99658,290.61215,-159.81612,413.22223,290.49878,-159.53854,425.8857,290.25824,-159.75475,369.53397,290.0896,-154.85861,357.78046,289.19592,-154.9907,345.95496,288.59714,-154.59262,444.30865,303.7166,42.646984,336.74158,299.02222,78.08132,406.3749,346.54675,-115.15159,363.44592,345.53864,-105.865395,525.37524,467.7786,94.25179,262.15466,461.23322,178.79865,556.8711,672.2488,119.40075,232.83888,666.5847,267.92508,583.2076,859.9024,-55.146065,208.67162,830.1339,59.560246,606.2404,916.9912,-98.36142,194.6546,882.45917,39.516724,588.38776,924.7363,-169.52571,205.84431,885.5049,-42.91336,566.93384,905.4136,-84.47323,229.20665,868.7604,25.935804,463.26736,847.8842,-23.470654,311.32086,842.38654,23.95594,456.55893,1190.8448,-203.40634,260.43878,1145.7053,-139.32883,429.095,1060.9113,675.36993,320.227,1045.676,708.03503,423.56808,1009.6055,785.6118,328.0164,1009.73883,811.2346,420.08682,1134.3372,1005.9292,353.07935,1116.5526,985.99744
ShoulderFlexion_down79.jpg,318.96518,335.2989,-137.03131,333.61615,302.93015,-113.70485,346.32983,300.60114,-113.541756,359.46744,298.05884,-113.896774,301.30698,307.63757,-102.15792,289.1221,308.53967,-102.22414,276.9909,309.64313,-101.76699,380.76965,306.8883,57.13176,269.92508,319.8827,120.83351,348.42548,359.0529,-70.96521,303.88815,365.0865,-54.002167,487.17172,454.04355,94.9101,225.26492,492.05606,199.58252,557.5666,650.03046,117.73212,232.94383,707.56647,295.1787,619.67004,833.7113,-13.774598,238.12823,877.87213,105.5814,651.95044,886.0916,-44.963577,234.15681,929.7212,95.595764,634.90704,896.40985,-108.17694,242.66153,933.66705,21.401344,611.1374,881.1145,-38.670303,262.89844,914.891,76.166504,487.84924,835.9135,-21.492062,340.2748,860.83124,21.897617,552.2908,1184.0667,-236.59863,357.58127,1200.4166,-171.49316,501.6864,1067.8534,534.3258,393.51273,1078.2493,602.30457,487.36707,1022.64746,631.9608,392.62567,1038.8777,696.48584,504.40268,1137.2732,841.6861,444.4604,1136.7816,877.1454
ShoulderFlexion_down8.jpg,1518.1833,844.4372,-587.30493,1560.6547,813.8909,-522.9496,1580.4967,820.14105,-522.9604,1601.0745,826.21124,-522.6933,1506.9614,798.55365,-515.0832,1487.3962,792.60284,-515.0424,1467.669,786.8755,-515.4905,1623.6389,871.25134,-170.79486,1440.4926,814.6534,-110.11773,1544.1346,911.7421,-456.06436,1469.1096,888.63116,-439.84897,1668.5421,1211.7373,-20.19318,1211.9199,1059.1603,-32.058937,1609.4398,1576.1078,38.207394,1045.9012,1399.3323,1.0612333,1486.3281,1906.9967,-295.23117,886.60626,1729.677,-278.91742,1459.3491,2022.2367,-379.9273,820.1181,1827.2734,-333.04056,1422.9551,2006.3243,-503.14737,847.5122,1846.033,-487.27795,1414.9692,1957.5923,-345.043,899.4894,1822.8148,-342.80365,1316.5405,1862.35,7.110973,1049.5928,1767.4434,-4.7486963,1136.1637,2416.5803,-74.85125,887.4758,2336.95,-89.57794,988.97406,2879.1667,359.31854,782.7723,2844.3645,362.8258,954.22284,2917.8496,375.66483,796.442,2910.2542,375.81332,940.88806,3108.4836,-43.011093,665.18726,3051.444,-84.36266
ShoulderFlexion_down80.jpg,479.80325,316.6604,-212.34572,506.0354,293.45065,-191.19778,518.2629,297.13995,-190.91087,530.9357,300.8188,-191.027,475.21246,282.89407,-186.33972,463.40576,278.1002,-186.5601,451.54813,273.4882,-186.3821,542.0996,318.47067,-30.499645,436.48355,280.10754,-1.1493261,493.75964,351.2962,-150.2311,449.9525,336.3534,-142.52594,564.05237,493.8794,17.129023,321.93335,408.34027,54.3138,538.65204,700.374,42.489216,231.54521,599.83887,123.12157,516.77454,896.06104,-17.296669,160.25175,756.2574,31.175634,524.39246,955.5643,-27.028967,130.875,797.466,35.776558,506.45728,960.89734,-84.18461,142.3472,808.41254,-23.714947,490.5244,938.43604,-39.790752,168.47997,802.0908,9.617463,408.34882,826.1325,-5.2178006,272.013,779.4448,5.3960586,322.50858,1150.9008,-170.09233,144.87082,1086.427,-147.3628,320.19882,1027.0133,502.41168,221.13278,989.1981,547.54456,325.1719,981.29803,587.90466,237.65944,954.7706,631.9118,289.6546,1092.4269,776.8484,232.07051,1061.2958,801.67523
ShoulderFlexion_down81.jpg,504.4619,315.3566,-290.6536,520.8594,286.8,-262.72498,532.9131,287.0231,-262.42142,545.41296,287.1219,-262.63165,488.98203,284.93512,-264.38675,476.3644,283.58725,-264.4812,463.6891,282.49197,-264.15646,555.3749,300.95624,-54.63789,446.7703,292.92178,-41.18849,524.03894,344.42126,-210.10413,479.48218,342.07132,-207.76035,626.72107,459.75354,-3.5342405,361.22488,460.51434,66.17829,656.63824,646.14087,-12.325372,338.6144,674.27356,190.45767,679.78595,829.94415,-216.57314,312.68515,850.8896,66.95236,702.3367,887.65015,-251.45444,296.7297,902.3714,91.85596,688.37976,900.48846,-318.4395,306.2241,915.19354,-0.6089405,668.2511,881.96265,-246.68669,333.51364,897.714,35.151386,595.99414,829.8876,-32.103447,443.66867,835.1748,31.976664,580.32745,1167.6658,-254.76512,371.58875,1184.5264,-148.47224,575.9636,1033.547,516.31586,460.4686,1025.2457,668.603,571.1393,978.49133,617.0008,472.55502,982.95105,772.24457,577.0154,1118.9395,849.9822,497.71365,1076.0591,975.62775
ShoulderFlexion_down82.jpg,383.3123,314.15042,-315.7471,400.67145,285.5717,-284.10916,413.09793,284.8891,-283.86823,425.95483,284.11996,-284.14206,368.60425,286.48566,-277.7415,356.49753,286.17596,-277.86526,344.3236,286.13965,-277.45096,442.43118,298.3042,-81.349556,334.3138,298.67065,-30.36351,407.69156,342.71335,-237.67639,363.64346,343.77124,-223.80609,521.2521,464.90485,-9.028127,258.0585,463.14304,105.58589,557.9391,656.83936,13.224552,224.1615,665.4256,276.49527,582.2453,851.42914,-198.09787,201.61171,830.76764,95.03062,602.33,911.11505,-255.18716,190.37946,880.30505,90.88771,584.9625,918.5412,-328.0099,194.95691,886.7361,-2.8719316,566.1538,897.30493,-229.95407,218.5147,871.1304,57.939472,462.17743,834.02594,-28.463486,313.5482,832.2914,28.623802,449.893,1167.2241,-195.10896,271.032,1172.7711,-113.557175,440.2353,1073.7546,655.0521,330.4873,1054.2438,733.5775,434.5842,1028.7987,758.1767,339.114,1018.0185,836.07513,437.31976,1159.9424,923.2771,361.85358,1118.1149,993.4529
ShoulderFlexion_down83.jpg,329.8412,268.4401,-223.25377,349.18002,240.54431,-196.79936,361.94803,240.25516,-196.48154,375.13843,239.8321,-196.66411,316.9395,240.35431,-187.16693,304.89108,239.62468,-187.38585,292.78824,239.15842,-187.0218,394.50168,254.10368,-17.539925,284.56635,250.74734,39.86088,355.21857,297.25858,-155.10606,310.55606,296.93906,-139.39246,469.9348,416.28162,27.225409,214.19456,408.37738,129.78041,499.53036,618.56525,36.45553,182.18074,610.2533,250.26129,530.2595,806.784,-81.82762,150.88475,777.34595,99.00841,554.3875,860.7672,-107.43864,134.07732,825.94543,100.646576,539.5017,871.6375,-171.12674,143.75922,833.1212,20.269037,518.1398,854.8429,-107.31612,168.77327,818.99097,67.38672,410.39468,782.5477,-21.52264,262.11856,776.22,21.688309,418.47134,1122.4902,-184.92207,211.78546,1110.4781,-146.53809,382.56445,994.9456,617.12616,269.23444,976.7316,645.24335,374.901,941.44196,718.38776,278.32898,933.732,742.90985,368.33704,1079.6638,917.32086,300.7279,1046.632,917.77875
ShoulderFlexion_down84.jpg,200.81422,171.16565,-225.64388,206.33463,158.9956,-214.14426,211.21385,158.29878,-214.10413,216.27748,157.50967,-214.06114,193.34636,160.8544,-213.25642,188.3722,161.38692,-213.24734,183.39824,161.99574,-213.34349,224.69536,163.54118,-131.382,179.31186,169.07903,-122.394684,212.2192,182.60489,-193.28159,193.95953,184.9125,-190.31058,265.04715,233.35323,-81.16711,154.64308,240.34831,-80.83934,281.98602,322.8719,-51.065266,153.78265,333.3434,-52.065563,287.48813,407.6956,-93.78564,152.09012,420.05652,-78.94144,293.5878,433.17563,-103.24844,148.17429,446.4799,-79.864655,285.3727,435.11218,-131.72955,153.53928,448.1419,-113.30988,277.626,426.72974,-103.494965,161.50548,439.46228,-91.69475,245.2445,411.57767,-1.1669234,183.09346,412.20456,1.5148047,245.10306,530.1188,23.301388,186.44643,530.3442,23.12179,249.0563,627.96326,141.26015,195.18402,634.29626,157.2611,243.21992,637.42377,146.28113,201.33173,644.3054,162.67899,263.69,678.5299,33.324814,189.16676,688.7418,47.85721
ShoulderFlexion_down85.jpg,157.67313,182.20671,-183.18797,161.07709,168.67596,-173.67009,165.77275,167.2378,-173.64293,170.62224,165.6786,-173.62375,148.61467,172.38457,-172.57982,143.75615,173.60843,-172.57599,138.90501,174.90146,-172.64197,179.59837,170.24655,-103.46057,135.83339,182.36612,-93.74308,170.56728,191.93663,-155.47266,152.96425,196.90924,-152.43546,230.22484,232.34761,-61.666473,123.4808,257.05295,-64.100174,259.44632,318.37082,-39.631878,140.02032,348.57773,-47.075047,282.81116,399.76495,-71.31808,152.8505,430.75043,-69.00396,294.9163,423.13412,-78.72657,152.62291,456.53253,-69.73202,288.2331,427.1393,-104.99062,158.73753,457.1455,-99.34621,278.56555,420.5512,-80.47098,165.26492,447.3508,-80.24827,243.30957,409.12012,0.3673014,183.7125,420.4717,-0.047719494,264.01242,529.18896,19.983057,206.88458,537.57855,10.492375,284.92545,624.006,110.49055,230.68623,634.22845,135.33847,281.0496,632.368,113.942276,237.02217,641.2231,141.04758,304.97607,676.17615,16.399803,238.06194,690.87714,45.227962
ShoulderFlexion_down86.jpg,271.57016,173.78755,-225.1784,280.81625,163.09442,-213.73346,285.79675,163.93947,-213.7039,290.96085,164.74258,-213.66336,267.74017,160.73798,-213.01135,262.75375,159.60585,-212.98589,257.74252,158.54099,-213.05946,297.18927,172.57803,-131.02588,251.58858,163.46503,-122.090256,279.0973,188.01077,-192.74963,260.74225,184.42949,-190.00996,316.07968,250.16348,-77.94687,205.88193,224.85722,-81.95804,305.11917,340.98212,-47.051933,179.79697,315.52347,-52.476288,289.66916,423.35278,-99.420235,157.14401,398.73273,-81.680695,289.38583,449.62515,-112.4844,146.38812,423.20056,-83.786674,281.54846,448.92624,-141.46959,152.12962,426.27158,-118.20695,275.79425,438.7153,-109.84154,162.51358,419.91998,-94.58383,249.73383,415.95944,0.14494993,188.73502,399.90286,0.2118997,215.78717,531.9041,24.314972,158.71773,515.39276,17.292366,193.19937,624.3776,140.26234,138.22984,614.3909,156.93474,185.97745,630.31177,145.285,140.74799,624.1253,163.5311,187.00533,679.7875,36.850124,121.26442,668.69366,54.448914
ShoulderFlexion_down87.jpg,279.4845,175.71712,-239.29079,285.9149,163.87535,-225.33846,290.77966,164.19124,-225.3059,295.8159,164.4267,-225.28513,272.5799,162.91772,-229.14319,267.09763,162.3043,-229.11871,261.5959,161.75203,-229.16788,298.9083,171.46344,-128.57982,252.13463,167.47527,-140.30008,286.37686,188.77374,-200.86723,267.3283,187.21283,-204.06544,321.99268,240.03304,-74.95313,213.05363,235.8763,-85.76291,331.93616,330.82352,-37.947803,202.21332,329.78415,-55.683872,329.42532,416.824,-88.35712,196.88405,412.51843,-91.38362,332.25363,442.35257,-102.13677,191.47658,437.5815,-97.47866,324.6619,443.84158,-127.98408,198.0505,439.0865,-128.38596,318.0646,435.13843,-98.98839,206.4502,431.1812,-102.8808,293.13455,412.16458,-2.4502478,232.43295,411.86334,2.7550845,287.61707,528.1504,19.726515,229.64706,528.89496,14.922735,281.5133,626.7771,137.48756,228.94992,629.1164,166.9022,275.47882,635.4789,143.50183,233.97539,639.4649,175.09076,287.49673,681.1879,38.025852,217.23659,682.6407,70.339485
ShoulderFlexion_down88.jpg,203.21227,170.07599,-245.7578,209.13101,158.0502,-232.83873,214.04626,157.67201,-232.81439,219.14316,157.20366,-232.79091,195.80782,159.08205,-233.94144,190.64526,159.292,-233.92546,185.47595,159.5829,-233.98076,226.09514,163.74849,-138.52367,179.56934,166.51022,-139.6212,213.30595,182.28458,-208.41464,194.70688,183.43945,-208.36996,262.17783,233.99112,-80.96482,152.25713,238.81009,-86.86237,279.68375,326.0312,-43.852165,153.31712,331.55997,-52.54903,287.2437,412.8896,-78.832405,152.0948,415.64938,-88.43998,293.4637,438.0609,-85.20623,147.86977,441.78717,-93.37903,286.89966,440.76093,-115.31236,154.03029,442.9299,-127.029106,278.854,432.6429,-89.30261,161.8041,434.46426,-101.451485,244.99121,414.29965,0.8932764,183.24942,415.96356,-0.61342233,246.28009,532.14014,32.86843,188.3241,533.0789,26.649595,249.7827,632.0854,160.13733,194.55254,633.9887,182.10574,242.91133,642.5911,166.98007,200.62048,644.11456,190.53946,267.6862,681.78485,56.868366,186.13979,687.4942,81.06253
ShoulderFlexion_down89.jpg,152.53073,124.967545,-279.77206,158.06502,112.68771,-266.39838,162.82117,112.12231,-266.38593,167.74246,111.46583,-266.35577,145.03076,114.04731,-266.40283,140.06133,114.30102,-266.33524,135.0828,114.63604,-266.35345,175.08392,116.74745,-166.42694,129.87827,120.63963,-160.64185,162.9008,135.98024,-240.21095,144.99876,137.51466,-238.377,212.69638,184.52907,-99.718094,103.692894,190.1194,-99.04052,226.57787,275.95514,-67.024284,103.686714,282.3937,-56.27598,236.39267,360.57178,-123.66891,101.9246,365.4787,-102.92331,243.06358,384.76184,-134.95,97.99117,391.20978,-109.85715,237.80212,387.08496,-168.08633,103.66038,392.5269,-146.77327,229.7104,379.4196,-135.74086,111.4617,384.12872,-117.12984,195.86163,361.36523,-2.6474028,134.11932,362.66025,2.9811888,195.59068,481.04422,25.215483,139.05136,480.7144,30.39082,198.34044,579.2789,175.86058,146.57878,582.62225,196.89998,192.54372,587.83563,184.16187,152.27263,592.33014,205.84862,209.81943,632.64496,60.93745,141.6734,637.5546,82.48563
ShoulderFlexion_down9.jpg,1010.5027,760.1515,-1023.169,1036.1515,727.05255,-937.1396,1054.9478,728.53986,-937.0308,1074.343,729.59436,-936.836,980.06274,726.2615,-950.0003,959.4703,726.19836,-949.7671,938.8673,726.3918,-950.01215,1092.322,770.5821,-438.0036,906.49585,765.9269,-498.09476,1044.2727,820.56085,-837.9739,969.7082,818.23444,-856.69666,1236.0692,1086.4868,-162.30618,765.3934,1093.1337,-288.01147,1335.876,1448.8866,40.81594,749.6886,1476.8297,-283.92786,1379.2346,1805.9552,-417.22583,755.3022,1806.5029,-731.868,1405.2266,1919.4421,-529.13654,739.77466,1915.8733,-840.51965,1368.8673,1927.8866,-682.5384,775.3303,1917.5619,-995.10974,1338.3491,1887.5258,-484.25726,804.3989,1875.4706,-797.6645,1208.957,1788.279,52.83184,926.2912,1810.5944,-50.633415,1192.2241,2362.4792,42.38845,969.8633,2404.5784,-163.00569,1182.8342,2899.2231,522.7957,1005.4284,2933.6218,368.27362,1152.5298,2973.7844,537.3171,1027.2441,2993.097,376.23587,1260.6727,3086.3682,-18.480972,1013.84735,3150.0552,-244.658
ShoulderFlexion_down90.jpg,239.15999,175.09656,-258.9834,245.23273,162.68115,-246.66513,250.13432,162.40974,-246.6395,255.19641,162.04652,-246.58815,231.82474,163.28703,-248.9987,226.61028,163.3123,-248.97644,221.39313,163.4055,-249.02571,261.44547,168.25484,-154.83307,214.79242,169.64761,-162.03906,248.58057,187.24037,-222.72029,230.09262,187.83604,-224.64851,295.73132,235.69151,-93.61793,183.34169,241.18585,-118.69433,308.30817,326.70013,-59.870457,180.95317,336.31357,-100.9499,313.9046,415.32025,-110.96882,183.23514,423.445,-128.06084,320.176,441.44702,-125.17049,179.38255,449.30408,-133.07138,311.81253,443.6489,-154.41782,186.93669,450.69803,-164.77438,303.87473,435.04846,-122.240456,194.75533,441.78027,-139.63455,279.8112,410.3209,8.409782,217.67908,413.1325,-8.125303,278.05838,531.53796,29.977697,219.81656,533.5761,1.4652921,277.31525,630.90674,133.65619,223.5765,634.5503,139.79465,269.60333,640.0765,137.52417,227.34306,642.90454,145.92981,294.42697,682.5613,31.650894,224.62686,690.77875,36.016117
ShoulderFlexion_down91.jpg,202.1918,177.30482,-173.75653,206.35674,163.13655,-164.36667,211.2293,162.04825,-164.36363,216.2376,160.84369,-164.35463,193.30698,165.79298,-165.01703,188.1073,166.59451,-165.00757,182.91103,167.4586,-165.06615,223.52711,165.9871,-92.49506,177.83536,174.53299,-91.11505,213.62794,187.9509,-144.92204,195.20921,191.53154,-144.45999,267.57846,227.27888,-51.448418,160.70918,250.4309,-63.1044,296.04123,314.92352,-31.342428,177.82205,345.1457,-51.115326,315.17807,399.87595,-58.1061,193.41599,430.03473,-67.81655,325.4669,424.34436,-65.35071,193.40982,456.112,-68.58354,318.77597,427.46686,-89.02709,199.91136,456.86444,-96.85955,309.85455,420.10635,-66.659424,206.44159,446.63663,-78.06195,282.00723,402.13556,3.3932161,223.1314,414.1793,-3.0846858,301.58728,523.1366,15.936295,243.64796,531.9346,2.5768805,318.17557,619.736,93.18802,264.70795,628.9309,118.77159,313.60837,629.1181,95.498695,270.9422,636.9255,123.68552,338.06134,670.63,4.3564596,270.3182,683.89746,33.3128
ShoulderFlexion_down92.jpg,295.0127,185.94708,-179.11612,304.50296,175.49055,-168.72653,309.3041,176.58623,-168.72095,314.28323,177.64189,-168.69531,291.61108,172.37051,-169.65079,286.65405,170.94363,-169.65895,281.6747,169.56606,-169.7285,318.67728,185.40703,-96.69043,274.1615,173.89095,-96.32552,300.9268,200.40019,-150.5339,282.956,195.87338,-150.35185,332.88596,261.3828,-54.50348,224.32225,234.6627,-70.47302,319.73486,352.21622,-26.902452,195.48914,326.6506,-58.341843,299.2729,434.01544,-63.46451,174.17262,408.00537,-73.13043,296.86188,459.95966,-77.1603,164.22185,430.89285,-76.3403,288.42764,458.6922,-99.906586,170.27873,434.30917,-102.65727,283.83655,448.4985,-72.137184,180.01332,427.91525,-82.75444,268.37497,423.66425,5.414042,208.31448,408.47284,-5.1355205,236.20988,544.1852,15.253331,176.2958,527.85767,2.4313617,211.94453,638.8406,105.94315,153.05544,624.60614,128.89665,204.24402,644.0242,109.39903,154.15282,632.54443,134.91681,206.25572,694.6004,13.033413,140.60736,680.69366,37.979336
ShoulderFlexion_down93.jpg,221.21588,176.39378,-223.6538,228.30765,162.992,-211.48166,233.4174,162.83994,-211.49318,238.68329,162.60507,-211.47215,214.58292,163.09598,-210.84544,209.20537,162.80676,-210.77136,203.8124,162.58014,-210.76389,245.12411,168.77606,-122.68052,197.28001,168.13654,-112.54247,230.73721,188.62244,-188.58319,211.27219,188.42299,-185.59424,275.40494,240.46292,-75.256004,164.30305,237.79652,-54.890865,282.96973,332.7987,-49.661793,154.30423,329.85632,-22.865286,277.43735,418.73413,-108.3683,148.84657,412.0164,-76.933975,280.62936,444.83475,-129.593,143.36954,437.70706,-87.07086,270.8143,445.8274,-153.05455,151.40813,439.19778,-119.42352,264.26178,436.1651,-117.777626,159.88165,430.44064,-89.35543,245.1787,411.8918,-11.552791,185.07196,412.1755,11.920808,239.06326,528.8065,3.0078342,181.28151,533.1741,21.559498,234.70125,628.17206,114.82932,181.47192,635.1229,162.92143,231.55725,636.58777,120.18435,186.60962,646.1027,170.32445,231.92616,682.38544,20.484213,171.34117,687.6212,70.951515
ShoulderFlexion_down94.jpg,237.10646,175.24138,-189.04137,243.202,162.51274,-178.95876,248.10535,162.08932,-178.95273,253.16736,161.58044,-178.93315,229.98836,163.40298,-179.37415,224.89774,163.50539,-179.36272,219.80182,163.67409,-179.44252,260.15085,167.04141,-103.10611,214.28412,169.37198,-99.808914,247.1261,186.85844,-158.6912,228.94722,187.88661,-157.57158,296.84543,233.76373,-59.050533,184.55026,239.68951,-69.02985,310.11157,324.3844,-36.04029,183.89713,335.00403,-50.940777,313.30484,410.81662,-76.058105,185.0553,423.2837,-64.38455,318.6567,437.6606,-87.121124,181.14192,449.81458,-62.241962,310.16608,438.727,-112.043465,186.88081,451.85733,-93.80845,302.56375,429.53967,-84.81782,195.24275,442.65515,-75.72482,280.50128,410.35916,3.0592697,218.37813,412.09348,-2.718509,279.50244,531.4417,17.091322,219.47948,531.3507,11.296718,279.34814,631.6129,103.58442,223.48569,633.9255,124.93058,272.43323,641.0672,105.9644,227.61932,643.92584,129.08427,293.02817,681.65906,4.883487,221.69052,685.8685,26.63423
ShoulderFlexion_down95.jpg,186.43994,125.566666,-223.60359,193.23595,112.94451,-212.44556,198.23187,112.66698,-212.43405,203.38475,112.29504,-212.39342,179.97008,113.49753,-212.28519,174.89801,113.46772,-212.25882,169.81822,113.50799,-212.31715,211.04022,118.27235,-130.86896,164.7928,119.38242,-125.53227,196.6704,137.52399,-191.46107,178.13426,138.08064,-189.77332,246.56755,185.44073,-79.61614,134.24603,189.93066,-86.94157,259.3022,276.60455,-51.551594,128.99701,284.87622,-66.451126,262.6786,365.44623,-93.24005,133.43094,374.51093,-94.591484,267.83264,392.04425,-107.08398,130.41876,401.7204,-100.66513,259.1882,393.48776,-133.16411,139.19861,403.18936,-130.7936,251.83835,384.51913,-102.756996,147.10968,393.82562,-105.67341,227.15204,361.16946,2.0767686,165.20216,362.38,-1.7761381,228.00978,484.12283,13.3934555,166.26323,481.53525,8.639131,229.2468,581.0448,118.00423,173.26848,581.2906,139.07423,223.08058,588.68713,121.98005,178.42416,590.0965,144.71518,239.65842,636.0622,16.562996,170.23894,637.1461,37.757397
