ShoulderFlexion_up0.jpg,1571.0455,1265.424,-1361.3966,1637.4855,1200.497,-1268.2343,1670.1385,1206.5642,-1267.305,1703.9467,1212.4347,-1266.8027,1554.4371,1181.3256,-1264.9897,1524.2958,1171.5065,-1264.0476,1494.2897,1162.3221,-1264.7941,1757.2487,1249.35,-688.42084,1468.1859,1178.8812,-668.38666,1623.325,1340.5618,-1146.079,1508.3959,1312.6511,-1140.2788,1865.3184,1617.1558,-285.6547,1311.035,1393.0098,-491.62082,1937.5167,2047.4521,-133.30626,1285.0227,902.86615,-701.4847,1957.5425,2496.8982,-476.1899,1346.6083,462.99966,-881.28485,1980.865,2615.9863,-521.13556,1365.1941,325.95575,-1025.7473,1962.431,2649.6963,-674.0751,1398.0048,342.16693,-1027.8192,1914.7192,2602.284,-548.3733,1418.747,390.4054,-927.25964,1710.1532,2426.9211,8.601691,1376.1691,2417.1453,-4.2538905,1682.13,3091.2024,-55.674232,1418.045,3079.1777,-126.39512,1642.4095,3587.531,824.1452,1535.5414,3596.5862,856.49725,1607.8192,3628.8916,875.9741,1595.4353,3643.2017,915.0276,1640.84,3931.1238,325.66705,1480.1207,3920.271,312.74127
ShoulderFlexion_up1.jpg,1448.5559,1261.7001,-1673.1915,1490.072,1182.3954,-1563.6967,1521.0265,1180.0464,-1563.1599,1553.0737,1177.3495,-1562.8594,1407.0836,1185.829,-1571.4652,1375.7239,1184.1396,-1570.6068,1344.6677,1183.1311,-1571.3932,1599.7764,1202.0474,-909.8377,1314.8756,1209.4454,-903.5765,1510.7607,1323.3014,-1431.016,1398.5082,1325.7809,-1429.9276,1782.0781,1573.3704,-465.5628,1217.8865,1467.6581,-581.0622,1913.1523,2035.7723,-334.27908,1107.6975,1056.6144,-748.32733,2022.3789,2462.191,-678.91595,1100.4755,571.78516,-850.01935,2066.2817,2560.763,-713.47437,1102.3298,418.70233,-982.98004,2073.481,2589.1292,-874.0764,1125.3905,425.20627,-995.8538,2016.8127,2559.1118,-755.35046,1149.6602,472.41733,-898.6594,1785.1866,2414.2424,-46.966145,1459.8734,2457.068,50.370087,1876.425,3110.3079,-156.61594,1575.3784,3107.8997,-141.81099,1903.4827,3585.2437,918.824,1786.8948,3611.351,1022.8027,1883.9872,3624.192,982.03467,1855.9037,3642.0073,1087.8246,1954.6063,3911.691,267.1029,1796.4012,3947.594,368.3468
ShoulderFlexion_up100.jpg,501.14487,388.49887,-756.0288,518.9235,363.91205,-717.78827,529.99615,364.66376,-717.7523,541.32245,365.4589,-717.19073,488.93835,362.80264,-715.63776,477.5221,361.91696,-715.74133,466.15384,361.38086,-715.9766,558.1411,384.14587,-461.2918,453.42212,379.00018,-446.31995,522.8823,417.579,-661.25385,479.02805,415.24106,-656.8927,614.13367,496.45978,-356.57965,386.63556,549.301,-297.07755,683.95636,331.54874,-516.62646,364.7877,729.91077,-256.7105,691.94586,116.70443,-615.44403,354.55682,916.0973,-398.60657,689.25006,44.23696,-682.89294,343.47214,968.0487,-422.67706,685.2419,36.412384,-668.70874,357.22498,968.96985,-500.85788,695.0034,63.2888,-627.69257,375.43646,946.28503,-428.4479,590.68097,864.3375,1.1755575,455.9545,871.2121,-0.8392596,567.5527,1152.3151,-21.562952,467.8444,1165.3772,-22.822596,562.11,1393.5618,253.68774,481.5225,1415.419,275.16287,551.12537,1416.6005,265.86447,486.643,1438.1748,287.44235,567.9915,1507.2936,11.737733,484.04987,1535.7092,8.649089
ShoulderFlexion_up101.jpg,453.91794,335.77466,-847.8631,469.87836,315.25763,-793.13165,480.02945,316.08942,-793.0117,490.4087,316.9004,-792.541,440.49493,314.5663,-794.5722,429.69675,313.83664,-794.7719,418.98065,313.45654,-795.2676,504.49295,334.96735,-483.01593,405.0665,330.1269,-486.15396,473.6399,363.2456,-736.7421,433.11246,361.10333,-738.16766,563.38745,439.80124,-362.3695,333.0988,492.50928,-317.77658,623.3429,294.945,-535.2127,296.3571,664.54315,-256.23248,627.24677,74.1076,-694.6523,294.51636,854.03564,-432.97217,627.6281,3.2073185,-778.16364,284.54028,906.2299,-455.65497,628.4624,1.4466494,-765.9766,302.6019,906.58234,-551.0108,629.1371,26.72753,-707.6567,321.7922,883.4366,-469.94528,542.9459,807.9224,-7.6698527,405.3939,813.90265,7.8975477,516.0375,1102.8523,-24.894535,415.00095,1112.4634,-25.272486,509.62372,1361.5106,290.01544,413.95944,1368.6604,307.23026,499.88257,1386.2465,303.8444,419.58264,1393.5988,321.8057,507.9118,1480.1456,-15.15542,413.45416,1492.2201,-11.0261545
ShoulderFlexion_up102.jpg,572.17004,467.80432,-775.90466,591.8017,444.72696,-730.5081,603.22485,444.9865,-730.0704,615.2422,445.17654,-730.3021,560.4893,444.99344,-733.29004,548.8179,444.6435,-733.2212,537.20514,444.89706,-733.30896,634.18726,465.87744,-456.18683,527.7294,461.9453,-458.39005,594.282,498.8177,-676.4883,553.12897,498.70215,-675.953,703.25543,643.756,-266.66574,472.65204,580.69635,-392.50287,737.44116,836.7013,37.486732,463.27722,384.99835,-723.7584,720.6286,1039.4701,204.52783,481.02835,171.97069,-915.9751,723.8416,1100.2797,264.34647,493.13037,109.40888,-1004.3477,707.93823,1109.4233,172.24211,490.1447,116.70575,-983.9395,692.5876,1085.9912,180.76166,497.3813,143.69788,-928.122,613.75354,1016.166,-2.240027,461.20908,1017.1655,2.8390477,618.6149,1370.6892,-112.80269,395.53503,1350.6964,-39.744724,621.4999,1329.5265,819.8318,462.83826,1328.7247,986.6187,622.2955,1297.5658,922.36487,475.47742,1302.7307,1095.163,603.747,1409.329,942.26,502.67215,1409.0105,1093.5776
ShoulderFlexion_up103.jpg,513.07227,453.8366,-782.22504,528.91016,428.35162,-735.87646,539.9771,426.70953,-735.5059,551.606,424.92264,-735.79974,499.21683,433.8559,-739.3274,487.99896,435.5291,-739.24603,476.94824,437.79678,-739.2703,574.58386,444.1887,-466.79663,472.68402,458.2102,-473.40866,540.89667,481.15726,-685.8561,500.60208,488.15717,-686.5863,676.46545,608.54944,-279.11264,440.49023,587.5546,-429.65134,752.5835,799.79016,-1.3039603,405.1247,399.2931,-827.28827,769.69464,999.0183,118.92199,380.87094,177.76155,-1046.7261,781.82324,1055.3547,171.36899,379.38428,110.341545,-1139.7432,772.2336,1067.0431,82.1316,377.10846,119.66524,-1114.995,753.3936,1047.3451,93.95189,389.1343,146.55162,-1057.9895,642.7813,985.4112,-2.078892,495.07855,1008.9782,2.4206555,694.84546,1324.0411,-99.527054,475.16098,1357.9541,-63.909954,712.9947,1282.0304,828.4358,544.21265,1283.473,976.61847,712.8923,1248.3844,933.15936,554.2208,1248.0217,1091.545,716.31995,1370.61,983.70715,588.8391,1356.3257,1140.757
ShoulderFlexion_up104.jpg,649.73627,513.7931,-725.0133,677.68225,497.4992,-685.1472,688.71704,500.93106,-684.6758,700.3035,504.5194,-685.0157,647.5465,488.34418,-685.3769,637.1216,484.4634,-685.325,626.6026,481.1848,-685.2698,716.5253,527.92316,-414.59125,616.9334,492.2144,-415.08908,663.7196,548.3905,-624.50275,625.7458,536.58325,-623.2821,741.7366,709.8716,-208.02182,533.738,591.98816,-378.6762,727.05225,911.345,79.169426,575.51227,405.6988,-739.74725,658.52924,1107.1185,219.99866,649.1903,206.72084,-942.5046,644.4558,1173.4875,274.04355,679.5642,152.54968,-1045.0343,628.757,1177.643,179.69781,668.2309,158.76225,-1023.9559,622.0372,1148.1663,193.68938,666.7798,185.2844,-957.2055,551.5948,1046.4631,20.131502,405.1443,1002.1685,-19.609535,454.74893,1411.6624,-109.62481,263.1528,1313.4185,-155.00833,476.90735,1324.0155,935.18835,339.54434,1266.0953,930.24915,491.46515,1286.9156,1056.6115,356.7502,1238.1461,1051.754,437.73737,1379.6532,1160.9939,360.50723,1346.5312,1116.812
ShoulderFlexion_up105.jpg,356.52933,475.31232,-632.5397,369.8953,452.52344,-568.14044,380.53458,452.68378,-567.60803,391.58777,452.9445,-567.62885,335.67752,454.97897,-581.0091,323.13617,455.49405,-581.75476,310.7923,456.43,-582.1523,397.6454,471.26575,-216.2999,287.66074,474.7769,-259.70883,373.86115,504.92923,-503.3353,331.85104,506.53107,-517.832,455.78854,572.3936,-162.37361,209.08261,665.43274,-73.26433,481.67004,346.28635,-244.80643,209.99426,864.54114,187.62317,449.11926,133.9776,-376.8701,215.7976,1065.1094,74.86147,440.3611,73.235695,-457.20178,215.32822,1112.7228,115.47153,443.89368,79.792786,-471.39252,217.0875,1115.2751,-20.516537,445.39267,105.13513,-394.72925,234.27525,1093.1531,31.012096,473.43625,1013.37427,-20.468933,298.5326,1033.1111,21.197895,513.8827,1356.6665,-224.33127,265.215,1401.7296,-158.77852,483.95544,1303.0586,795.33844,316.91327,1297.9946,934.3989,473.2024,1274.4021,907.7452,317.3107,1265.1879,1057.9291,478.70023,1364.8872,996.2033,386.98615,1358.0701,1196.4163
ShoulderFlexion_up106.jpg,577.56226,476.4204,-349.19217,596.19293,449.2821,-306.98337,608.43176,448.75058,-306.14496,621.2472,448.27444,-306.4157,561.413,449.95056,-309.20166,549.18915,449.46088,-309.52988,536.98706,449.51913,-309.32956,639.6917,457.64188,-31.044022,524.93036,456.74786,-44.90344,599.7492,503.84735,-244.167,559.1158,505.13898,-246.08252,711.6921,624.13336,80.82964,479.7948,578.1395,26.866697,756.85223,842.07947,301.88632,450.2796,412.662,-198.64157,737.8227,1047.3478,377.9945,472.88812,216.23444,-205.24226,739.5422,1112.5052,383.99982,492.44965,160.32364,-268.93988,715.7728,1116.241,312.2084,487.14493,163.61475,-250.3781,704.3047,1091.5753,350.64743,488.62564,188.74335,-220.15134,638.3547,1016.25214,1.9862626,477.14923,1008.7187,-1.5897737,608.72327,1434.0253,-120.810875,410.23105,1359.0991,-169.1163,620.1018,1261.3855,995.5171,457.94598,1233.7468,888.3101,615.3429,1206.325,1137.1901,468.10962,1195.4954,1013.54956,614.7907,1327.9735,1378.2263,491.31024,1314.1492,1194.8512
ShoulderFlexion_up107.jpg,520.92957,425.18442,-788.94257,542.6183,400.95667,-747.1258,553.8697,401.41547,-746.6721,565.6667,401.8517,-746.9088,512.53467,399.85178,-746.94464,501.60208,398.7856,-746.86725,490.71182,398.34763,-746.8551,586.3432,420.20004,-472.82028,484.85724,411.7417,-471.85208,543.2226,453.95023,-688.2142,503.73932,452.2883,-686.6344,658.961,590.647,-256.74713,430.05753,526.9117,-412.05814,699.47955,792.6262,56.237553,417.76547,327.73865,-746.19336,686.4511,1003.29047,188.08302,435.94662,125.71754,-870.7807,690.6776,1065.0206,248.67076,449.70096,62.625153,-960.99146,681.13586,1076.3328,151.34789,440.3454,75.79708,-932.7437,664.39685,1052.483,160.10176,444.60974,102.63036,-880.87286,560.3693,956.9071,9.162542,412.66757,953.02203,-8.644258,552.4586,1322.3948,-123.644295,346.05502,1287.2969,-113.63407,572.589,1272.6127,886.3405,416.4745,1261.515,935.20465,577.1749,1236.2668,1001.0764,426.5798,1235.4001,1047.0043,561.9973,1353.7388,1043.5022,462.18665,1338.8444,1034.7683
ShoulderFlexion_up11.jpg,1459.9172,1707.2041,-2306.416,1512.8616,1623.6104,-2196.6304,1547.9473,1626.5555,-2196.041,1584.214,1629.5881,-2196.1929,1421.872,1612.1677,-2194.834,1386.0271,1604.2722,-2193.6123,1350.4316,1597.3127,-2194.178,1625.4802,1663.4346,-1500.421,1306.7783,1621.746,-1436.7921,1519.794,1789.1241,-2038.0035,1391.1476,1770.4341,-2018.0215,1791.0559,2143.6367,-848.1141,1132.8098,1887.9113,-1175.9913,1855.0471,2712.1392,-394.16788,1123.3068,1326.8113,-1513.3823,1814.841,3181.3994,-787.756,1175.379,649.0857,-1590.2411,1789.3339,3331.6023,-866.2278,1207.5983,454.49094,-1704.5598,1776.1176,3313.1738,-1005.5689,1218.4335,469.3695,-1710.9601,1744.1561,3247.582,-851.54517,1243.6462,530.6043,-1632.1444,1603.4218,3185.3962,-9.624314,1184.3823,3147.8357,17.505014,1513.0718,4095.994,69.376976,1261.3407,3993.1787,-165.81287,1478.6636,4750.4653,1201.6428,1275.4084,4707.333,1047.0988,1459.6321,4820.8516,1270.5996,1285.5834,4766.7153,1118.4084,1472.5565,5067.409,539.21265,1284.2749,5067.3145,399.97256
ShoulderFlexion_up110.jpg,698.17194,517.6146,-364.20892,718.6482,497.87436,-329.86844,729.50354,499.7467,-329.36395,740.8786,501.73373,-329.43057,690.29877,492.21957,-331.7764,679.56946,489.18765,-331.7794,668.87213,486.55515,-331.86578,753.53015,518.8783,-129.43716,656.41815,495.84018,-135.32867,714.39984,545.78235,-288.8984,674.87555,537.2338,-290.07922,779.8618,680.6131,-49.423603,598.68384,568.3334,-95.674995,786.878,870.4035,28.68389,625.0806,384.97412,-243.88608,731.0619,1047.5447,-37.714603,680.569,214.99347,-336.894,725.44574,1102.1196,-49.236534,697.8759,168.4269,-396.75882,704.5904,1108.8384,-104.66044,705.93195,176.75644,-395.3645,694.6943,1083.9662,-63.64522,706.0463,197.51299,-353.65024,635.5332,984.7074,-4.4996552,518.59216,947.0492,5.3138614,550.7015,1308.2776,-115.713905,430.89584,1214.4077,-80.16159,565.6739,1240.357,683.16205,458.22104,1191.4865,667.97534,571.37335,1206.1532,780.11865,467.26672,1169.6007,753.3017,549.96014,1306.7216,893.0848,462.92706,1264.5742,795.77594
ShoulderFlexion_up115.jpg,67.64316,245.86998,-132.60866,74.51036,232.40398,-118.98374,79.75178,231.23094,-119.06797,85.136856,230.05267,-118.941376,60.921032,235.98137,-112.659744,56.20653,237.06837,-112.65822,51.564987,238.33723,-112.748604,98.13502,235.3883,-34.757988,51.776436,246.39008,-0.031660568,82.70813,255.8986,-100.35672,63.39641,260.41983,-90.364296,139.96083,278.61902,-28.141548,40.71932,335.5689,21.227312,128.54231,174.03484,-102.17376,42.14275,434.80112,10.043042,98.952576,78.05522,-126.58511,43.481598,539.02344,-27.61544,92.69399,50.661884,-152.56332,40.068367,568.42474,-14.97034,88.4564,51.636475,-144.64891,44.438416,570.61536,-53.754765,94.942604,62.032394,-130.81566,51.550625,558.182,-41.70318,155.8607,482.45786,-20.820538,86.170456,496.66162,20.933811,174.65042,640.85767,-96.5419,115.213234,661.5115,-58.185432,193.73944,803.4891,-98.34333,150.87917,816.4848,-32.430496,195.54385,820.0841,-105.9291,160.57497,832.7692,-38.407017,190.83072,861.241,-208.85446,146.1158,872.79156,-140.79471
ShoulderFlexion_up117.jpg,150.2904,244.67761,-382.35898,158.61232,233.58461,-362.60464,163.49792,233.79955,-362.69,168.6325,233.96423,-362.80566,144.08704,232.94585,-356.74164,139.12506,232.3235,-356.45096,134.22968,231.82097,-356.44473,174.45822,240.969,-228.09398,127.99992,237.60942,-199.98055,158.201,257.8537,-331.76987,140.28014,256.18832,-323.64886,197.88776,323.65408,-156.64105,102.86229,289.5515,-116.68341,217.54039,427.5593,-138.56065,85.3685,204.74661,-208.31638,230.97557,537.7547,-195.23122,92.17523,101.95457,-318.8014,239.47864,565.2963,-215.55281,96.246414,71.038605,-360.29074,228.36897,571.9317,-252.01373,99.708145,71.38664,-366.33414,219.38858,561.50446,-209.39592,101.21569,83.01903,-331.50998,177.4382,489.7089,-20.83494,116.58333,492.3382,21.223684,165.22958,663.7259,-53.587975,117.72711,655.08936,-16.607471,169.15938,822.1987,74.12399,118.63938,807.7796,110.93927,165.0558,839.56586,73.6891,123.30936,824.82574,110.070946,164.84557,876.61774,-150.93002,119.41339,858.7834,-92.353874
ShoulderFlexion_up12.jpg,260.3,247.41093,-11.150234,256.8063,237.20032,-1.6472211,255.3702,237.50293,-1.5268134,254.08565,237.83208,-1.6279502,256.9858,235.75357,-29.705198,255.50772,234.68782,-29.653591,254.0955,233.83278,-29.74752,242.9414,238.63239,50.349995,241.77016,234.3624,-76.192345,253.33495,256.2953,8.786103,253.3511,254.2193,-27.574474,232.33598,276.8567,109.52287,216.11375,268.6643,-145.74785,257.10718,212.88307,178.25539,254.33832,200.39545,-231.13072,277.6829,152.79584,121.21257,271.66833,140.17143,-194.72345,279.17322,138.7319,114.75869,278.01706,124.58569,-222.56688,278.71704,134.16727,98.37207,273.83133,121.29717,-215.23195,278.4626,139.73352,109.032455,272.69986,127.93412,-191.39226,235.9072,419.5087,81.35972,221.65509,428.57944,-81.01536,314.33795,426.66498,180.80928,339.61157,459.74936,-126.80041,243.57649,451.6301,251.92252,258.50555,462.2538,87.00424,234.35297,449.06317,253.5601,246.72603,450.84555,112.109474,227.83429,449.87933,318.97046,240.26846,458.99915,207.4085
ShoulderFlexion_up121.jpg,73.53695,211.28566,-244.40475,77.536285,197.64732,-217.63947,82.60053,196.00742,-217.86702,87.785065,194.38075,-217.94308,63.260597,202.5199,-216.91838,58.158363,204.10988,-217.02014,53.141155,205.77127,-217.24722,96.55875,199.7858,-91.609146,49.84162,215.14226,-80.991745,87.38037,220.86157,-199.2635,67.920654,226.91994,-196.16766,138.22481,250.18521,-58.994076,33.22213,302.76834,-27.611439,134.56444,179.82147,-107.61591,33.03627,405.99362,19.389547,99.86033,84.32131,-148.66869,37.080402,509.49603,-39.06033,91.7552,56.541805,-177.69884,34.388035,539.36237,-24.48881,91.69057,57.0734,-164.44212,38.586136,542.28033,-82.276306,93.13586,68.01914,-149.98654,46.950947,529.5977,-61.034718,150.48772,462.5317,-16.283607,77.24586,474.65244,16.553705,162.19083,621.576,-58.457104,103.764084,636.76245,-1.0422542,186.99216,748.4069,54.744846,133.19029,771.68945,102.85211,188.94327,760.25946,56.252472,142.30759,786.1127,104.02803,182.12451,803.857,-98.82844,131.32092,825.4166,-38.15215
ShoulderFlexion_up123.jpg,113.25709,208.47523,-446.40652,121.67421,196.1056,-420.64648,126.74141,196.30492,-420.82196,132.04276,196.46379,-421.10883,106.42164,195.25784,-417.57733,101.1708,194.5213,-417.239,96.01468,193.88396,-417.0557,137.3036,203.03168,-256.59637,89.45123,199.44342,-246.85036,121.09345,222.30162,-385.82233,102.51493,220.3118,-383.20834,162.69041,290.67435,-155.33308,62.80186,257.46484,-171.3657,189.0762,399.85117,-136.69345,47.015644,172.22021,-235.10594,210.26913,504.57056,-208.64957,64.89204,88.825676,-308.67276,220.32974,527.33655,-221.45502,71.27258,63.09134,-355.30844,211.40463,534.72253,-267.23486,75.19649,65.103935,-353.18387,201.37434,526.16925,-227.89417,74.38647,75.249626,-318.2065,147.81824,465.34894,-0.38216183,82.60231,469.88632,0.9185776,148.8135,634.1312,-14.017239,88.39191,630.76776,-31.554384,149.37224,779.2038,175.05281,89.27183,771.5742,142.99974,141.35565,795.5448,179.60397,91.50019,786.8687,143.5899,154.7172,832.23334,-59.23949,102.56155,822.20105,-86.99344
ShoulderFlexion_up13.jpg,249.3001,249.1473,-26.67797,243.22449,238.79675,-19.437199,242.14842,239.2182,-19.295475,241.23488,239.62898,-19.423925,242.55093,237.49976,-46.43195,240.46466,236.79259,-46.411064,238.47932,236.26712,-46.524582,229.0696,242.0509,31.910782,224.67586,238.90535,-90.268524,243.84782,258.98685,-6.641536,242.44406,257.27493,-41.8063,225.33044,282.54324,90.94216,200.47087,276.18094,-148.28186,242.31511,217.42949,147.31082,227.12024,204.52019,-225.87073,248.1553,151.1353,82.79966,237.457,142.1884,-194.59238,246.822,135.19038,74.83288,241.24886,124.11835,-221.35135,245.3161,131.27249,61.66364,237.0327,121.367355,-211.16127,245.58755,137.59348,71.639206,237.46533,128.64754,-190.69974,250.58565,427.0117,76.71476,234.28668,436.82297,-76.42765,331.79114,421.86328,173.68468,357.93982,454.74222,-125.79293,264.55493,464.75876,236.25444,276.02744,470.5172,62.600586,253.46947,465.0767,237.06808,260.08307,461.07275,84.984505,253.34755,469.90863,303.91458,261.99542,475.81152,180.79208
ShoulderFlexion_up130.jpg,1290.0916,1031.3054,-1347.1272,1332.0128,1051.8282,-1281.836,1332.1719,1069.499,-1281.2278,1332.3315,1087.6317,-1280.7699,1332.817,1004.73865,-1285.1293,1333.939,986.4049,-1284.8601,1334.5964,968.2884,-1285.5186,1316.0897,1108.8322,-924.18835,1317.2699,947.4398,-894.1152,1251.1163,1063.7151,-1210.9535,1252.0239,999.58685,-1201.8328,1126.4895,1191.9198,-689.4814,1204.8081,882.2437,-676.4481,924.30286,1249.1469,-1055.3278,1408.6853,785.2308,-904.32587,966.77716,1107.534,-1734.4181,1716.1895,830.74115,-976.5942,970.66455,1063.2493,-1883.9901,1818.0267,854.14154,-1029.1346,1015.1724,1045.3446,-1823.1423,1814.3177,866.36115,-1001.40594,1016.02295,1050.8351,-1729.3359,1780.9746,868.40405,-981.6046,737.4774,1140.2396,-56.418945,753.72595,938.2924,57.670406,362.20047,1148.7413,-817.3761,356.39175,937.9358,-108.50452,-9.8115635,1156.8041,-348.75262,23.246254,953.03156,420.1937,-46.53654,1154.7777,-320.76324,-7.536621,960.65344,448.54514,-168.98685,1134.2764,-785.8497,-143.90842,981.3617,76.272354
ShoulderFlexion_up132.jpg,251.84247,245.53075,-391.84277,257.137,232.16658,-375.8908,261.6202,231.67752,-375.74893,266.33585,231.13902,-375.71,244.08563,233.31354,-378.40393,239.12604,233.1914,-378.18582,234.21521,233.23071,-378.3382,271.3335,235.6597,-253.53477,227.5683,238.21527,-259.85983,260.42688,255.897,-343.83713,243.23428,256.627,-345.5797,300.9853,308.7943,-152.3206,204.71094,282.30154,-178.90193,318.97183,398.67142,-107.69207,183.0404,202.90427,-269.18497,322.89438,488.2656,-179.20781,187.19801,104.95655,-360.13266,326.48346,512.0006,-193.4521,190.38602,75.9822,-392.66904,323.1826,517.0709,-228.8868,194.15515,77.14227,-402.6128,315.27478,508.60858,-193.95088,196.587,88.360664,-371.70734,278.93173,468.9763,-2.9324872,221.56128,474.17453,3.297231,281.06442,608.0244,4.999787,218.63075,611.15753,16.688578,278.1696,731.0489,142.24115,219.54391,736.68146,156.45143,270.43658,744.35693,145.73268,223.53076,746.5187,158.73877,296.39334,785.30585,-16.87929,225.4169,796.75006,-3.5382423
ShoulderFlexion_up133.jpg,210.31084,247.84508,-288.06042,215.01648,234.0128,-276.5234,219.66444,232.84366,-276.38696,224.54282,231.57625,-276.3426,202.44681,237.06386,-275.36743,197.67702,237.71307,-275.18716,192.98415,238.49196,-275.317,232.87439,235.33728,-181.26147,189.8125,243.89154,-171.35574,221.84102,256.83435,-250.9294,204.83374,260.12946,-248.04674,275.3738,299.1061,-115.20405,176.39752,293.14127,-107.54588,310.16583,385.1996,-98.7066,145.63478,222.92307,-171.56062,333.28802,474.72647,-172.1412,128.14503,119.75148,-245.24165,344.1144,500.28134,-187.92305,125.55058,88.65643,-274.45645,335.8056,506.31363,-216.47606,127.805115,87.56675,-278.6829,325.67007,497.9729,-183.36755,133.61642,98.064285,-254.79222,278.63718,466.48257,-5.5759716,224.45348,479.90674,6.0075727,300.93774,603.31165,-4.712149,239.1025,608.8545,0.91716474,321.30222,717.59314,85.85225,269.7408,726.89,108.318726,317.67953,730.7682,86.116356,279.86545,735.8661,108.39722,345.94672,769.90466,-50.624676,273.98755,787.7985,-26.133457
ShoulderFlexion_up134.jpg,306.3665,247.25218,-294.86722,315.20557,237.97934,-281.15045,319.6355,238.98166,-281.02048,324.3272,240.00786,-280.98544,302.84744,235.44212,-282.88766,298.2104,234.1254,-282.74298,293.5649,232.9676,-282.91925,328.38232,248.4733,-179.43301,286.4734,238.12346,-182.7666,311.91904,261.25372,-255.81435,295.26266,257.02896,-256.5617,339.892,329.00406,-105.239876,251.31078,280.8576,-129.87029,337.65027,420.5617,-81.14912,254.77538,203.98808,-215.5949,316.65695,506.13736,-169.16286,282.47614,103.35169,-297.5789,312.57578,533.046,-186.01561,292.7079,73.71995,-325.4808,304.19772,533.22406,-217.20515,295.43777,74.32155,-329.05908,299.65723,521.83325,-181.88498,296.15805,86.54088,-306.37943,273.8142,485.74002,4.875466,216.93433,474.1316,-4.5659738,230.89993,617.15753,16.16847,176.47995,599.66205,7.925333,195.83105,728.57904,129.18478,146.77863,715.7697,153.75844,185.2957,738.8888,132.373,150.46303,727.3291,158.96504,198.27817,785.7629,1.0732023,124.62547,772.90027,27.33792
ShoulderFlexion_up135.jpg,241.71393,251.20216,-491.94922,250.10237,238.41203,-468.2847,254.77254,238.73932,-468.2588,259.51587,239.0893,-468.08188,236.83899,237.58766,-470.93698,231.91109,236.72604,-471.07877,227.07507,236.05562,-471.3338,265.09174,243.24408,-308.62674,221.08382,238.83832,-315.4148,249.6268,262.01028,-432.80212,231.84091,260.13785,-435.06552,292.4848,281.9059,-236.34961,185.64696,315.3983,-226.75412,317.368,193.95613,-311.76282,171.6317,399.18442,-189.53275,305.9473,97.692345,-362.3027,164.63634,496.78952,-250.71394,302.03195,67.01524,-400.03165,159.66875,522.60706,-256.11414,300.32666,65.97823,-390.03964,162.93619,522.71265,-297.39478,302.1437,77.47497,-367.23706,171.16493,511.29108,-267.04028,279.6316,469.8878,-4.8332562,215.7755,469.96255,4.897484,265.3176,615.34076,-15.298727,206.06836,615.7637,-8.482342,262.77347,732.5201,138.14719,209.09999,740.1173,153.32199,260.11816,740.3782,145.07924,216.9219,751.3268,159.49034,251.96602,790.9967,-11.649935,191.43884,799.3625,4.1503563
ShoulderFlexion_up136.jpg,249.2338,247.44165,-328.1758,256.99112,233.17036,-317.0609,262.36993,233.10748,-316.8821,267.99628,232.98732,-316.81848,242.7189,233.05865,-318.10477,237.103,232.49426,-317.92523,231.53433,232.08856,-318.0583,275.08646,238.36043,-216.34619,225.17651,236.4506,-216.59245,258.96042,259.66275,-288.40164,239.32246,258.90353,-288.32663,304.0892,308.50604,-140.26506,200.35385,283.0961,-148.69554,323.55,395.68723,-125.36884,185.28435,204.24622,-199.78497,328.9736,481.32657,-218.60551,183.74496,98.8485,-256.0277,334.47968,508.25226,-235.59306,186.59584,67.3444,-283.96243,325.79123,510.39905,-263.3944,188.0978,65.08907,-288.4919,317.2121,500.56854,-230.0306,191.53685,76.55956,-265.438,281.7821,480.20477,-1.2355794,222.51328,484.35745,1.6817435,278.7703,615.1817,13.121742,220.161,617.586,24.782938,275.26694,728.70013,126.664696,224.35672,733.8015,159.72513,268.4816,740.15106,130.01135,230.53032,743.4611,163.8221,288.12283,789.9263,0.7010203,220.91695,798.9674,32.12764
ShoulderFlexion_up137.jpg,198.99959,188.64977,-399.52997,205.01848,176.95854,-379.6286,209.50078,176.5748,-379.49884,214.21355,176.13278,-379.4915,192.15764,178.30711,-379.79126,187.42715,178.45041,-379.57086,182.72523,178.77739,-379.75726,220.9393,183.30713,-247.05632,177.88164,186.41379,-243.29317,208.67984,200.3129,-349.36295,191.51495,201.35843,-348.24765,252.72804,262.94058,-137.99297,157.55391,235.77696,-166.69122,273.88943,350.98972,-76.30107,132.446,156.88268,-259.51697,276.4561,438.09576,-154.74507,134.21613,61.356373,-358.64923,279.98227,461.7606,-168.54517,136.65071,32.777573,-394.61194,275.09515,466.1223,-208.2678,140.45615,34.837418,-405.33423,267.0495,457.5981,-170.98723,143.00203,46.16006,-370.79147,229.04897,427.1404,-0.2173953,170.31776,429.85944,0.6217942,234.75352,565.3646,18.582808,168.9096,559.77606,22.835474,229.5626,684.6971,192.22115,172.0365,680.37897,205.6316,220.7031,698.9586,198.77795,176.21347,690.6491,211.1242,251.03726,735.3613,25.23425,179.04657,737.1614,37.6111
ShoulderFlexion_up138.jpg,245.81848,204.3844,-433.94882,250.96107,192.30173,-415.8465,255.55258,191.54295,-415.68893,260.38397,190.73628,-415.62497,238.11086,194.80591,-414.0371,233.27917,195.43639,-413.78784,228.48372,196.24062,-413.90567,268.01187,197.06775,-299.70975,224.28596,203.8831,-280.8692,256.72275,215.14455,-390.17722,239.20308,217.76263,-384.66446,299.1958,274.93338,-205.5002,210.80354,248.95741,-180.7252,311.73532,363.9008,-183.69308,184.6652,166.79138,-199.94162,312.7008,449.62527,-286.14722,180.58904,68.44246,-258.88922,315.47748,472.8962,-307.63474,183.34338,40.112316,-283.83484,310.02777,475.6788,-340.34796,186.25378,40.320793,-300.2337,302.07794,467.12485,-298.93048,188.65334,51.106476,-271.60962,273.41278,432.53027,-12.224611,218.15808,433.45355,12.600263,270.58215,564.59,8.854924,211.32709,557.9989,65.4172,264.18652,674.3095,189.25055,211.80891,669.1157,266.78967,257.67154,687.41864,197.4032,218.0361,679.819,275.89297,278.65714,723.588,38.38519,206.79866,723.95886,127.05334
ShoulderFlexion_up139.jpg,204.09515,207.1785,-353.68427,207.41853,194.87225,-339.47632,211.97633,193.46257,-339.31708,216.76186,191.95,-339.2606,195.19371,199.0544,-337.75046,190.42967,200.34436,-337.5617,185.73933,201.77876,-337.66013,225.74683,196.98773,-248.54103,183.21364,209.84956,-232.97885,216.9535,216.4254,-319.83472,199.8147,221.48717,-315.16498,271.2657,264.73264,-182.42122,176.0313,256.97787,-158.5309,299.242,348.05817,-161.75543,137.15488,184.499,-180.70638,313.97784,435.2485,-234.81094,114.27351,87.31431,-230.11908,321.81476,459.50513,-251.40019,111.36628,58.27628,-252.56691,314.4424,464.09735,-277.35324,113.972084,57.196323,-265.76324,305.79095,456.3833,-244.90048,119.38836,67.58966,-242.14854,271.71213,423.2564,-7.1139364,217.54744,433.53384,7.397936,288.2217,552.34686,11.926415,232.1887,557.7279,29.408674,304.60934,656.7086,139.81702,254.23999,663.5514,170.77673,302.018,669.23846,144.50792,262.4069,672.68335,176.65211,323.13138,707.7249,13.828959,256.47516,720.9101,53.336113
ShoulderFlexion_up14.jpg,290.134,258.2071,-10.901228,289.77982,246.01096,-3.5246646,288.63937,245.76982,-3.402077,287.65063,245.57858,-3.4933956,289.67078,244.76445,-30.747248,288.16666,243.15298,-30.70675,286.6591,241.75406,-30.829985,276.2623,241.63737,49.31268,273.76318,237.29727,-73.59313,281.01846,263.95728,10.017426,280.57388,261.91644,-25.373562,254.72435,274.5665,108.72815,237.12628,258.51065,-135.23407,298.15186,221.44945,163.9367,292.82935,203.56711,-222.69838,332.6582,165.68748,91.874725,326.27277,153.55319,-189.32695,338.06738,150.47061,82.897995,336.09662,139.62059,-214.89551,338.74146,145.92291,69.44235,333.84348,135.88463,-204.19902,336.53952,151.85542,80.75139,331.59998,142.48828,-184.68674,214.91948,417.97702,77.86418,196.81532,421.20535,-77.55768,288.8212,449.40427,159.2468,306.77792,490.42377,-129.27574,212.21635,452.78708,226.65598,220.92139,465.2418,56.462624,203.45987,447.3769,229.15059,210.38188,448.54333,78.799965,196.12256,451.13828,294.1696,202.6326,464.861,172.2957
ShoulderFlexion_up140.jpg,305.09738,210.05217,-326.87946,313.91907,200.8052,-314.34082,318.55634,201.57379,-314.2014,323.45825,202.36464,-314.16385,301.398,199.21533,-311.83942,296.75266,198.34706,-311.67316,292.10193,197.64977,-311.7916,329.9931,211.68102,-229.20186,287.25793,204.52731,-211.045,312.87695,224.38847,-295.1986,295.5411,221.38422,-289.67813,344.05838,295.9133,-163.16371,259.07004,246.51544,-150.44284,337.94562,383.98956,-139.24203,261.50803,162.6543,-198.19902,309.4704,466.9177,-214.91505,284.26724,63.695866,-266.18457,303.86542,493.2236,-232.68652,293.54437,35.678165,-290.3586,293.38773,492.78214,-258.81027,297.00638,36.554302,-299.3629,289.68982,481.0315,-224.35254,297.8689,48.321335,-276.9737,273.3419,441.1954,-2.194541,219.2323,426.20273,2.4323554,232.60019,563.83563,16.421988,180.30914,546.08844,17.58076,201.94713,663.01337,140.20352,151.41064,651.8783,159.99777,194.35117,672.8721,144.86249,153.7385,663.8631,166.58119,196.69937,714.2322,22.753859,129.47916,702.05695,50.48601
ShoulderFlexion_up141.jpg,231.94792,213.36018,-418.94937,243.5436,200.22333,-401.3847,248.7835,201.20312,-401.33853,254.09702,202.21492,-401.0873,229.7231,197.55847,-402.48907,224.63354,196.02576,-402.57104,219.59398,194.69208,-402.6944,261.48553,207.71425,-264.92038,213.9573,197.51593,-266.74533,240.18709,225.90909,-366.7413,220.41058,221.56834,-367.6665,283.07947,246.37386,-206.35435,178.2919,275.3276,-181.91782,310.10965,157.29343,-265.54535,171.84799,357.39795,-155.6603,306.0585,65.354294,-287.46588,168.06691,447.11554,-193.0305,301.68607,35.181,-316.8472,164.62193,470.06134,-194.02574,298.01764,32.50953,-305.96085,165.33707,472.45212,-226.99376,303.26483,43.54537,-290.89603,173.3963,462.3169,-205.19069,274.65106,422.14987,-0.34663066,211.63208,424.32706,0.37551337,261.71216,555.75555,-26.638865,204.09044,558.0459,-36.40445,263.6304,661.82465,106.58229,208.71104,664.38934,142.65158,263.1394,667.79596,113.87334,214.61235,671.91724,152.59409,248.47945,719.7837,0.78057444,193.54193,721.79724,46.973198
ShoulderFlexion_up142.jpg,242.16342,199.85631,-384.94305,248.23965,187.91048,-370.119,253.22372,187.15997,-369.98978,258.43744,186.35103,-369.92572,235.04303,190.45511,-365.53763,230.12541,191.16849,-365.33853,225.227,192.03088,-365.4237,268.09555,193.53636,-278.46652,222.65111,200.63412,-248.3351,254.58322,211.5254,-351.0325,236.17569,214.25172,-341.91623,303.76038,272.37436,-211.37254,208.70747,246.76039,-170.52469,320.14706,362.66602,-188.7535,181.80396,173.50468,-209.59592,314.17743,449.92477,-252.99887,176.46136,72.08079,-280.4258,315.27167,475.44516,-275.48044,178.46948,42.16915,-306.60162,306.56213,476.32242,-300.06866,180.50911,41.04265,-317.7502,300.31653,466.71457,-261.8194,184.13718,52.714455,-292.33603,271.98532,429.7902,-11.515019,214.98032,429.07355,11.800355,267.9147,557.4158,14.769207,209.90717,554.1261,56.26539,271.46405,662.1872,172.36247,213.29282,666.2922,225.18512,268.90793,673.15845,179.54826,219.40048,677.565,233.98148,273.51584,715.80164,40.490738,205.13713,721.8108,104.005005
ShoulderFlexion_up143.jpg,194.41881,156.60399,-376.6234,199.54912,144.20021,-360.36188,204.1601,143.41771,-360.2207,209.002,142.57889,-360.17392,187.1158,146.58472,-357.6053,182.35234,147.1483,-357.39462,177.60324,147.8642,-357.52148,217.28702,148.24715,-256.50208,174.28654,154.80344,-235.1584,205.6826,166.89217,-337.3184,188.54916,169.44025,-331.0031,251.07674,223.41176,-184.00963,159.83307,199.13367,-149.37285,264.5068,312.55872,-174.79985,134.27261,130.07195,-160.37642,262.47906,396.56238,-274.71426,128.42038,38.66229,-204.7467,265.92953,419.72556,-295.64752,131.14915,11.073252,-226.45566,257.9497,421.83075,-325.0671,132.9995,10.483696,-240.2447,249.89088,413.48865,-286.25824,135.7143,21.290373,-216.39992,224.56184,383.5243,-11.904749,168.69762,384.58676,12.218172,220.57574,511.82098,9.130227,167.40233,507.30283,64.73008,218.86096,616.9749,168.79967,172.5826,613.1526,254.96141,212.3338,629.0071,176.56606,179.7888,622.60803,264.59824,234.15479,667.669,30.153355,166.79683,668.49915,130.0725
ShoulderFlexion_up17.jpg,211.98952,202.14195,-12.565472,208.80316,191.40015,-8.883808,207.817,191.70604,-8.732402,207.00435,192.00542,-8.847036,208.46722,189.99791,-32.170692,206.71155,188.90408,-32.16579,205.01778,188.00899,-32.348007,196.77063,192.77689,31.998104,193.19882,188.29173,-74.085365,205.88335,210.77116,4.028588,204.77466,208.59424,-26.69477,188.1058,229.93086,80.561195,164.8856,218.63936,-127.51206,218.37634,165.0707,123.242905,201.10576,148.58757,-211.91316,231.73286,100.19478,44.275555,221.05423,87.89533,-192.50618,232.37218,83.16403,34.249744,225.67332,70.19394,-215.63141,230.51515,79.394165,21.141134,222.38712,66.68985,-204.27048,229.74794,86.12121,33.653378,222.33846,74.78357,-187.48099,189.0362,377.04468,69.09665,170.86426,385.16565,-68.89897,264.66348,377.42715,141.98611,290.37512,416.34155,-123.11138,198.83699,411.60834,182.4824,214.72694,419.91168,42.62451,189.00504,411.53583,183.16296,199.7844,408.5246,62.865383,188.41466,416.66125,246.1049,206.91705,427.5156,155.4705
ShoulderFlexion_up2.jpg,1770.9207,1314.6656,-2101.63,1831.3414,1257.7345,-2003.8219,1859.8053,1265.1372,-2003.2301,1889.3127,1272.6597,-2002.8453,1756.82,1236.2913,-2000.7383,1729.231,1225.7645,-1999.6492,1701.8187,1215.9966,-2000.6454,1922.2185,1312.591,-1397.6637,1667.3152,1235.3142,-1337.2871,1807.6517,1392.985,-1873.4333,1706.2664,1361.302,-1856.043,1950.3549,1763.903,-917.9966,1495.7677,1438.399,-983.7739,1867.6703,2255.3901,-708.84534,1568.687,1018.4074,-1060.6062,1763.2778,2663.225,-1079.6222,1777.1821,595.77985,-1105.1353,1742.2402,2772.3418,-1161.3237,1854.1385,474.08926,-1227.2118,1738.267,2786.4604,-1302.5986,1861.4725,487.00006,-1257.4377,1705.489,2732.235,-1144.6572,1856.2568,531.0893,-1157.9054,1567.0587,2518.163,-68.44667,1273.9442,2415.7725,72.11929,1369.7644,3152.0044,8.228633,1080.1372,3031.75,74.096695,1204.7378,3579.576,1147.831,1055.0197,3564.6033,1288.1381,1176.569,3602.213,1219.2561,1102.4,3609.1123,1359.8447,1100.0153,3894.038,490.97952,922.62915,3886.4875,627.61993
ShoulderFlexion_up20.jpg,294.42694,209.23927,-34.768913,290.45685,196.28136,-28.981518,289.41925,195.36339,-29.012499,288.50735,194.50081,-29.03252,289.36,197.59082,-56.929955,287.2386,197.07956,-57.084717,285.1555,196.68785,-57.213028,274.5634,190.2577,17.251074,269.8036,193.69165,-108.20453,285.92673,214.5184,-15.102136,284.66672,215.6284,-51.832184,261.25623,220.75356,98.62892,226.93565,243.84782,-160.58511,291.52835,184.53247,134.07574,216.1596,313.63263,-174.5185,318.98648,144.40005,118.5702,218.46022,390.3647,-169.74231,325.3518,129.11203,117.1231,215.5541,412.36346,-192.72868,328.45883,129.61917,112.47288,226.17508,410.34152,-197.01819,326.01062,136.01643,112.237915,228.32002,400.7565,-169.80656,219.42513,369.03625,86.19571,193.28603,378.66525,-86.01027,289.5618,420.5389,182.71855,279.6554,463.24496,-132.54166,205.70245,401.4476,234.91219,197.09734,412.76517,59.075367,198.97043,390.8568,236.61142,190.10706,394.27768,81.27564,184.42197,402.47186,306.54626,173.5817,410.91818,178.42253
ShoulderFlexion_up24.jpg,1294.9716,940.28345,-981.73956,1328.2328,903.30396,-898.5967,1346.7133,905.32654,-898.3875,1365.514,907.33746,-898.13904,1276.7715,898.19,-902.4414,1258.8125,894.8754,-902.5149,1241.149,892.1506,-903.14087,1391.7587,928.13086,-380.6788,1220.2242,907.6799,-417.48825,1327.5382,981.3217,-787.3607,1258.479,972.77216,-797.53314,1467.4423,1088.9691,-194.53604,1082.7417,1151.881,-240.12206,1584.2716,795.3723,-310.39572,985.71515,1440.6666,-153.77316,1562.9076,461.51736,-504.97943,995.06433,1797.9921,-409.10074,1555.6788,367.49008,-647.0216,987.37177,1908.4941,-440.53366,1545.9454,359.979,-610.31354,1016.08826,1896.9226,-584.30005,1552.762,394.98026,-520.60767,1036.732,1850.4814,-458.0684,1398.4852,1765.9895,55.367317,1155.7439,1759.649,-54.334457,1354.9008,2312.1023,-4.6432347,1138.4705,2320.257,-139.6969,1295.151,2823.6855,386.97418,1096.3615,2801.6882,344.07974,1248.9924,2883.56,398.08487,1097.7229,2845.0789,352.31668,1366.9567,3012.631,-131.6528,1113.5345,3018.6624,-235.63979
ShoulderFlexion_up25.jpg,1191.376,913.0033,-630.5646,1215.6575,875.97784,-540.8468,1234.06,875.29913,-540.8459,1252.8038,874.61194,-540.5407,1160.9786,879.7247,-548.006,1142.0579,880.43494,-548.22955,1123.4147,881.5672,-548.91345,1276.7378,897.0729,-81.78798,1099.6842,908.57916,-127.87038,1228.0465,956.3937,-461.2217,1158.1301,960.3845,-474.32098,1382.0327,1079.5266,-59.289085,1008.8362,1185.6442,36.13279,1410.2516,829.9966,-200.33057,991.88495,1475.9613,162.05934,1346.068,449.4058,-266.59027,1046.1058,1832.3027,-57.961937,1329.095,343.55,-372.10782,1051.5319,1936.2988,-62.74874,1315.4484,328.54843,-337.96722,1068.4247,1931.0499,-224.20941,1327.5012,364.76334,-276.8022,1082.9707,1887.5896,-118.85176,1428.8491,1738.7828,7.5614543,1187.543,1770.2444,-6.7104163,1475.3468,2249.9233,-80.01982,1270.2305,2299.668,-16.357914,1522.3973,2745.744,327.77188,1291.3284,2771.7437,420.09262,1501.4397,2808.6365,336.14783,1291.402,2821.6448,423.5607,1565.3992,2904.737,-194.63911,1365.3401,2937.888,-153.40277
ShoulderFlexion_up26.jpg,1453.904,993.2426,-894.69147,1492.3021,967.99243,-818.2934,1508.7424,975.11743,-818.1484,1525.5759,982.42175,-817.66614,1445.6198,949.3374,-818.41284,1428.7698,941.75757,-818.43115,1411.9137,934.76636,-818.7383,1539.207,1014.8941,-383.0431,1380.3079,949.95917,-379.9864,1470.3696,1045.2911,-733.9747,1405.5479,1018.13666,-733.34705,1574.0244,1205.2323,-301.10095,1170.9214,1153.9365,-226.79375,1750.8213,964.63556,-514.5043,1022.36523,1421.3724,-146.29819,1837.9407,616.0694,-677.33685,918.39343,1755.4626,-343.4372,1856.9635,513.6893,-791.134,877.07166,1851.0664,-346.9737,1850.5297,494.58136,-758.3788,901.2341,1854.7367,-481.17963,1851.532,536.66907,-691.2151,938.5332,1821.5054,-390.52283,1322.2908,1826.1654,-3.156779,1079.7255,1748.2893,3.653811,1131.821,2345.248,-66.982994,926.81445,2273.7354,-99.16706,966.8116,2785.8582,317.66028,789.0483,2706.088,342.90475,925.6835,2820.3953,333.22128,785.4651,2750.2288,355.0165,925.2325,2983.2883,-113.42423,719.1913,2897.9749,-126.36717
ShoulderFlexion_up27.jpg,1036.6464,912.5388,-1080.0421,1052.9937,885.3611,-1009.5074,1066.7681,885.12177,-1009.2038,1081.4402,884.59467,-1009.05414,1009.2103,889.81683,-1011.5367,993.48627,891.0523,-1010.7589,977.912,892.8068,-1011.2808,1094.9105,916.46063,-577.8934,952.3427,925.8108,-572.7129,1063.252,956.98285,-921.24084,1007.1028,959.6968,-919.67993,1219.6742,1190.7213,-343.50745,866.09906,1117.047,-397.2649,1333.602,1470.343,-218.23042,786.4812,826.8918,-806.13806,1336.9917,1796.4017,-658.86774,772.1332,484.95435,-1211.5961,1346.1039,1897.4515,-766.2612,770.39374,383.0603,-1347.9202,1303.6694,1909.6039,-896.1253,788.5628,387.3995,-1385.7128,1283.985,1867.8063,-713.9613,802.8179,422.41492,-1259.3013,1180.0094,1752.1061,8.927824,962.9374,1781.8849,-7.7737074,1175.1156,2284.3127,-9.422624,1029.7361,2290.6233,-181.30692,1202.71,2766.3533,411.29495,1045.7979,2787.868,203.81383,1193.2949,2823.9553,418.89163,1064.7894,2836.972,202.99168,1221.2112,2932.4917,-175.93874,1042.0535,2973.137,-389.58554
ShoulderFlexion_up28.jpg,1295.343,933.6716,-1023.86743,1323.4205,909.4739,-926.2493,1340.3906,913.60565,-926.2831,1357.78,917.75977,-925.8757,1274.099,901.6389,-933.3778,1255.605,898.75244,-933.42706,1237.2728,896.2648,-933.7984,1370.3748,954.8521,-441.51367,1203.9248,926.8873,-478.97223,1319.1094,983.9026,-851.901,1249.179,972.08295,-862.46735,1437.5355,1124.2588,-384.65283,1054.5361,1195.6558,-312.46002,1556.2827,802.61945,-551.80316,999.45685,1470.8944,-269.8221,1561.2603,454.09802,-656.9545,1002.5078,1805.7914,-515.3151,1556.1898,356.21243,-776.3863,999.6958,1914.3789,-560.4988,1543.2836,342.12692,-741.84937,1028.5735,1902.9901,-687.4206,1553.134,378.95605,-670.6299,1046.2125,1855.6964,-564.498,1392.6417,1767.6917,-17.485018,1146.455,1772.8679,18.83457,1342.9546,2290.815,-63.796646,1135.809,2299.8174,-54.857986,1324.5092,2763.6113,335.8633,1105.2,2763.229,383.8946,1302.3711,2814.588,350.03522,1113.7109,2816.758,394.44125,1320.9268,2943.5784,-164.34988,1084.5421,2939.2573,-151.15169
ShoulderFlexion_up29.jpg,1241.0151,882.3278,-679.91644,1276.4755,849.6986,-603.2455,1294.925,853.5487,-603.1258,1313.7408,857.42505,-602.7682,1224.2073,840.57996,-602.5198,1206.0426,836.5386,-602.60535,1188.0173,833.02435,-603.0945,1336.8231,886.9177,-175.30502,1161.944,854.5395,-175.87666,1269.1434,931.60443,-521.13995,1198.855,918.38245,-520.9731,1404.7909,1061.3079,-98.70506,1018.56573,1106.71,-29.338657,1517.7623,768.28357,-299.27853,934.1829,1392.7117,60.891384,1512.0013,408.16754,-464.3855,943.2468,1726.0168,-197.91203,1508.3536,307.1843,-568.77795,934.9908,1832.9471,-223.56091,1496.332,294.77533,-534.4102,967.19617,1826.4698,-357.7891,1506.5013,334.5806,-475.6314,989.7981,1783.898,-244.7096,1346.0907,1731.2161,-5.332622,1101.9513,1725.5707,6.162747,1300.8248,2273.507,-104.334564,1086.6371,2266.0044,-30.037283,1266.7942,2778.5273,223.67273,1045.9694,2740.534,367.1828,1236.8934,2836.284,231.15353,1049.424,2792.8674,372.01407,1287.1436,2951.801,-266.5827,1044.1217,2920.113,-150.39725
ShoulderFlexion_up3.jpg,1462.7646,1279.9764,-1808.2468,1493.9896,1214.8939,-1668.1771,1519.2524,1214.376,-1667.9963,1544.8799,1213.9968,-1667.5679,1421.5808,1217.3445,-1696.7518,1393.2537,1216.6793,-1697.2156,1365.4607,1216.7808,-1697.966,1568.4437,1244.9249,-900.3482,1325.0956,1248.8381,-1026.447,1508.345,1337.5243,-1528.9994,1406.3292,1338.8007,-1564.1857,1707.2386,1479.9462,-682.10114,1157.464,1639.7832,-749.99915,1794.4895,1019.1243,-770.6987,1107.4885,2052.2607,-810.75464,1685.6614,584.11334,-552.61365,1096.6364,2517.5771,-1209.2377,1644.7024,458.1643,-604.4514,1091.9039,2664.2651,-1229.462,1621.1326,431.5146,-504.48355,1108.6536,2659.7878,-1354.5345,1649.59,476.20605,-537.14246,1138.1168,2597.8005,-1252.6083,1637.125,2453.8572,31.886831,1303.8625,2462.4087,-30.826435,1603.4545,3144.6145,8.386334,1332.1222,3145.3386,-42.180798,1550.9507,3649.4026,848.71344,1410.0641,3648.6733,969.0176,1512.2648,3679.265,900.8111,1444.3267,3677.0034,1020.20715,1575.3643,3966.9856,229.61815,1409.1465,3974.1145,264.53696
ShoulderFlexion_up30.jpg,290.501,228.75719,-271.01407,302.14294,220.10149,-238.02144,308.00906,221.4906,-237.9765,314.22232,222.78854,-238.09113,285.52094,218.04991,-238.89268,279.64627,217.2633,-238.69658,273.79904,216.74571,-238.79156,323.7486,239.19838,-97.07779,268.04343,229.88867,-97.56711,301.2606,250.52322,-224.61522,278.54263,247.17079,-224.37932,365.8764,347.3525,-70.23716,224.93668,300.01514,-103.84815,376.29965,464.58725,-69.606705,211.85646,194.75842,-285.79773,345.82196,564.6578,-162.99603,236.58882,64.4566,-410.52435,345.40216,602.2996,-201.438,240.56346,27.732647,-460.94415,320.48926,600.57385,-218.98344,248.91986,27.999418,-451.0781,315.38672,582.6444,-170.93565,252.49979,43.5028,-417.0657,327.5576,535.3519,33.09066,237.1906,540.4568,-32.7084,434.76132,633.0979,-296.13498,232.00015,636.7732,-457.02023,381.33533,770.6119,-4.8081093,229.5993,781.70215,-121.13367,352.12857,780.5153,23.60523,233.25699,791.4391,-90.72708,434.67502,865.8621,-83.9507,222.44066,873.39026,-231.48596
ShoulderFlexion_up31.jpg,257.65424,226.51183,-214.46928,265.92285,215.57533,-182.73224,271.91895,215.90619,-182.62189,278.26376,216.10118,-182.695,249.20238,216.0792,-186.59657,242.88846,216.17657,-186.47496,236.65337,216.52977,-186.5469,287.6323,230.7369,-51.315147,231.04063,230.6788,-66.810646,270.9923,246.61168,-171.26022,247.53502,247.01053,-175.58469,342.5894,331.36197,-26.604446,198.0787,305.1708,-82.23276,371.8921,445.56433,-14.599404,170.59798,198.49286,-238.2259,359.27698,544.999,-107.26253,166.60808,66.68422,-350.12476,364.75757,582.68536,-137.29887,161.8701,30.265135,-393.93536,341.15887,583.45685,-157.12694,170.9924,29.03239,-384.0655,333.73654,566.5814,-116.489204,177.78697,42.86862,-355.29816,337.50714,529.6085,38.99305,249.94144,546.7368,-38.48102,466.0956,608.58105,-261.20734,251.67572,662.4303,-384.02686,432.97028,751.13214,13.485621,285.13876,794.42834,-55.63485,404.9084,765.5971,41.59896,291.67917,800.70624,-24.907358,505.5893,835.5111,-29.444263,296.2703,889.4689,-134.20331
ShoulderFlexion_up32.jpg,353.19257,254.38,-227.84032,364.842,247.7041,-197.63809,369.8602,250.48721,-197.56566,375.24933,253.28212,-197.71701,350.11096,241.11409,-201.21384,344.5529,238.47687,-201.0724,338.96133,236.09735,-201.12305,376.7224,269.17798,-70.84229,327.76593,245.23495,-83.08369,355.98566,277.1856,-186.0772,335.65048,267.6389,-189.44781,383.21213,380.84677,-51.697495,267.26538,296.57138,-88.185234,362.0869,497.23886,-48.75599,293.67975,182.71,-226.33372,309.79144,589.53015,-141.24496,349.711,72.659805,-333.15146,299.31595,627.10406,-172.14832,362.1917,42.01584,-379.73773,276.6552,618.5018,-193.52237,371.49258,44.976677,-372.8128,276.84427,599.78644,-151.26343,370.57745,59.30321,-340.75208,296.4632,552.46234,32.62244,210.99374,535.409,-32.322895,375.2414,678.6569,-253.35718,164.83392,636.5804,-400.8822,289.1153,796.0842,8.432487,136.88182,761.77716,-64.45883,259.1211,794.53766,35.574688,139.84033,767.08,-32.616886,310.1685,911.2525,-56.82352,109.26137,855.08344,-157.85727
ShoulderFlexion_up34.jpg,297.94946,232.0478,-271.71255,308.5052,222.93816,-238.9253,314.516,224.52318,-238.82211,320.8414,226.01439,-238.93541,291.1019,220.00204,-243.62955,284.65048,218.83704,-243.48978,278.22684,217.92688,-243.50307,326.59433,242.0132,-94.5918,268.99976,230.52124,-114.51762,306.8508,254.4665,-222.55623,283.24823,249.92813,-228.07721,360.61298,344.71942,-67.91625,224.78656,299.54437,-101.66429,376.0071,461.60297,-69.81671,217.72734,193.96115,-261.15887,349.49557,563.48676,-164.61046,239.0872,58.305805,-386.10483,349.4463,602.1762,-202.32661,243.11845,21.021116,-433.73257,325.56653,599.43335,-220.06769,248.52176,21.315407,-425.67294,321.0825,581.4585,-174.3253,251.98288,36.059563,-393.18094,327.4718,534.1717,29.055506,239.15915,538.1943,-28.729605,428.45563,647.91846,-197.43922,207.78203,647.3981,-342.4157,377.14114,776.6653,62.014908,227.10425,779.79395,-26.275412,346.93698,787.03296,85.75765,238.4523,789.24774,0.6187473,435.97824,871.5546,-19.396584,212.18588,871.6659,-140.99472
ShoulderFlexion_up35.jpg,238.48994,182.01083,-205.05147,249.8682,171.54915,-177.7933,256.15823,172.69118,-177.78583,262.7356,173.74014,-177.9082,232.79414,169.84174,-177.22751,226.52464,169.16942,-177.12225,220.29124,168.69092,-177.16182,271.58844,189.60272,-56.239986,214.04425,181.75429,-51.42119,249.59805,203.31705,-163.9607,225.78062,200.4069,-162.4868,303.97238,294.7575,-35.120834,177.28879,250.40033,-29.835201,323.5164,421.38834,-41.59327,162.10945,144.81969,-123.99729,300.22733,524.3587,-135.42488,184.40666,43.740982,-210.61014,300.19525,561.02844,-167.68768,189.36975,12.769836,-252.92725,277.55075,556.16174,-184.92464,194.41084,15.092736,-245.85918,272.8705,539.33295,-144.52557,196.94191,28.509735,-218.83936,270.05557,481.6513,23.955334,186.25359,488.1895,-23.540459,384.94016,593.3301,-201.1597,157.69121,608.28845,-348.14804,330.68964,719.8131,29.21079,184.67642,733.70264,-39.911724,299.9258,725.58966,51.25659,194.61671,739.61,-12.602403,382.65073,818.6118,-38.942394,178.09444,821.9784,-135.1782
ShoulderFlexion_up36.jpg,273.7184,313.9441,-136.87839,281.42276,303.65207,-112.07884,286.53754,303.60696,-112.09186,291.88202,303.5194,-112.146614,266.98175,304.15182,-111.53012,261.90646,304.18027,-111.33409,256.83554,304.34738,-111.50329,300.66116,311.46732,-0.0018357295,252.21799,312.39584,8.156709,284.47516,327.5501,-96.684654,265.50037,327.8246,-94.23594,338.93588,393.56454,35.407074,221.6957,364.22162,-26.869652,362.78967,489.8026,28.080875,202.88008,302.33786,-168.76505,381.65112,586.948,-104.43112,216.21132,201.28917,-207.62703,392.64423,618.9566,-135.29591,220.60095,175.5594,-236.88638,379.5664,621.2911,-170.42276,224.62614,174.68533,-230.87376,369.72437,607.983,-121.62751,227.59708,184.6085,-210.95117,321.85565,582.4425,-2.2125106,242.3064,582.66833,3.3448915,340.12137,741.5699,-118.353294,229.61374,745.2401,-81.41404,328.29718,895.526,53.488865,229.01192,896.9641,87.9674,322.67352,912.6175,62.4455,230.74445,914.20703,91.9715,329.5108,951.0433,-65.26227,233.01488,951.5423,-55.986393
ShoulderFlexion_up37.jpg,264.3796,309.71796,-79.373924,270.03613,298.28778,-57.24023,275.0693,297.37814,-57.19762,280.32117,296.35495,-57.212784,256.5668,301.33633,-57.38142,251.64243,302.3751,-57.276955,246.74854,303.54517,-57.605755,290.40457,303.34528,46.501343,243.89273,312.55338,50.100166,277.2192,321.5974,-41.285652,258.76498,325.23453,-40.13896,338.6993,378.2262,70.05264,224.30762,368.9057,16.511448,378.47873,470.41904,61.513096,193.17761,315.55478,-104.505165,415.47427,555.08844,-55.41096,187.29828,209.15543,-119.072205,433.1837,584.6211,-87.57353,188.06082,181.67505,-144.24237,418.8108,587.88477,-118.96266,189.95544,179.32536,-141.1973,406.23618,576.7291,-70.55153,195.32008,189.38284,-123.3035,350.4968,568.25256,13.404526,279.4837,580.4921,-12.162163,394.35645,720.5289,-60.166237,302.69992,734.90283,-95.97283,412.92236,871.493,69.462616,318.3815,885.90643,53.536648,410.42673,890.0251,76.79962,318.97534,903.7597,58.63328,430.40244,922.3971,-18.849342,334.77063,937.49756,-59.20723
ShoulderFlexion_up38.jpg,284.17865,329.8722,-127.550385,293.96832,321.49265,-98.658875,298.99838,322.509,-98.651375,304.28503,323.52902,-98.66991,279.44135,318.55124,-99.4962,274.5102,317.28882,-99.32878,269.51877,316.16217,-99.5291,310.89944,331.6439,35.2645,263.30377,321.1561,33.798435,291.28778,344.938,-79.03948,273.16342,340.84122,-79.180046,327.32272,420.27133,115.092545,220.89214,362.98996,-2.862323,326.28857,521.54297,149.16414,224.70451,297.16034,-142.37303,313.7992,620.3782,22.92826,263.79147,203.72627,-171.99466,314.0315,652.4074,-0.9434925,274.85934,181.08873,-207.83331,303.4612,652.4356,-42.804123,275.44778,180.7043,-196.81152,297.824,638.2888,3.2394333,275.8364,190.85603,-174.13635,257.79086,598.2058,17.616127,179.51791,578.58954,-16.410503,239.44449,754.13885,-46.344704,141.26799,723.9926,-108.265854,212.77556,885.96564,161.59792,109.25022,864.8184,111.56108,204.45444,901.5478,170.84593,108.147644,881.27606,118.90125,206.9494,934.45374,1.8403624,99.54013,918.2552,-61.184265
ShoulderFlexion_up39.jpg,194.7806,308.48624,-199.91963,203.47485,301.13766,-173.31532,208.41257,301.87173,-173.2613,213.42113,302.63913,-173.31857,188.86427,300.29916,-170.42233,183.97934,299.93054,-170.4573,179.10126,299.70914,-170.56189,221.71619,310.51782,-43.324684,173.67064,307.00946,-26.562181,204.00287,323.27383,-152.99594,185.58426,321.61835,-148.7784,247.51065,373.6509,-25.973661,131.6447,387.1059,3.1818764,267.55502,281.58218,-115.28745,105.615,482.7693,9.585611,258.44678,194.77954,-156.43144,90.89335,589.6864,-64.45221,257.33032,169.00752,-188.53375,81.88966,617.9895,-62.44942,260.6359,175.42686,-171.24365,88.36527,621.5433,-120.88517,259.67798,183.16159,-156.90755,100.55531,609.5729,-87.067245,225.1081,596.69226,-15.130337,139.81618,588.7054,15.953923,226.80281,769.2858,-108.409035,137.66684,763.0641,-31.360203,229.34686,926.7154,88.321396,145.0723,926.445,156.5998,227.74599,946.5346,97.66749,146.43506,947.3703,162.97246,219.86006,976.1988,-58.854065,154.14789,979.1846,2.005294
ShoulderFlexion_up40.jpg,273.07782,313.56287,-264.14896,280.81738,303.59366,-238.65347,285.6093,303.65445,-238.66982,290.63358,303.65067,-238.64119,267.62424,303.94394,-234.78764,262.88583,303.91177,-234.54819,258.1465,304.02118,-234.66716,299.12912,312.07275,-115.46591,254.40768,312.33325,-91.71771,283.29178,326.9615,-220.22766,265.2521,326.92313,-213.27408,335.04266,393.7147,-47.4896,226.33102,364.04782,-83.82077,366.18274,485.38828,-27.401289,201.65463,295.1165,-195.80258,387.48907,588.62463,-147.24147,217.67424,202.64853,-265.97137,399.25214,618.82336,-177.2732,223.58154,177.9332,-302.8978,384.63416,624.0183,-217.09985,227.50648,176.86444,-302.49475,374.60785,611.85565,-164.6521,229.63783,186.57536,-272.3336,314.41812,581.17816,-3.6316023,242.77151,582.4901,4.7066474,328.444,743.2636,-60.008812,251.69331,731.42706,-104.801834,334.6196,879.4106,130.78815,241.9225,875.65594,110.98974,333.55157,894.82544,139.3003,242.3897,890.5537,119.889656,334.74966,930.64514,-17.307554,239.4128,929.6859,-31.848278
ShoulderFlexion_up41.jpg,223.83418,264.5706,-135.68509,231.56117,253.71558,-111.86568,236.73164,253.67044,-111.86776,242.13086,253.57692,-111.93227,217.07005,254.19865,-110.8728,211.88866,254.18552,-110.68767,206.71161,254.31071,-110.821655,250.10416,261.28616,1.7982234,201.51302,261.96188,11.873016,234.30013,278.08112,-94.513565,215.16573,278.22055,-91.67947,283.97635,343.6423,40.420246,171.98132,314.1243,-9.340871,307.99823,441.21548,38.5778,153.5393,249.17278,-129.05034,328.80493,537.53033,-103.24961,171.47426,150.43503,-163.6449,340.68652,569.37933,-135.01923,178.26637,125.209175,-194.45601,326.5106,570.57806,-170.18227,181.0076,124.001495,-190.26526,316.30414,557.3609,-120.88354,182.90793,134.01762,-168.10558,265.8999,537.07544,-2.1597269,190.13092,538.14557,3.3232381,285.06183,701.0025,-68.711296,187.16513,695.7243,-66.65265,279.3384,850.9086,96.04388,193.07895,847.8641,104.149254,274.951,868.3037,104.040215,195.22676,865.23706,107.9295,283.95297,903.9803,-32.101738,200.08986,901.8626,-49.016415
ShoulderFlexion_up42.jpg,179.03233,183.3547,-246.79599,184.55775,176.94565,-241.47096,187.71805,177.06264,-241.40872,191.05022,177.14732,-241.41689,176.63216,176.9125,-231.53052,173.74023,176.82698,-231.40166,170.86444,176.88802,-231.45421,198.25339,182.41579,-192.00098,170.43747,181.59393,-143.90256,186.20602,191.61783,-227.7499,175.13354,191.61841,-213.52998,221.9638,235.08145,-182.21909,159.64166,210.80069,-97.25477,229.42119,294.04495,-170.72978,148.2643,169.04675,-104.80808,216.01424,345.57208,-202.28949,155.84734,118.92938,-130.74628,215.754,360.9279,-221.39796,159.17557,104.820625,-148.41565,209.66847,360.24677,-236.96126,162.07652,105.043785,-160.11835,206.06851,353.78278,-207.42426,162.79355,111.07045,-139.57185,201.61604,333.42996,-32.33762,163.42154,330.40668,32.434887,198.52028,403.86673,-70.77494,146.2971,406.7099,45.614975,215.49503,375.76428,211.87206,161.39049,376.45767,332.1463,219.48093,367.7363,244.30309,165.7112,369.86035,363.75656,212.93138,390.0471,260.14084,162.36333,385.08524,383.1778
ShoulderFlexion_up43.jpg,164.88254,193.16646,-183.81615,169.03731,186.10646,-178.34743,171.99184,185.71567,-178.26527,175.11867,185.26286,-178.26591,161.61172,187.16304,-173.1717,158.80647,187.42902,-173.1096,156.04706,187.8093,-173.16225,181.8177,189.36885,-130.49825,155.33781,192.24046,-105.5365,172.24805,199.8447,-165.35812,161.78362,201.38782,-157.74982,211.6556,232.79912,-119.1277,146.25235,224.37427,-89.07848,228.58954,285.81656,-103.03275,137.09099,184.82391,-155.73254,226.77971,340.166,-127.75465,131.25264,132.64308,-222.5497,229.52899,356.0163,-141.18468,130.80289,116.90726,-246.72142,223.02661,357.50522,-157.8562,133.88446,118.079926,-251.1055,218.68451,351.38785,-133.34671,136.2825,123.88873,-229.34175,211.03094,332.6609,-14.238013,174.58508,338.68533,14.408466,221.3609,403.15472,-28.497591,178.39716,417.25452,12.209234,236.06969,373.11014,211.86494,186.12817,386.39844,251.9368,237.55208,364.25394,239.88667,188.0597,378.6426,278.66357,240.36671,387.5205,261.81448,190.65605,395.50095,298.7248
ShoulderFlexion_up44.jpg,206.8406,174.57533,-174.92136,213.20137,169.62128,-172.1526,215.8923,170.51506,-172.07462,218.75232,171.43129,-172.09839,206.45201,167.63211,-163.98845,203.92032,166.77669,-163.8967,201.38788,166.03271,-163.96655,222.44095,177.55988,-137.325,198.96045,169.69531,-96.76708,210.1317,183.81204,-161.32474,200.50932,180.88557,-149.38367,228.44093,231.10663,-143.36526,179.00528,195.60661,-69.62203,219.4765,285.9793,-145.18398,183.25095,155.17775,-102.57248,198.22926,332.4023,-184.25427,203.0566,106.59183,-158.44267,194.81218,348.0151,-206.2828,209.9379,92.561874,-177.18036,186.93542,345.01788,-215.60527,213.75836,93.73471,-185.55435,185.36378,337.48,-187.52155,213.59035,99.7833,-166.73314,185.4401,318.9884,-25.285189,154.09029,308.1382,25.416832,169.7685,383.3254,-26.174795,127.046455,373.24127,37.803444,195.35435,371.7345,166.23401,151.6398,360.97098,236.28021,200.97057,367.48526,187.80692,157.38571,356.66388,258.3499,190.25269,385.1077,189.94135,152.10939,374.05914,270.1922
ShoulderFlexion_up45.jpg,273.02643,189.46628,-172.9399,276.06216,180.84686,-159.70442,279.0259,180.69339,-159.58572,282.0788,180.5704,-159.54375,267.3033,181.3707,-167.9121,263.57712,181.27516,-168.13013,259.9403,181.2989,-168.2924,282.56348,183.76517,-69.64188,253.07048,184.28297,-107.42852,277.4014,196.27686,-137.27493,265.61206,196.77617,-148.29115,294.55005,206.88669,-11.531077,232.53459,231.4305,-96.79547,299.31866,160.58592,-41.048294,230.64333,282.62045,-57.30694,291.0227,110.591446,-101.07982,235.04323,339.8875,-101.04925,289.968,96.30598,-114.384285,232.82188,356.49478,-107.36984,291.01114,99.04089,-121.96927,238.88516,357.21307,-128.93959,291.20544,105.5112,-107.269966,242.63814,349.66843,-107.36126,299.84872,318.51016,27.383236,259.18933,323.80374,-27.311626,308.849,405.38333,3.0193,238.75803,432.6395,-108.012825,285.6082,387.75656,297.92422,236.1434,366.38544,204.59184,282.64584,380.28345,333.2391,237.55432,351.95593,242.58243,280.62454,402.5931,392.08585,232.15108,376.19272,315.0383
ShoulderFlexion_up46.jpg,182.26898,186.41177,-207.94783,187.33858,179.79614,-202.17792,190.34674,179.78409,-202.12079,193.52487,179.74069,-202.12375,179.79904,180.01414,-195.65501,176.93213,179.96568,-195.5604,174.07631,180.04904,-195.59602,199.56609,184.78806,-153.79749,172.75807,184.58272,-120.382996,188.6756,194.11462,-189.47989,177.84677,194.33519,-179.44357,220.47786,235.50554,-145.60481,160.22955,212.77493,-92.16695,226.75285,292.33118,-134.51328,151.64267,167.68748,-138.46335,214.75829,344.90137,-157.9633,158.76721,118.05688,-195.32893,214.0011,359.8776,-174.23839,161.54301,103.17276,-217.33232,208.55731,359.8136,-189.34991,165.82362,103.39134,-223.34753,205.28378,353.4841,-162.9163,167.13774,109.56075,-202.655,200.72243,332.8342,-22.595932,164.93002,330.98538,22.716509,192.26698,398.04974,-39.768257,151.74165,407.6805,45.23414,216.41556,381.21628,190.38898,164.31339,383.66348,291.85406,219.97069,373.98044,216.6244,168.48323,377.77615,318.8231,217.73376,400.3736,224.88089,163.5258,394.73483,332.74347
ShoulderFlexion_up47.jpg,129.5657,136.43379,-210.14738,134.35541,129.27371,-205.53082,137.4599,129.1463,-205.46155,140.71301,129.0142,-205.49422,126.55725,129.48668,-198.88643,123.60522,129.375,-198.76044,120.693375,129.36877,-198.79958,146.42389,132.93431,-157.37297,119.2517,133.06992,-125.72529,136.39029,143.5313,-191.23601,125.3412,143.80164,-181.69229,168.55202,180.61041,-139.22556,107.520096,160.307,-92.341286,175.92995,236.49426,-114.73698,99.14798,128.63628,-153.43898,168.05043,289.27725,-131.89091,106.77271,72.665634,-223.06392,168.84212,306.69183,-145.4251,109.68494,56.455757,-243.2976,161.95662,306.18826,-158.79982,112.649284,57.156765,-247.98022,158.23558,299.09656,-135.76141,114.09947,63.53319,-229.75446,150.23663,273.54962,-20.324009,114.39259,269.3772,20.48538,142.96768,355.9106,-37.55081,105.334755,351.8606,4.8131714,167.05882,341.21213,205.99701,124.293106,338.3244,240.48941,171.8033,334.34106,234.40302,127.70898,332.46106,267.1737,167.56831,359.1362,250.76503,130.75685,354.1181,279.8513
ShoulderFlexion_up48.jpg,193.25409,206.16222,-119.652374,197.83725,198.93298,-114.62006,201.02007,198.44626,-114.55785,204.32365,197.99687,-114.63555,189.7399,200.4723,-102.97667,187.21742,200.8163,-103.08281,184.70425,201.30638,-103.05321,212.22888,201.04514,-71.703964,186.4089,204.82399,-12.065641,202.0197,212.63979,-103.19421,191.72614,214.30998,-86.69542,236.07008,230.59148,-96.088905,176.86093,251.96234,48.936913,231.39775,188.06633,-146.34293,169.51357,306.1838,115.26887,229.25395,142.03693,-129.92566,166.5907,349.77887,82.16504,230.96156,126.42817,-150.04408,166.41052,362.18597,95.815956,232.5154,130.02849,-138.48322,165.46562,363.15457,63.196167,230.35999,135.7847,-126.82205,168.44391,357.7767,70.453415,217.67195,346.87488,-41.877064,180.87144,344.76056,42.04003,210.92404,429.75635,-78.87661,168.1089,422.37332,27.576065,243.09305,404.44217,185.66545,200.99593,401.8443,289.30182,249.491,394.62646,217.98257,207.61078,394.40143,320.40704,246.01765,419.43552,243.35176,206.72678,415.64886,362.70416
ShoulderFlexion_up49.jpg,177.98883,217.43378,-96.74011,181.05922,209.67561,-89.84545,183.89471,208.61066,-89.76708,186.87547,207.55507,-89.84698,173.66028,212.66168,-80.1981,171.29977,213.42722,-80.365715,168.94456,214.33675,-80.32733,195.38533,209.60503,-49.647873,171.80554,217.66379,4.1916246,187.72432,222.50284,-82.11396,178.3754,226.15668,-66.97772,222.61856,233.7501,-54.879932,173.15997,263.52747,51.753113,212.3456,183.22716,-58.961124,177.35423,321.37122,109.17516,201.5421,143.84715,-30.319202,177.59601,365.28214,77.3512,199.1003,133.63727,-43.233456,178.99487,377.46973,94.409386,200.18346,132.16733,-40.593224,177.44229,379.03668,59.320118,200.56822,136.21677,-30.943514,180.10223,374.23306,64.57723,226.62256,356.36526,-38.79661,192.88162,358.88483,38.807068,239.45288,433.3377,-57.839382,200.04791,427.48724,86.25174,263.9505,404.8391,186.74898,227.78496,413.91412,335.72162,266.5931,395.1699,215.18536,229.25606,410.17776,365.1825,273.59622,417.7293,212.37265,237.12213,424.50003,389.3719
ShoulderFlexion_up5.jpg,1511.1803,1214.9148,-1675.4585,1554.221,1140.3356,-1592.9238,1584.3507,1138.6072,-1592.4177,1615.6562,1136.661,-1592.0555,1475.8457,1143.1683,-1572.9286,1447.3219,1141.9098,-1571.9956,1419.2168,1141.2964,-1572.6301,1665.9684,1168.0162,-1086.7859,1400.6497,1172.5009,-961.27814,1573.567,1280.3768,-1489.906,1467.8839,1281.6648,-1454.1863,1815.9268,1586.817,-755.6766,1299.7043,1426.0951,-664.5319,1858.5822,2049.7034,-608.7937,1235.9802,972.94354,-828.81946,1859.6726,2515.9978,-869.45123,1303.4532,519.4674,-924.65717,1884.4535,2603.0198,-918.7341,1362.8634,357.4454,-1043.0111,1891.4296,2625.0498,-1016.05865,1373.5509,367.12958,-1066.19,1843.0952,2587.346,-912.9903,1374.2773,416.915,-978.04675,1630.3755,2388.0244,-58.91268,1331.1006,2382.4773,62.116135,1613.6968,3107.9116,-105.80004,1304.2585,3044.2776,-186.74376,1576.0312,3573.0525,739.04065,1437.8561,3565.8057,761.43854,1554.5588,3602.98,793.5523,1503.1992,3605.8367,820.62756,1577.6262,3896.4575,181.46234,1383.3533,3893.242,196.63768
ShoulderFlexion_up50.jpg,214.63254,195.87988,-121.526184,221.02751,190.09589,-118.099396,224.0495,190.45595,-118.02426,227.1683,190.8929,-118.106705,213.46367,189.35822,-105.96823,211.2302,188.97238,-106.08911,208.96065,188.72662,-106.10431,234.25056,195.05087,-78.900246,210.7504,191.7439,-15.40288,221.04556,203.88237,-106.35722,211.72452,202.82193,-88.50583,249.98204,228.68022,-98.49545,189.25443,231.09328,49.678337,255.85849,191.69586,-147.03642,165.11406,281.83536,124.649506,267.6369,142.68196,-160.2482,147.4084,323.2501,99.58661,273.17166,128.05586,-182.17067,143.42432,334.29993,120.69178,274.40088,129.07553,-177.8558,139.93626,335.39673,81.88216,270.81915,134.4566,-160.68011,144.89093,332.78934,85.598045,201.51653,333.6631,-45.147335,167.2099,322.51056,45.07695,178.76099,408.59268,-77.876274,138.66342,393.6534,54.087322,212.03091,397.5352,165.9161,174.75911,386.677,297.17288,219.10532,391.1081,195.55222,180.58313,382.06143,325.93665,211.80818,412.97336,203.00662,180.0136,401.7056,356.73907
ShoulderFlexion_up51.jpg,305.49185,211.8393,-169.25719,306.27933,203.19865,-153.17856,308.39664,203.36826,-153.02696,310.73218,203.5199,-153.17201,298.84274,202.08888,-164.44159,295.04886,201.2661,-164.31229,291.2713,200.61511,-164.29512,305.83218,205.06065,-64.7062,280.5918,201.76625,-113.32061,305.7426,219.29869,-133.81573,295.7844,217.87338,-148.09743,315.7419,246.81401,-6.464685,260.53912,233.21327,-129.81102,327.5532,298.90097,36.378994,267.66284,188.90617,-224.79741,329.83688,350.9891,-4.1967554,266.76608,142.95879,-247.45357,330.8359,363.9502,1.4226347,267.25632,129.03268,-269.35767,329.4764,365.46725,-24.585949,266.35974,130.72488,-257.3748,326.15802,361.24673,-15.566069,268.87234,136.2483,-246.40324,321.23175,350.84174,31.099976,284.26782,352.885,-30.864845,318.23627,423.796,57.270462,284.29044,436.3707,-58.006653,289.58823,413.24017,340.25735,252.51358,401.67017,250.55704,285.3235,407.29852,370.86752,249.05179,393.73355,284.31308,280.3774,426.6494,374.76102,247.39786,414.26202,302.32816
ShoulderFlexion_up52.jpg,191.8565,210.04076,-158.55888,195.41327,202.02972,-158.8477,198.43428,201.18057,-158.74458,201.59784,200.38716,-158.74686,187.69841,204.2445,-147.12024,185.3126,204.77328,-147.23203,182.94116,205.47818,-147.19305,209.7939,201.78166,-122.06594,185.23177,208.27809,-61.50683,201.27962,215.35439,-142.53313,191.66103,217.95859,-125.65989,236.4759,231.11983,-144.35762,176.12296,252.74472,8.032165,227.3966,197.42316,-233.32901,167.68494,305.51373,82.59547,227.61055,151.5612,-253.84566,159.32303,346.7633,53.565186,229.4746,136.2175,-274.1045,156.42386,357.756,69.78789,230.53859,140.31638,-265.2793,155.90456,360.17322,37.228848,228.47595,146.14995,-251.81187,160.47447,356.06384,42.322807,216.01102,344.52728,-36.98586,179.35797,343.24527,36.99958,213.22627,424.36047,-84.687035,170.28603,426.99753,0.784732,240.87445,403.05652,190.23622,203.56938,399.67444,274.20288,245.91559,394.84525,223.82875,208.48705,391.40292,306.6884,243.35985,418.15018,263.4254,216.04222,411.7052,360.30066
ShoulderFlexion_up53.jpg,139.03021,154.52196,-85.893295,143.4862,148.04713,-82.132126,146.12057,147.67377,-82.01831,148.87715,147.33778,-82.04584,137.2039,149.31288,-70.55632,135.33337,149.55768,-70.757835,133.41087,149.95107,-70.734886,156.93849,152.01707,-54.581882,137.22668,154.46432,6.277397,146.83882,162.29782,-76.17392,138.80618,163.82773,-58.99667,179.59814,183.30493,-64.764084,130.80525,202.56583,44.11668,180.9642,134.86676,-89.03881,121.55136,260.72354,69.82795,176.1542,90.64629,-73.39202,115.419334,310.9641,44.56793,175.9758,78.66813,-91.2807,114.14557,325.0137,56.916763,176.74918,78.023415,-85.90972,115.53865,327.48468,25.701994,176.17528,82.8943,-73.86736,118.70853,322.33734,32.54046,165.52744,306.3709,-40.17609,134.47203,302.5145,40.21152,162.06721,380.32617,-51.9781,126.44784,360.77542,90.12249,196.86726,355.48822,168.05775,164.39287,359.82864,293.9408,200.87189,345.5409,194.54248,167.59215,357.19937,318.15833,208.05609,371.54337,198.0912,172.29475,373.2146,341.00415
ShoulderFlexion_up56.jpg,286.8189,254.60083,33.003754,285.53143,245.45656,40.32812,285.0504,245.7002,40.50197,284.74982,245.86885,40.37199,285.19376,244.1886,17.486816,283.8711,243.22531,17.487278,282.52493,242.41457,17.274841,277.21262,250.75578,85.49944,273.79156,246.75758,-15.193827,282.25952,265.96857,53.196266,280.34427,263.79626,24.121603,258.16257,315.95917,149.2388,254.47266,272.27994,-92.66019,279.1749,402.48767,188.8227,293.78903,197.57065,-192.00598,295.63788,480.01495,141.15486,326.3348,122.20531,-225.98672,299.18085,498.64453,159.76224,334.6229,97.963425,-262.88922,300.20312,502.9008,119.62786,333.69296,99.34482,-238.5791,297.17526,496.41846,123.97994,331.19357,110.81422,-221.69461,242.33485,466.39337,89.70897,239.17729,463.53754,-89.01344,217.49406,591.89246,109.40979,206.13194,609.9363,-78.85878,159.5193,698.71735,207.91524,167.60185,734.9342,-46.82491,140.47469,711.0025,214.16374,149.54897,749.37585,-47.87024,178.05452,742.2402,167.58925,193.92937,783.96295,-130.87868
ShoulderFlexion_up6.jpg,1517.5372,1755.0956,-1714.8215,1564.8956,1665.7814,-1612.539,1601.4651,1665.1405,-1611.673,1639.1919,1664.5223,-1611.6044,1471.017,1664.2025,-1603.9376,1434.3478,1660.6675,-1603.0348,1398.1454,1658.0161,-1603.6572,1686.415,1694.0933,-1000.60706,1360.3491,1686.577,-892.9375,1587.3872,1832.3326,-1481.1829,1455.5404,1827.3224,-1447.8313,1855.6022,2176.4165,-503.66864,1212.3961,1934.4948,-774.56726,1932.8748,2745.0264,-494.86792,1167.9196,1390.3014,-1157.0527,1941.3011,2959.5234,-1236.528,1225.1031,696.6991,-1231.5487,1920.2699,3040.0593,-1374.1978,1258.4751,505.7241,-1345.435,1917.2336,2978.7476,-1411.0854,1269.3043,510.56067,-1328.5372,1888.5697,2935.7358,-1274.9878,1290.5651,567.46716,-1269.7537,1653.4991,3202.8838,5.390126,1251.7823,3149.8806,2.4520438,1601.9218,4120.4487,-103.80331,1319.9008,4025.7754,-243.23038,1530.4749,4793.41,893.59717,1306.4463,4773.2905,719.0769,1499.1199,4863.9863,956.4668,1304.5328,4838.1084,768.5381,1535.6968,5134.8247,292.37238,1336.0516,5151.8486,77.6861
ShoulderFlexion_up63.jpg,314.37732,206.40656,-61.27706,321.85886,197.33482,-81.08743,323.96756,197.07324,-80.91858,326.3083,196.78331,-80.95099,320.9399,198.43462,-46.65111,321.74786,198.66316,-46.508705,322.5345,199.02924,-46.561317,341.40723,202.57764,-131.3105,335.47748,204.55594,26.411398,321.91153,217.63109,-77.279755,319.64932,218.63408,-32.072235,370.5987,271.43582,-197.86043,337.22397,253.93246,104.57682,372.98813,354.51337,-262.39703,336.42358,175.47592,118.16119,332.94904,436.3256,-282.96115,330.23245,103.47776,34.821484,331.3747,460.85056,-315.6041,332.9026,76.452156,5.4465694,313.0472,455.8093,-323.08258,331.39078,77.807144,-11.000506,313.59738,445.54984,-285.05807,331.86847,89.4173,16.517895,341.7156,431.19598,-96.172005,320.8751,432.42917,96.40057,330.67535,568.3669,-58.559387,327.1221,545.75653,127.896996,330.17346,699.8973,14.557746,348.6743,652.6499,216.00089,342.26886,720.1569,18.438898,361.7172,670.82153,221.28056,286.92465,733.65735,-51.44895,320.0933,680.7281,176.94556
ShoulderFlexion_up64.jpg,334.83295,211.3262,-40.697685,327.06982,198.91132,-34.454285,325.89725,198.35635,-34.408302,324.84607,197.75215,-34.21376,327.33972,200.57089,-65.31884,325.23868,201.13268,-65.41581,323.30072,201.78752,-65.59652,314.26233,203.01357,14.044853,312.17938,209.06706,-132.65872,331.0923,222.2583,-19.443653,329.1835,224.29295,-61.48113,315.88538,243.13414,90.81721,291.24792,274.35645,-196.42595,331.7424,173.62872,114.468636,315.15067,352.1554,-245.06686,322.6876,98.70454,79.961426,340.90805,437.65845,-331.82687,323.3098,77.76328,61.45313,340.72815,467.8246,-365.60132,315.88647,78.39614,48.158394,354.15045,462.41925,-384.0172,318.41187,87.74185,68.84855,354.5684,451.0277,-337.6369,345.1616,417.55756,110.6023,324.21515,422.80304,-110.17412,337.06638,546.4409,185.6622,324.2628,558.22064,-130.50598,328.98093,652.3709,278.12488,314.7023,694.68805,-127.0778,318.9952,670.7807,282.26727,299.5565,717.05664,-132.87753,363.94235,678.3402,236.55542,365.4759,730.70044,-233.75104
ShoulderFlexion_up68.jpg,382.84274,420.14017,-143.15613,375.87262,410.1466,-110.03153,377.47864,405.01376,-110.140724,379.1095,399.7329,-110.07153,372.21362,425.58423,-113.44347,370.97217,430.87402,-113.44105,369.88702,436.1361,-113.625854,390.99463,396.10062,22.467056,378.98273,444.91824,13.379417,400.9152,413.9881,-95.92131,395.84024,434.27408,-98.3571,460.21384,383.90152,45.962563,466.70587,497.15518,47.428257,384.45743,350.5001,17.077314,570.0438,542.86053,65.02738,278.3252,319.20816,13.63685,664.2574,594.66046,-6.7570944,248.6421,309.49045,-3.0699556,692.43134,615.39435,11.014318,245.96498,310.86838,-2.878651,694.7571,612.02747,-53.718273,256.59064,312.58035,6.869744,686.45514,598.39233,-31.25517,673.54565,446.70166,-5.3598146,656.3048,516.3821,5.501651,835.9665,495.07523,-57.385147,820.92316,572.651,-14.940961,992.1521,539.39185,24.776703,972.5719,618.3541,54.77209,1010.27716,548.3478,21.961258,995.73773,614.4037,51.29637,1041.2543,554.5599,-134.28273,1012.92285,661.4696,-96.730804
ShoulderFlexion_up69.jpg,1049.013,525.6962,-312.5039,1060.3705,529.2629,-290.32324,1061.0336,533.9975,-290.23526,1061.7256,539.0546,-290.15405,1058.6161,513.31726,-294.10233,1058.2789,507.44714,-293.76328,1057.8577,501.63983,-293.89755,1055.727,540.783,-153.16464,1050.5968,491.807,-175.68842,1036.2759,533.0869,-259.7127,1034.2429,514.18726,-266.08597,960.1289,564.9515,-84.43883,998.84845,462.33197,-99.629166,853.3727,594.4967,-126.3269,1117.9417,442.00842,-122.81951,737.15845,614.90674,-277.74362,1206.9072,454.7388,-111.11212,706.6445,623.64154,-294.1178,1234.9486,457.41974,-130.70493,703.7509,617.4569,-337.03424,1231.5217,462.74756,-126.34402,713.9281,607.8665,-295.18024,1221.4564,464.26385,-117.09302,772.58234,533.69116,9.086256,773.63513,464.2031,-8.492945,598.6799,545.2767,2.5912478,597.999,472.55423,-8.150639,424.19684,544.17126,137.83974,443.02332,464.8903,77.96408,403.56833,531.2345,134.18924,426.01398,465.49246,73.47959,371.0986,557.4899,-77.74,392.19556,479.74258,-123.181366
ShoulderFlexion_up7.jpg,1457.9655,1751.414,-2430.7422,1496.4318,1667.5052,-2341.609,1529.6625,1665.795,-2341.0774,1564.1003,1663.9655,-2341.0847,1407.9183,1670.4531,-2333.19,1373.0035,1668.8124,-2332.033,1338.5504,1668.0793,-2332.2715,1615.536,1692.233,-1723.7106,1304.442,1699.349,-1639.1395,1530.3994,1822.4854,-2190.7422,1405.0092,1823.6202,-2165.2336,1890.2614,2144.5156,-1135.4473,1184.2167,1995.0299,-1402.0571,2075.0286,2712.1763,-741.30334,1072.9067,1443.6489,-1988.9612,2108.0945,3228.612,-1151.0142,985.7915,747.46893,-2256.8518,2108.3828,3393.1064,-1247.4641,967.57056,546.62396,-2387.214,2052.7214,3382.935,-1361.1823,991.06903,556.6746,-2389.843,2008.9148,3316.8606,-1196.5101,1032.0159,618.72485,-2290.1897,1853.5175,3179.871,-3.7998774,1432.6808,3201.8838,11.138429,1880.6039,4078.3743,161.45628,1594.0221,4042.9724,-72.00725,1928.3522,4759.4375,1236.6587,1618.4792,4765.4253,1123.9714,1911.5524,4828.1025,1302.9642,1623.6366,4815.662,1197.6173,1965.3252,5078.0405,567.6638,1662.3538,5133.113,503.2149
ShoulderFlexion_up74.jpg,415.65887,335.2154,-194.3883,404.31924,323.68347,-175.9057,405.54843,317.28183,-175.71115,406.82837,310.5573,-175.67436,400.96927,341.47513,-169.83623,399.43005,347.79666,-169.63828,397.9802,354.08615,-169.78279,416.60355,303.47247,-79.890114,403.594,362.13602,-44.309113,433.24344,326.77066,-158.40886,428.15793,349.73386,-147.73058,515.79706,295.6768,-56.023407,457.46988,403.87537,17.075108,632.2857,306.39987,-82.66162,370.79498,404.00955,-6.5091743,746.5158,335.65143,-164.61322,240.01479,359.0781,-35.506027,779.1583,335.53058,-178.22748,201.4047,340.6628,-44.335003,781.40247,351.24133,-208.26042,196.01299,343.34457,-45.978275,767.89935,357.7702,-176.22646,211.37968,346.20322,-46.40083,689.4631,386.5538,-20.5467,667.99396,459.4932,20.967669,863.57764,440.1377,-63.658672,838.2773,513.11664,0.75399077,1013.78467,478.4088,74.35334,996.1367,549.0537,111.07257,1025.8959,488.10587,77.451035,1017.3454,543.5828,111.15363,1078.7416,501.6162,-89.28997,1053.4924,577.36865,-44.67876
ShoulderFlexion_up8.jpg,1586.2012,1750.801,-1609.6509,1658.9962,1692.3737,-1502.7653,1692.1029,1704.487,-1502.2546,1726.4249,1716.9021,-1502.1002,1575.1715,1660.1261,-1484.9001,1543.2059,1645.3756,-1483.9946,1511.3555,1631.4427,-1484.6569,1754.2482,1773.1985,-945.44135,1463.7383,1656.8884,-792.29297,1619.4116,1849.6761,-1404.8292,1499.9084,1800.892,-1360.1866,1780.6443,2272.116,-593.3862,1191.593,1904.1217,-654.8555,1721.2444,2820.1648,-429.5652,1309.2699,1342.7708,-1020.2216,1540.4341,3225.291,-725.4352,1561.8468,727.78766,-1056.0494,1477.836,3339.8074,-764.08704,1658.8524,553.25574,-1179.1443,1462.9403,3337.5066,-855.3056,1668.8217,568.9733,-1130.6914,1446.6073,3278.1663,-771.7485,1667.8116,631.8332,-1088.7056,1333.7351,3183.2664,-141.96689,935.202,3083.0564,148.22598,1078.7427,3995.409,-411.97244,797.21265,3905.2566,-35.047855,1001.30383,4655.484,344.9673,753.1988,4600.1323,846.7785,992.45667,4715.7285,383.69333,780.7326,4660.3667,889.30646,879.11597,4979.7705,-293.07098,675.6117,4965.6743,216.4144
ShoulderFlexion_up84.jpg,734.18274,207.63258,-464.1638,739.8285,197.05438,-435.0718,743.9319,196.46156,-434.82242,748.285,195.80928,-434.62234,727.54895,198.79184,-435.24622,723.08716,199.1478,-435.03775,718.6467,199.6774,-435.28723,754.3483,202.85962,-255.37877,714.4048,207.09271,-263.23712,743.31335,218.13457,-398.18942,727.5909,219.807,-399.3226,779.12646,276.5024,-123.26764,700.9284,247.17961,-193.29987,803.5217,353.22482,-62.622623,694.46405,159.23082,-324.11212,806.19666,441.49185,-161.94312,694.1845,89.296104,-487.10156,812.96246,461.10666,-177.59431,695.9436,64.08744,-561.7532,805.9027,469.21063,-238.42365,700.02295,69.98173,-566.05084,799.9132,463.57132,-187.09697,701.07074,80.89974,-502.0888,757.8958,424.0646,26.82331,705.02405,424.28036,-26.336033,751.07904,560.05225,170.15692,721.5941,553.1715,-53.148712,761.41693,666.29083,570.06287,733.119,673.2855,200.61488,761.6586,679.98224,598.3948,740.8742,690.287,208.54178,758.1669,702.4275,378.7857,731.1129,706.88556,-40.992397
ShoulderFlexion_up85.jpg,692.2453,206.85493,-394.69696,695.97394,195.21115,-363.6647,700.012,194.0829,-363.43143,704.2457,192.86821,-363.2979,683.83215,198.54382,-369.31842,679.21643,199.52467,-369.10995,674.6485,200.67976,-369.3293,710.47217,199.03737,-190.49501,670.50256,208.75864,-220.88223,702.6025,216.78748,-330.6054,686.9346,220.57726,-339.0376,749.5166,270.98764,-50.16487,660.06506,254.09111,-159.62036,782.6447,342.92737,17.559195,635.9718,172.18881,-276.1374,795.30164,425.888,-78.87328,632.0739,95.72056,-380.34265,803.8601,444.93433,-88.173225,630.861,69.74583,-440.029,801.492,453.36423,-146.32187,633.9251,74.84144,-443.67218,794.4093,447.9014,-103.15528,636.9122,85.51124,-393.0227,756.5595,417.50894,29.478657,703.21106,424.91238,-28.95444,773.5414,554.74945,120.3047,740.30145,547.47864,-40.613148,802.8872,653.10065,459.44876,771.297,663.1906,207.32193,805.94946,667.3985,481.79318,780.9427,678.8192,216.9811,807.2357,687.55707,292.19235,771.9634,700.1365,3.9271848
ShoulderFlexion_up97.jpg,435.56516,398.4534,-853.821,449.36636,373.1565,-807.44885,460.10794,372.54538,-807.3618,471.07623,371.9193,-806.94867,418.8683,376.61234,-811.4272,407.41455,377.39432,-811.6357,396.10248,378.57108,-812.01404,487.91092,387.88916,-512.33704,383.5629,397.65463,-525.22504,459.65094,424.6363,-745.1975,417.12137,428.31235,-749.45374,558.2722,484.20233,-395.66257,339.72623,575.7243,-353.98557,591.97565,324.25848,-551.2567,340.02658,754.61774,-268.08804,561.78436,91.28855,-678.50995,363.09195,938.6939,-390.41946,550.61127,17.862507,-755.8922,359.1547,987.97076,-400.6899,546.9584,10.535664,-741.41266,373.54468,987.8059,-495.16327,555.16,37.85199,-690.42163,389.74072,964.44183,-424.45795,607.02954,861.0096,5.185776,472.70117,889.1985,-4.9328036,633.5357,1137.8147,-6.556831,537.35236,1159.6213,8.109587,663.5442,1379.056,319.86212,582.56714,1393.5582,353.37372,656.72363,1407.3004,335.71866,589.5831,1418.8173,369.89084,688.11584,1480.7433,60.058826,609.43634,1499.9341,79.142815
ShoulderFlexion_up98.jpg,619.6325,383.75854,-846.19055,637.7655,368.57526,-791.1914,646.7018,371.61533,-791.0526,655.8471,374.73444,-790.67334,610.6964,361.61575,-797.33496,600.513,358.8038,-797.507,590.3549,356.36942,-797.77924,661.07104,396.2157,-488.16904,570.9507,370.7876,-506.9212,629.6702,415.1983,-737.10876,592.762,404.55045,-743.2705,689.43304,520.8135,-395.81174,458.78458,513.43463,-341.05524,780.64026,396.69592,-576.30676,382.88513,665.08954,-243.25569,856.72363,195.01689,-747.1774,323.15924,849.995,-341.43146,878.41266,129.80469,-826.02057,300.93097,894.99,-335.05835,878.37573,124.66124,-816.7356,308.61896,904.01715,-430.55423,872.50616,149.15407,-760.6906,332.38498,889.1983,-376.09656,569.1638,873.3784,-6.5001936,439.12857,840.7076,6.5559316,467.13855,1150.3395,7.923389,371.696,1131.6138,2.3130214,390.25894,1385.3247,323.06482,305.22308,1360.5303,319.1566,371.6826,1405.7587,338.67215,302.12607,1383.1228,332.23386,368.62924,1490.4287,35.829563,276.125,1467.7195,16.45273
ShoulderFlexion_up99.jpg,554.42206,372.17966,-703.2178,566.4333,350.47363,-658.9522,576.4264,349.43994,-658.9491,586.9242,348.30954,-658.98883,537.6514,354.8816,-658.03217,527.2455,356.30408,-657.65436,516.94196,358.0854,-658.2094,603.3043,367.23886,-407.74332,507.36902,378.66205,-381.80185,577.71875,398.9233,-610.4506,539.5406,403.48026,-603.1139,677.7694,538.3498,-248.517,467.93542,488.5904,-247.80411,710.4783,718.574,-94.6407,404.10413,313.6319,-335.51648,693.4689,881.37103,-205.68056,384.01794,113.70796,-442.13626,692.80194,931.67706,-244.92838,378.78778,56.775875,-506.3189,676.9513,929.5685,-312.10486,392.96033,51.065037,-532.9614,666.04047,908.8425,-234.52997,400.6097,71.097984,-471.4888,630.89014,876.8176,-18.375927,495.00427,885.25256,19.346775,624.8437,1163.7867,-30.507595,498.33704,1166.8524,21.366014,604.6132,1421.8623,278.2403,500.4438,1427.4117,369.5796,593.2503,1451.765,288.0401,510.4848,1453.9294,383.69293,606.1961,1527.2638,-45.294495,500.06473,1534.1653,65.90152
